-- phpMyAdmin SQL Dump
-- version 5.0.2
-- https://www.phpmyadmin.net/
--
-- Host: 127.0.0.1:3306
-- Generation Time: Sep 27, 2021 at 05:47 PM
-- Server version: 5.7.31
-- PHP Version: 7.3.21

SET SQL_MODE = "NO_AUTO_VALUE_ON_ZERO";
START TRANSACTION;
SET time_zone = "+00:00";


/*!40101 SET @OLD_CHARACTER_SET_CLIENT=@@CHARACTER_SET_CLIENT */;
/*!40101 SET @OLD_CHARACTER_SET_RESULTS=@@CHARACTER_SET_RESULTS */;
/*!40101 SET @OLD_COLLATION_CONNECTION=@@COLLATION_CONNECTION */;
/*!40101 SET NAMES utf8mb4 */;

--
-- Database: `blogosistema`
--

-- --------------------------------------------------------

--
-- Table structure for table `kategorijos`
--

DROP TABLE IF EXISTS `kategorijos`;
CREATE TABLE IF NOT EXISTS `kategorijos` (
  `ID` int(4) NOT NULL AUTO_INCREMENT,
  `pavadinimas` varchar(120) COLLATE utf8_lithuanian_ci NOT NULL,
  `aprasymas` varchar(120) COLLATE utf8_lithuanian_ci NOT NULL,
  `tevinis_id` varchar(120) COLLATE utf8_lithuanian_ci NOT NULL,
  `rodyti` int(11) NOT NULL,
  PRIMARY KEY (`ID`)
) ENGINE=MyISAM AUTO_INCREMENT=11 DEFAULT CHARSET=utf8 COLLATE=utf8_lithuanian_ci;

--
-- Dumping data for table `kategorijos`
--

INSERT INTO `kategorijos` (`ID`, `pavadinimas`, `aprasymas`, `tevinis_id`, `rodyti`) VALUES
(1, 'pavadinimas0', 'aprasymas0', '0', 1),
(2, 'pavadinimas1', 'aprasymas1', '0', 1),
(3, 'pavadinimas2', 'aprasymas2', '0', 1),
(4, 'pavadinimas3', 'aprasymas3', '0', 1),
(5, 'pavadinimas4', 'aprasymas4', '0', 1),
(6, 'pavadinimas5', 'aprasymas5', '0', 1),
(7, 'pavadinimas6', 'aprasymas6', '0', 1),
(8, 'pavadinimas7', 'aprasymas7', '5', 1),
(9, 'pavadinimas8', 'aprasymas8', '0', 0),
(10, 'pavadinimas9', 'aprasymas9', '0', 0);

-- --------------------------------------------------------

--
-- Table structure for table `menu`
--

DROP TABLE IF EXISTS `menu`;
CREATE TABLE IF NOT EXISTS `menu` (
  `ID` int(4) NOT NULL AUTO_INCREMENT,
  `pavadinimas` varchar(120) COLLATE utf8_lithuanian_ci NOT NULL,
  `nuoroda` varchar(120) COLLATE utf8_lithuanian_ci NOT NULL,
  `target` varchar(120) COLLATE utf8_lithuanian_ci NOT NULL,
  `alt` varchar(120) COLLATE utf8_lithuanian_ci NOT NULL,
  PRIMARY KEY (`ID`)
) ENGINE=MyISAM DEFAULT CHARSET=utf8 COLLATE=utf8_lithuanian_ci;

-- --------------------------------------------------------

--
-- Table structure for table `nustatymai`
--

DROP TABLE IF EXISTS `nustatymai`;
CREATE TABLE IF NOT EXISTS `nustatymai` (
  `ID` int(11) NOT NULL AUTO_INCREMENT,
  `reiksme` int(11) NOT NULL,
  `pavadinimas` varchar(120) COLLATE utf8_lithuanian_ci NOT NULL,
  PRIMARY KEY (`ID`)
) ENGINE=MyISAM AUTO_INCREMENT=2 DEFAULT CHARSET=utf8 COLLATE=utf8_lithuanian_ci;

--
-- Dumping data for table `nustatymai`
--

INSERT INTO `nustatymai` (`ID`, `reiksme`, `pavadinimas`) VALUES
(1, 1, 'sidebar');

-- --------------------------------------------------------

--
-- Table structure for table `puslapiai`
--

DROP TABLE IF EXISTS `puslapiai`;
CREATE TABLE IF NOT EXISTS `puslapiai` (
  `ID` int(4) NOT NULL AUTO_INCREMENT,
  `pavadinimas` varchar(120) COLLATE utf8_lithuanian_ci NOT NULL,
  `nuoroda` varchar(120) COLLATE utf8_lithuanian_ci NOT NULL,
  `turinys` text COLLATE utf8_lithuanian_ci NOT NULL,
  `santrauka` varchar(120) COLLATE utf8_lithuanian_ci NOT NULL,
  `kategorijos_id` int(4) NOT NULL,
  PRIMARY KEY (`ID`)
) ENGINE=MyISAM AUTO_INCREMENT=151 DEFAULT CHARSET=utf8 COLLATE=utf8_lithuanian_ci;

--
-- Dumping data for table `puslapiai`
--

INSERT INTO `puslapiai` (`ID`, `pavadinimas`, `nuoroda`, `turinys`, `santrauka`, `kategorijos_id`) VALUES
(150, 'naujas', 'nuoroda49', '83e dde6b9 f531b1111d26 cb5 0f68 f2117cf6477c8bcbd7c75 801dd5 d0388bb15b75746fc45084407b62bee157de21b00 7ed73ffcb4375739d8 d8fe79e5c491641686318cbb1740217c3f7fdf1c0d5 46f6be948e e4d6cf28e69e880d0c  6b4f5e74361 e19619935ff3567001f7bef45615426257 14075026f1c7261dec83977b3e9d51433 77b7cfffc88661640f5c8c980bbff2173be49 0794e4f45 4028f87e d6 e56dd197ed7156f8611279b4e674e2bccd15e 4e4f 2b ee74f6db2877c8b363985f7b3622c025253d97e13b1944de28281248788bf7c8c6bcc2 95fe 4f8e1621cfee48e475100146008b4 6 012104f4879d936d3 438dfd9fee0c675 0 dcfbb623fd8fd772e4f171ed2b8cc6e  6 be0364674410312839c2e73c915d72341457 eed8f8f 4e381cc9d74c379970edd3bcbf9 229c248bfc 9 06 4583 3192e2400356eec0 672fb 14d2f2d7b2 dcf537e0dcbb7d119719d68e6080b55636cc9def98d8b8 e7075f436bd8673f2d1d09df7d66e6480636ec3f0228d db082f1ff25e8f0984 04237d8b745ef5c75bfe8  b6f7ce9571269b8449b1bb 358 5b72389c69404 1d67db620016 5d582bf80c0eb3034f 5e81908dc345392212312c0d165c505 9d2b7f8083cc9132 9738 2434cb3e742be28b7f8 b1 36966f9018bbd152dde2fc19e e 85fb9dd2  d202d59ce7067ded4b0960c32cc0291 5d 43944cdc4262e5c17557bf75f4f5e4358d320d10bb235dfdf2f13926d92f299cd94660f  5456573 b0 587559bc49d111b2389d f10fb9379  3d8 7 f4fbef9c2158b93d41dcbe7e9c36c c98c703e1f26d3b2b19dc136402db6ec946df 9 0  d10368bbd83723206838d3de5510  f55568827b31704bf006167e6867e152fc548091cb01b29768b82e193d580f723d 350e1e 960d9 899130cbcc46 3 1b4843b3e79bd 8250edd684f68c742f7535b06fbb2963062b6 b566456044ec8572dcf316 66c43575fd964ef522d7e6 f3b1183e44e349d905 0 b0e3c59c63 6561 0469e32bb64584cff80836f69f6c e 3c694d2 ee428e93171502188fc9e  9c5f8c5f4cf4 75250cf0f7e1754db2db6d002d6e4dfdd f364329cf4b2c56112c665b9ff4914e131111bd0e6 6 d76e5dee6cd84e9f7d0597db9581014f43855d2 5c1c9d6f2c906f3 6fd0f197839d cff4ed47f76 f4688b4e651565f4fb67398 668418341d c9947f49dd8219034c920148c0e352db0e7c8e5610b292 5f201 9103d401  037e5b0d3 4f 82 3de83887c88e74555f55f73b 19f686c2c1e6bb2535c707b7e420d370250bf22 6cf8081c93026c50529db 3c671b84c0bc704e4e8e693218f05e8842341  f4c738e2e158b34dfec43b4101ef1e3bb011cb55 b24f647e917237 0d338c6f7f95c917 18bc2fe3c9dcd79d70fb68e4f4 8 15fcb27424e1f6108573bb069933b937cc184 e7 d7f0 c5fcccf560d74dc4127b 103 1005492848feeb7c4d0e715 31393d71 1007e2 341fc32 80e10286b768d1539cc576f961 b716817de5292974f2689922001f5b9cfedd18d4ccb7c7de1fde14c466fb637ee1d8e5205175c43523b7be37c46783f12c 1e5ffe0d70 d7fb60 ed0c2c74 6cc4d22cce6f778 7 24b44420c20212c2ec8d51e 44 059c76370 d5 2e7fc2381e 71 29b293bbeb14359592fcf62eb3909d3b0 8620592 13bbf00444 1f3b185ce4 3817c79 3 4666feb1fb3331d4725435510f71d315bfbb5c9e e8139c966167bdede2f5463389454d48d840798252c21b694f859f81f1d7b417b9e795c7d038653713d4055860 1530f5408 ee616e192  1c7474446b701 1d64bc587cd200fc563e699fcbf7b7dbb9358141c f 972c6e0887d58e3 774638d54cdc21005  7eb8724d97c8967b62959063316f00d 84f66e25 29b8e3b234c8ed 935664fb1 2e853 604026508fedd694e8 7d116d66c6511e9e1058441e3b8f7485f03be634db9e3d3d2621 dff6484567 9730ee28d8fbb1d0dd73 d4d4b920 f22f6 dc332d7f 961 f41b204f6c3 0 36 9e6f48c37d1f426cc42d20 4e4edc7b65efb9b1e92f738db81  62080be371e 54cf22419d49db309 8 f2c13 4d d0 ef8d971ee3e960190 f9f9cc978bf82501 f432ddb83 1b3ebe18d12  b71d336dd79f54fbf7748753622fe 0570b517f04582794d5e94e12d52f25cc17d53 1b05127ce9', '87b769c171cdd 43466f1 1b1d196fc', 4),
(149, 'lalalala', 'nuoroda48', '83e dde6b9 f531b1111d26 cb5 0f68 f2117cf6477c8bcbd7c75 801dd5 d0388bb15b75746fc45084407b62bee157de21b00 7ed73ffcb4375739d8 d8fe79e5c491641686318cbb1740217c3f7fdf1c0d5 46f6be948e e4d6cf28e69e880d0c  6b4f5e74361 e19619935ff3567001f7bef45615426257 14075026f1c7261dec83977b3e9d51433 77b7cfffc88661640f5c8c980bbff2173be49 0794e4f45 4028f87e d6 e56dd197ed7156f8611279b4e674e2bccd15e 4e4f 2b ee74f6db2877c8b363985f7b3622c025253d97e13b1944de28281248788bf7c8c6bcc2 95fe 4f8e1621cfee48e475100146008b4 6 012104f4879d936d3 438dfd9fee0c675 0 dcfbb623fd8fd772e4f171ed2b8cc6e  6 be0364674410312839c2e73c915d72341457 eed8f8f 4e381cc9d74c379970edd3bcbf9 229c248bfc 9 06 4583 3192e2400356eec0 672fb 14d2f2d7b2 dcf537e0dcbb7d119719d68e6080b55636cc9def98d8b8 e7075f436bd8673f2d1d09df7d66e6480636ec3f0228d db082f1ff25e8f0984 04237d8b745ef5c75bfe8  b6f7ce9571269b8449b1bb 358 5b72389c69404 1d67db620016 5d582bf80c0eb3034f 5e81908dc345392212312c0d165c505 9d2b7f8083cc9132 9738 2434cb3e742be28b7f8 b1 36966f9018bbd152dde2fc19e e 85fb9dd2  d202d59ce7067ded4b0960c32cc0291 5d 43944cdc4262e5c17557bf75f4f5e4358d320d10bb235dfdf2f13926d92f299cd94660f  5456573 b0 587559bc49d111b2389d f10fb9379  3d8 7 f4fbef9c2158b93d41dcbe7e9c36c c98c703e1f26d3b2b19dc136402db6ec946df 9 0  d10368bbd83723206838d3de5510  f55568827b31704bf006167e6867e152fc548091cb01b29768b82e193d580f723d 350e1e 960d9 899130cbcc46 3 1b4843b3e79bd 8250edd684f68c742f7535b06fbb2963062b6 b566456044ec8572dcf316 66c43575fd964ef522d7e6 f3b1183e44e349d905 0 b0e3c59c63 6561 0469e32bb64584cff80836f69f6c e 3c694d2 ee428e93171502188fc9e  9c5f8c5f4cf4 75250cf0f7e1754db2db6d002d6e4dfdd f364329cf4b2c56112c665b9ff4914e131111bd0e6 6 d76e5dee6cd84e9f7d0597db9581014f43855d2 5c1c9d6f2c906f3 6fd0f197839d cff4ed47f76 f4688b4e651565f4fb67398 668418341d c9947f49dd8219034c920148c0e352db0e7c8e5610b292 5f201 9103d401  037e5b0d3 4f 82 3de83887c88e74555f55f73b 19f686c2c1e6bb2535c707b7e420d370250bf22 6cf8081c93026c50529db 3c671b84c0bc704e4e8e693218f05e8842341  f4c738e2e158b34dfec43b4101ef1e3bb011cb55 b24f647e917237 0d338c6f7f95c917 18bc2fe3c9dcd79d70fb68e4f4 8 15fcb27424e1f6108573bb069933b937cc184 e7 d7f0 c5fcccf560d74dc4127b 103 1005492848feeb7c4d0e715 31393d71 1007e2 341fc32 80e10286b768d1539cc576f961 b716817de5292974f2689922001f5b9cfedd18d4ccb7c7de1fde14c466fb637ee1d8e5205175c43523b7be37c46783f12c 1e5ffe0d70 d7fb60 ed0c2c74 6cc4d22cce6f778 7 24b44420c20212c2ec8d51e 44 059c76370 d5 2e7fc2381e 71 29b293bbeb14359592fcf62eb3909d3b0 8620592 13bbf00444 1f3b185ce4 3817c79 3 4666feb1fb3331d4725435510f71d315bfbb5c9e e8139c966167bdede2f5463389454d48d840798252c21b694f859f81f1d7b417b9e795c7d038653713d4055860 1530f5408 ee616e192  1c7474446b701 1d64bc587cd200fc563e699fcbf7b7dbb9358141c f 972c6e0887d58e3 774638d54cdc21005  7eb8724d97c8967b62959063316f00d 84f66e25 29b8e3b234c8ed 935664fb1 2e853 604026508fedd694e8 7d116d66c6511e9e1058441e3b8f7485f03be634db9e3d3d2621 dff6484567 9730ee28d8fbb1d0dd73 d4d4b920 f22f6 dc332d7f 961 f41b204f6c3 0 36 9e6f48c37d1f426cc42d20 4e4edc7b65efb9b1e92f738db81  62080be371e 54cf22419d49db309 8 f2c13 4d d0 ef8d971ee3e960190 f9f9cc978bf82501 f432ddb83 1b3ebe18d12  b71d336dd79f54fbf7748753622fe 0570b517f04582794d5e94e12d52f25cc17d53 1b05127ce9', '87b769c171cdd 43466f1  1b1d196fc', 4),
(148, 'naujas1', 'nuoroda47', '83e dde6b9 f531b1111d26 cb5 0f68 f2117cf6477c8bcbd7c75 801dd5 d0388bb15b75746fc45084407b62bee157de21b00 7ed73ffcb4375739d8 d8fe79e5c491641686318cbb1740217c3f7fdf1c0d5 46f6be948e e4d6cf28e69e880d0c  6b4f5e74361 e19619935ff3567001f7bef45615426257 14075026f1c7261dec83977b3e9d51433 77b7cfffc88661640f5c8c980bbff2173be49 0794e4f45 4028f87e d6 e56dd197ed7156f8611279b4e674e2bccd15e 4e4f 2b ee74f6db2877c8b363985f7b3622c025253d97e13b1944de28281248788bf7c8c6bcc2 95fe 4f8e1621cfee48e475100146008b4 6 012104f4879d936d3 438dfd9fee0c675 0 dcfbb623fd8fd772e4f171ed2b8cc6e  6 be0364674410312839c2e73c915d72341457 eed8f8f 4e381cc9d74c379970edd3bcbf9 229c248bfc 9 06 4583 3192e2400356eec0 672fb 14d2f2d7b2 dcf537e0dcbb7d119719d68e6080b55636cc9def98d8b8 e7075f436bd8673f2d1d09df7d66e6480636ec3f0228d db082f1ff25e8f0984 04237d8b745ef5c75bfe8  b6f7ce9571269b8449b1bb 358 5b72389c69404 1d67db620016 5d582bf80c0eb3034f 5e81908dc345392212312c0d165c505 9d2b7f8083cc9132 9738 2434cb3e742be28b7f8 b1 36966f9018bbd152dde2fc19e e 85fb9dd2  d202d59ce7067ded4b0960c32cc0291 5d 43944cdc4262e5c17557bf75f4f5e4358d320d10bb235dfdf2f13926d92f299cd94660f  5456573 b0 587559bc49d111b2389d f10fb9379  3d8 7 f4fbef9c2158b93d41dcbe7e9c36c c98c703e1f26d3b2b19dc136402db6ec946df 9 0  d10368bbd83723206838d3de5510  f55568827b31704bf006167e6867e152fc548091cb01b29768b82e193d580f723d 350e1e 960d9 899130cbcc46 3 1b4843b3e79bd 8250edd684f68c742f7535b06fbb2963062b6 b566456044ec8572dcf316 66c43575fd964ef522d7e6 f3b1183e44e349d905 0 b0e3c59c63 6561 0469e32bb64584cff80836f69f6c e 3c694d2 ee428e93171502188fc9e  9c5f8c5f4cf4 75250cf0f7e1754db2db6d002d6e4dfdd f364329cf4b2c56112c665b9ff4914e131111bd0e6 6 d76e5dee6cd84e9f7d0597db9581014f43855d2 5c1c9d6f2c906f3 6fd0f197839d cff4ed47f76 f4688b4e651565f4fb67398 668418341d c9947f49dd8219034c920148c0e352db0e7c8e5610b292 5f201 9103d401  037e5b0d3 4f 82 3de83887c88e74555f55f73b 19f686c2c1e6bb2535c707b7e420d370250bf22 6cf8081c93026c50529db 3c671b84c0bc704e4e8e693218f05e8842341  f4c738e2e158b34dfec43b4101ef1e3bb011cb55 b24f647e917237 0d338c6f7f95c917 18bc2fe3c9dcd79d70fb68e4f4 8 15fcb27424e1f6108573bb069933b937cc184 e7 d7f0 c5fcccf560d74dc4127b 103 1005492848feeb7c4d0e715 31393d71 1007e2 341fc32 80e10286b768d1539cc576f961 b716817de5292974f2689922001f5b9cfedd18d4ccb7c7de1fde14c466fb637ee1d8e5205175c43523b7be37c46783f12c 1e5ffe0d70 d7fb60 ed0c2c74 6cc4d22cce6f778 7 24b44420c20212c2ec8d51e 44 059c76370 d5 2e7fc2381e 71 29b293bbeb14359592fcf62eb3909d3b0 8620592 13bbf00444 1f3b185ce4 3817c79 3 4666feb1fb3331d4725435510f71d315bfbb5c9e e8139c966167bdede2f5463389454d48d840798252c21b694f859f81f1d7b417b9e795c7d038653713d4055860 1530f5408 ee616e192  1c7474446b701 1d64bc587cd200fc563e699fcbf7b7dbb9358141c f 972c6e0887d58e3 774638d54cdc21005  7eb8724d97c8967b62959063316f00d 84f66e25 29b8e3b234c8ed 935664fb1 2e853 604026508fedd694e8 7d116d66c6511e9e1058441e3b8f7485f03be634db9e3d3d2621 dff6484567 9730ee28d8fbb1d0dd73 d4d4b920 f22f6 dc332d7f 961 f41b204f6c3 0 36 9e6f48c37d1f426cc42d20 4e4edc7b65efb9b1e92f738db81  62080be371e 54cf22419d49db309 8 f2c13 4d d0 ef8d971ee3e960190 f9f9cc978bf82501 f432ddb83 1b3ebe18d12  b71d336dd79f54fbf7748753622fe 0570b517f04582794d5e94e12d52f25cc17d53 1b05127ce9', '87b769c171cdd 43466f1  1b1d196fc', 5),
(147, 'xdddx', 'nuoroda46', '83e dde6b9 f531b1111d26 cb5 0f68 f2117cf6477c8bcbd7c75 801dd5 d0388bb15b75746fc45084407b62bee157de21b00 7ed73ffcb4375739d8 d8fe79e5c491641686318cbb1740217c3f7fdf1c0d5 46f6be948e e4d6cf28e69e880d0c  6b4f5e74361 e19619935ff3567001f7bef45615426257 14075026f1c7261dec83977b3e9d51433 77b7cfffc88661640f5c8c980bbff2173be49 0794e4f45 4028f87e d6 e56dd197ed7156f8611279b4e674e2bccd15e 4e4f 2b ee74f6db2877c8b363985f7b3622c025253d97e13b1944de28281248788bf7c8c6bcc2 95fe 4f8e1621cfee48e475100146008b4 6 012104f4879d936d3 438dfd9fee0c675 0 dcfbb623fd8fd772e4f171ed2b8cc6e  6 be0364674410312839c2e73c915d72341457 eed8f8f 4e381cc9d74c379970edd3bcbf9 229c248bfc 9 06 4583 3192e2400356eec0 672fb 14d2f2d7b2 dcf537e0dcbb7d119719d68e6080b55636cc9def98d8b8 e7075f436bd8673f2d1d09df7d66e6480636ec3f0228d db082f1ff25e8f0984 04237d8b745ef5c75bfe8  b6f7ce9571269b8449b1bb 358 5b72389c69404 1d67db620016 5d582bf80c0eb3034f 5e81908dc345392212312c0d165c505 9d2b7f8083cc9132 9738 2434cb3e742be28b7f8 b1 36966f9018bbd152dde2fc19e e 85fb9dd2  d202d59ce7067ded4b0960c32cc0291 5d 43944cdc4262e5c17557bf75f4f5e4358d320d10bb235dfdf2f13926d92f299cd94660f  5456573 b0 587559bc49d111b2389d f10fb9379  3d8 7 f4fbef9c2158b93d41dcbe7e9c36c c98c703e1f26d3b2b19dc136402db6ec946df 9 0  d10368bbd83723206838d3de5510  f55568827b31704bf006167e6867e152fc548091cb01b29768b82e193d580f723d 350e1e 960d9 899130cbcc46 3 1b4843b3e79bd 8250edd684f68c742f7535b06fbb2963062b6 b566456044ec8572dcf316 66c43575fd964ef522d7e6 f3b1183e44e349d905 0 b0e3c59c63 6561 0469e32bb64584cff80836f69f6c e 3c694d2 ee428e93171502188fc9e  9c5f8c5f4cf4 75250cf0f7e1754db2db6d002d6e4dfdd f364329cf4b2c56112c665b9ff4914e131111bd0e6 6 d76e5dee6cd84e9f7d0597db9581014f43855d2 5c1c9d6f2c906f3 6fd0f197839d cff4ed47f76 f4688b4e651565f4fb67398 668418341d c9947f49dd8219034c920148c0e352db0e7c8e5610b292 5f201 9103d401  037e5b0d3 4f 82 3de83887c88e74555f55f73b 19f686c2c1e6bb2535c707b7e420d370250bf22 6cf8081c93026c50529db 3c671b84c0bc704e4e8e693218f05e8842341  f4c738e2e158b34dfec43b4101ef1e3bb011cb55 b24f647e917237 0d338c6f7f95c917 18bc2fe3c9dcd79d70fb68e4f4 8 15fcb27424e1f6108573bb069933b937cc184 e7 d7f0 c5fcccf560d74dc4127b 103 1005492848feeb7c4d0e715 31393d71 1007e2 341fc32 80e10286b768d1539cc576f961 b716817de5292974f2689922001f5b9cfedd18d4ccb7c7de1fde14c466fb637ee1d8e5205175c43523b7be37c46783f12c 1e5ffe0d70 d7fb60 ed0c2c74 6cc4d22cce6f778 7 24b44420c20212c2ec8d51e 44 059c76370 d5 2e7fc2381e 71 29b293bbeb14359592fcf62eb3909d3b0 8620592 13bbf00444 1f3b185ce4 3817c79 3 4666feb1fb3331d4725435510f71d315bfbb5c9e e8139c966167bdede2f5463389454d48d840798252c21b694f859f81f1d7b417b9e795c7d038653713d4055860 1530f5408 ee616e192  1c7474446b701 1d64bc587cd200fc563e699fcbf7b7dbb9358141c f 972c6e0887d58e3 774638d54cdc21005  7eb8724d97c8967b62959063316f00d 84f66e25 29b8e3b234c8ed 935664fb1 2e853 604026508fedd694e8 7d116d66c6511e9e1058441e3b8f7485f03be634db9e3d3d2621 dff6484567 9730ee28d8fbb1d0dd73 d4d4b920 f22f6 dc332d7f 961 f41b204f6c3 0 36 9e6f48c37d1f426cc42d20 4e4edc7b65efb9b1e92f738db81  62080be371e 54cf22419d49db309 8 f2c13 4d d0 ef8d971ee3e960190 f9f9cc978bf82501 f432ddb83 1b3ebe18d12  b71d336dd79f54fbf7748753622fe 0570b517f04582794d5e94e12d52f25cc17d53 1b05127ce9', 'cc87b769c171cdd 43466f1  1b1d196fc', 5),
(146, 'naujas1', 'nuoroda45', '83e dde6b9 f531b1111d26 cb5 0f68 f2117cf6477c8bcbd7c75 801dd5 d0388bb15b75746fc45084407b62bee157de21b00 7ed73ffcb4375739d8 d8fe79e5c491641686318cbb1740217c3f7fdf1c0d5 46f6be948e e4d6cf28e69e880d0c  6b4f5e74361 e19619935ff3567001f7bef45615426257 14075026f1c7261dec83977b3e9d51433 77b7cfffc88661640f5c8c980bbff2173be49 0794e4f45 4028f87e d6 e56dd197ed7156f8611279b4e674e2bccd15e 4e4f 2b ee74f6db2877c8b363985f7b3622c025253d97e13b1944de28281248788bf7c8c6bcc2 95fe 4f8e1621cfee48e475100146008b4 6 012104f4879d936d3 438dfd9fee0c675 0 dcfbb623fd8fd772e4f171ed2b8cc6e  6 be0364674410312839c2e73c915d72341457 eed8f8f 4e381cc9d74c379970edd3bcbf9 229c248bfc 9 06 4583 3192e2400356eec0 672fb 14d2f2d7b2 dcf537e0dcbb7d119719d68e6080b55636cc9def98d8b8 e7075f436bd8673f2d1d09df7d66e6480636ec3f0228d db082f1ff25e8f0984 04237d8b745ef5c75bfe8  b6f7ce9571269b8449b1bb 358 5b72389c69404 1d67db620016 5d582bf80c0eb3034f 5e81908dc345392212312c0d165c505 9d2b7f8083cc9132 9738 2434cb3e742be28b7f8 b1 36966f9018bbd152dde2fc19e e 85fb9dd2  d202d59ce7067ded4b0960c32cc0291 5d 43944cdc4262e5c17557bf75f4f5e4358d320d10bb235dfdf2f13926d92f299cd94660f  5456573 b0 587559bc49d111b2389d f10fb9379  3d8 7 f4fbef9c2158b93d41dcbe7e9c36c c98c703e1f26d3b2b19dc136402db6ec946df 9 0  d10368bbd83723206838d3de5510  f55568827b31704bf006167e6867e152fc548091cb01b29768b82e193d580f723d 350e1e 960d9 899130cbcc46 3 1b4843b3e79bd 8250edd684f68c742f7535b06fbb2963062b6 b566456044ec8572dcf316 66c43575fd964ef522d7e6 f3b1183e44e349d905 0 b0e3c59c63 6561 0469e32bb64584cff80836f69f6c e 3c694d2 ee428e93171502188fc9e  9c5f8c5f4cf4 75250cf0f7e1754db2db6d002d6e4dfdd f364329cf4b2c56112c665b9ff4914e131111bd0e6 6 d76e5dee6cd84e9f7d0597db9581014f43855d2 5c1c9d6f2c906f3 6fd0f197839d cff4ed47f76 f4688b4e651565f4fb67398 668418341d c9947f49dd8219034c920148c0e352db0e7c8e5610b292 5f201 9103d401  037e5b0d3 4f 82 3de83887c88e74555f55f73b 19f686c2c1e6bb2535c707b7e420d370250bf22 6cf8081c93026c50529db 3c671b84c0bc704e4e8e693218f05e8842341  f4c738e2e158b34dfec43b4101ef1e3bb011cb55 b24f647e917237 0d338c6f7f95c917 18bc2fe3c9dcd79d70fb68e4f4 8 15fcb27424e1f6108573bb069933b937cc184 e7 d7f0 c5fcccf560d74dc4127b 103 1005492848feeb7c4d0e715 31393d71 1007e2 341fc32 80e10286b768d1539cc576f961 b716817de5292974f2689922001f5b9cfedd18d4ccb7c7de1fde14c466fb637ee1d8e5205175c43523b7be37c46783f12c 1e5ffe0d70 d7fb60 ed0c2c74 6cc4d22cce6f778 7 24b44420c20212c2ec8d51e 44 059c76370 d5 2e7fc2381e 71 29b293bbeb14359592fcf62eb3909d3b0 8620592 13bbf00444 1f3b185ce4 3817c79 3 4666feb1fb3331d4725435510f71d315bfbb5c9e e8139c966167bdede2f5463389454d48d840798252c21b694f859f81f1d7b417b9e795c7d038653713d4055860 1530f5408 ee616e192  1c7474446b701 1d64bc587cd200fc563e699fcbf7b7dbb9358141c f 972c6e0887d58e3 774638d54cdc21005  7eb8724d97c8967b62959063316f00d 84f66e25 29b8e3b234c8ed 935664fb1 2e853 604026508fedd694e8 7d116d66c6511e9e1058441e3b8f7485f03be634db9e3d3d2621 dff6484567 9730ee28d8fbb1d0dd73 d4d4b920 f22f6 dc332d7f 961 f41b204f6c3 0 36 9e6f48c37d1f426cc42d20 4e4edc7b65efb9b1e92f738db81  62080be371e 54cf22419d49db309 8 f2c13 4d d0 ef8d971ee3e960190 f9f9cc978bf82501 f432ddb83 1b3ebe18d12  b71d336dd79f54fbf7748753622fe 0570b517f04582794d5e94e12d52f25cc17d53 1b05127ce9', '87b769c171cdd 43466f1  1b1d196fc', 5),
(145, 'xxsssxxxsss', 'nuoroda44', '83e dde6b9 f531b1111d26 cb5 0f68 f2117cf6477c8bcbd7c75 801dd5 d0388bb15b75746fc45084407b62bee157de21b00 7ed73ffcb4375739d8 d8fe79e5c491641686318cbb1740217c3f7fdf1c0d5 46f6be948e e4d6cf28e69e880d0c  6b4f5e74361 e19619935ff3567001f7bef45615426257 14075026f1c7261dec83977b3e9d51433 77b7cfffc88661640f5c8c980bbff2173be49 0794e4f45 4028f87e d6 e56dd197ed7156f8611279b4e674e2bccd15e 4e4f 2b ee74f6db2877c8b363985f7b3622c025253d97e13b1944de28281248788bf7c8c6bcc2 95fe 4f8e1621cfee48e475100146008b4 6 012104f4879d936d3 438dfd9fee0c675 0 dcfbb623fd8fd772e4f171ed2b8cc6e  6 be0364674410312839c2e73c915d72341457 eed8f8f 4e381cc9d74c379970edd3bcbf9 229c248bfc 9 06 4583 3192e2400356eec0 672fb 14d2f2d7b2 dcf537e0dcbb7d119719d68e6080b55636cc9def98d8b8 e7075f436bd8673f2d1d09df7d66e6480636ec3f0228d db082f1ff25e8f0984 04237d8b745ef5c75bfe8  b6f7ce9571269b8449b1bb 358 5b72389c69404 1d67db620016 5d582bf80c0eb3034f 5e81908dc345392212312c0d165c505 9d2b7f8083cc9132 9738 2434cb3e742be28b7f8 b1 36966f9018bbd152dde2fc19e e 85fb9dd2  d202d59ce7067ded4b0960c32cc0291 5d 43944cdc4262e5c17557bf75f4f5e4358d320d10bb235dfdf2f13926d92f299cd94660f  5456573 b0 587559bc49d111b2389d f10fb9379  3d8 7 f4fbef9c2158b93d41dcbe7e9c36c c98c703e1f26d3b2b19dc136402db6ec946df 9 0  d10368bbd83723206838d3de5510  f55568827b31704bf006167e6867e152fc548091cb01b29768b82e193d580f723d 350e1e 960d9 899130cbcc46 3 1b4843b3e79bd 8250edd684f68c742f7535b06fbb2963062b6 b566456044ec8572dcf316 66c43575fd964ef522d7e6 f3b1183e44e349d905 0 b0e3c59c63 6561 0469e32bb64584cff80836f69f6c e 3c694d2 ee428e93171502188fc9e  9c5f8c5f4cf4 75250cf0f7e1754db2db6d002d6e4dfdd f364329cf4b2c56112c665b9ff4914e131111bd0e6 6 d76e5dee6cd84e9f7d0597db9581014f43855d2 5c1c9d6f2c906f3 6fd0f197839d cff4ed47f76 f4688b4e651565f4fb67398 668418341d c9947f49dd8219034c920148c0e352db0e7c8e5610b292 5f201 9103d401  037e5b0d3 4f 82 3de83887c88e74555f55f73b 19f686c2c1e6bb2535c707b7e420d370250bf22 6cf8081c93026c50529db 3c671b84c0bc704e4e8e693218f05e8842341  f4c738e2e158b34dfec43b4101ef1e3bb011cb55 b24f647e917237 0d338c6f7f95c917 18bc2fe3c9dcd79d70fb68e4f4 8 15fcb27424e1f6108573bb069933b937cc184 e7 d7f0 c5fcccf560d74dc4127b 103 1005492848feeb7c4d0e715 31393d71 1007e2 341fc32 80e10286b768d1539cc576f961 b716817de5292974f2689922001f5b9cfedd18d4ccb7c7de1fde14c466fb637ee1d8e5205175c43523b7be37c46783f12c 1e5ffe0d70 d7fb60 ed0c2c74 6cc4d22cce6f778 7 24b44420c20212c2ec8d51e 44 059c76370 d5 2e7fc2381e 71 29b293bbeb14359592fcf62eb3909d3b0 8620592 13bbf00444 1f3b185ce4 3817c79 3 4666feb1fb3331d4725435510f71d315bfbb5c9e e8139c966167bdede2f5463389454d48d840798252c21b694f859f81f1d7b417b9e795c7d038653713d4055860 1530f5408 ee616e192  1c7474446b701 1d64bc587cd200fc563e699fcbf7b7dbb9358141c f 972c6e0887d58e3 774638d54cdc21005  7eb8724d97c8967b62959063316f00d 84f66e25 29b8e3b234c8ed 935664fb1 2e853 604026508fedd694e8 7d116d66c6511e9e1058441e3b8f7485f03be634db9e3d3d2621 dff6484567 9730ee28d8fbb1d0dd73 d4d4b920 f22f6 dc332d7f 961 f41b204f6c3 0 36 9e6f48c37d1f426cc42d20 4e4edc7b65efb9b1e92f738db81  62080be371e 54cf22419d49db309 8 f2c13 4d d0 ef8d971ee3e960190 f9f9cc978bf82501 f432ddb83 1b3ebe18d12  b71d336dd79f54fbf7748753622fe 0570b517f04582794d5e94e12d52f25cc17d53 1b05127ce9', '87b769c171cdd 43466f1  1b1d196fc', 1),
(144, 'naujas1', 'nuoroda43', '83e dde6b9 f531b1111d26 cb5 0f68 f2117cf6477c8bcbd7c75 801dd5 d0388bb15b75746fc45084407b62bee157de21b00 7ed73ffcb4375739d8 d8fe79e5c491641686318cbb1740217c3f7fdf1c0d5 46f6be948e e4d6cf28e69e880d0c  6b4f5e74361 e19619935ff3567001f7bef45615426257 14075026f1c7261dec83977b3e9d51433 77b7cfffc88661640f5c8c980bbff2173be49 0794e4f45 4028f87e d6 e56dd197ed7156f8611279b4e674e2bccd15e 4e4f 2b ee74f6db2877c8b363985f7b3622c025253d97e13b1944de28281248788bf7c8c6bcc2 95fe 4f8e1621cfee48e475100146008b4 6 012104f4879d936d3 438dfd9fee0c675 0 dcfbb623fd8fd772e4f171ed2b8cc6e  6 be0364674410312839c2e73c915d72341457 eed8f8f 4e381cc9d74c379970edd3bcbf9 229c248bfc 9 06 4583 3192e2400356eec0 672fb 14d2f2d7b2 dcf537e0dcbb7d119719d68e6080b55636cc9def98d8b8 e7075f436bd8673f2d1d09df7d66e6480636ec3f0228d db082f1ff25e8f0984 04237d8b745ef5c75bfe8  b6f7ce9571269b8449b1bb 358 5b72389c69404 1d67db620016 5d582bf80c0eb3034f 5e81908dc345392212312c0d165c505 9d2b7f8083cc9132 9738 2434cb3e742be28b7f8 b1 36966f9018bbd152dde2fc19e e 85fb9dd2  d202d59ce7067ded4b0960c32cc0291 5d 43944cdc4262e5c17557bf75f4f5e4358d320d10bb235dfdf2f13926d92f299cd94660f  5456573 b0 587559bc49d111b2389d f10fb9379  3d8 7 f4fbef9c2158b93d41dcbe7e9c36c c98c703e1f26d3b2b19dc136402db6ec946df 9 0  d10368bbd83723206838d3de5510  f55568827b31704bf006167e6867e152fc548091cb01b29768b82e193d580f723d 350e1e 960d9 899130cbcc46 3 1b4843b3e79bd 8250edd684f68c742f7535b06fbb2963062b6 b566456044ec8572dcf316 66c43575fd964ef522d7e6 f3b1183e44e349d905 0 b0e3c59c63 6561 0469e32bb64584cff80836f69f6c e 3c694d2 ee428e93171502188fc9e  9c5f8c5f4cf4 75250cf0f7e1754db2db6d002d6e4dfdd f364329cf4b2c56112c665b9ff4914e131111bd0e6 6 d76e5dee6cd84e9f7d0597db9581014f43855d2 5c1c9d6f2c906f3 6fd0f197839d cff4ed47f76 f4688b4e651565f4fb67398 668418341d c9947f49dd8219034c920148c0e352db0e7c8e5610b292 5f201 9103d401  037e5b0d3 4f 82 3de83887c88e74555f55f73b 19f686c2c1e6bb2535c707b7e420d370250bf22 6cf8081c93026c50529db 3c671b84c0bc704e4e8e693218f05e8842341  f4c738e2e158b34dfec43b4101ef1e3bb011cb55 b24f647e917237 0d338c6f7f95c917 18bc2fe3c9dcd79d70fb68e4f4 8 15fcb27424e1f6108573bb069933b937cc184 e7 d7f0 c5fcccf560d74dc4127b 103 1005492848feeb7c4d0e715 31393d71 1007e2 341fc32 80e10286b768d1539cc576f961 b716817de5292974f2689922001f5b9cfedd18d4ccb7c7de1fde14c466fb637ee1d8e5205175c43523b7be37c46783f12c 1e5ffe0d70 d7fb60 ed0c2c74 6cc4d22cce6f778 7 24b44420c20212c2ec8d51e 44 059c76370 d5 2e7fc2381e 71 29b293bbeb14359592fcf62eb3909d3b0 8620592 13bbf00444 1f3b185ce4 3817c79 3 4666feb1fb3331d4725435510f71d315bfbb5c9e e8139c966167bdede2f5463389454d48d840798252c21b694f859f81f1d7b417b9e795c7d038653713d4055860 1530f5408 ee616e192  1c7474446b701 1d64bc587cd200fc563e699fcbf7b7dbb9358141c f 972c6e0887d58e3 774638d54cdc21005  7eb8724d97c8967b62959063316f00d 84f66e25 29b8e3b234c8ed 935664fb1 2e853 604026508fedd694e8 7d116d66c6511e9e1058441e3b8f7485f03be634db9e3d3d2621 dff6484567 9730ee28d8fbb1d0dd73 d4d4b920 f22f6 dc332d7f 961 f41b204f6c3 0 36 9e6f48c37d1f426cc42d20 4e4edc7b65efb9b1e92f738db81  62080be371e 54cf22419d49db309 8 f2c13 4d d0 ef8d971ee3e960190 f9f9cc978bf82501 f432ddb83 1b3ebe18d12  b71d336dd79f54fbf7748753622fe 0570b517f04582794d5e94e12d52f25cc17d53 1b05127ce9', '87b769c171cdd 43466f1  1b1d196fc', 3),
(143, 'naujas1', 'nuoroda42', '83e dde6b9 f531b1111d26 cb5 0f68 f2117cf6477c8bcbd7c75 801dd5 d0388bb15b75746fc45084407b62bee157de21b00 7ed73ffcb4375739d8 d8fe79e5c491641686318cbb1740217c3f7fdf1c0d5 46f6be948e e4d6cf28e69e880d0c  6b4f5e74361 e19619935ff3567001f7bef45615426257 14075026f1c7261dec83977b3e9d51433 77b7cfffc88661640f5c8c980bbff2173be49 0794e4f45 4028f87e d6 e56dd197ed7156f8611279b4e674e2bccd15e 4e4f 2b ee74f6db2877c8b363985f7b3622c025253d97e13b1944de28281248788bf7c8c6bcc2 95fe 4f8e1621cfee48e475100146008b4 6 012104f4879d936d3 438dfd9fee0c675 0 dcfbb623fd8fd772e4f171ed2b8cc6e  6 be0364674410312839c2e73c915d72341457 eed8f8f 4e381cc9d74c379970edd3bcbf9 229c248bfc 9 06 4583 3192e2400356eec0 672fb 14d2f2d7b2 dcf537e0dcbb7d119719d68e6080b55636cc9def98d8b8 e7075f436bd8673f2d1d09df7d66e6480636ec3f0228d db082f1ff25e8f0984 04237d8b745ef5c75bfe8  b6f7ce9571269b8449b1bb 358 5b72389c69404 1d67db620016 5d582bf80c0eb3034f 5e81908dc345392212312c0d165c505 9d2b7f8083cc9132 9738 2434cb3e742be28b7f8 b1 36966f9018bbd152dde2fc19e e 85fb9dd2  d202d59ce7067ded4b0960c32cc0291 5d 43944cdc4262e5c17557bf75f4f5e4358d320d10bb235dfdf2f13926d92f299cd94660f  5456573 b0 587559bc49d111b2389d f10fb9379  3d8 7 f4fbef9c2158b93d41dcbe7e9c36c c98c703e1f26d3b2b19dc136402db6ec946df 9 0  d10368bbd83723206838d3de5510  f55568827b31704bf006167e6867e152fc548091cb01b29768b82e193d580f723d 350e1e 960d9 899130cbcc46 3 1b4843b3e79bd 8250edd684f68c742f7535b06fbb2963062b6 b566456044ec8572dcf316 66c43575fd964ef522d7e6 f3b1183e44e349d905 0 b0e3c59c63 6561 0469e32bb64584cff80836f69f6c e 3c694d2 ee428e93171502188fc9e  9c5f8c5f4cf4 75250cf0f7e1754db2db6d002d6e4dfdd f364329cf4b2c56112c665b9ff4914e131111bd0e6 6 d76e5dee6cd84e9f7d0597db9581014f43855d2 5c1c9d6f2c906f3 6fd0f197839d cff4ed47f76 f4688b4e651565f4fb67398 668418341d c9947f49dd8219034c920148c0e352db0e7c8e5610b292 5f201 9103d401  037e5b0d3 4f 82 3de83887c88e74555f55f73b 19f686c2c1e6bb2535c707b7e420d370250bf22 6cf8081c93026c50529db 3c671b84c0bc704e4e8e693218f05e8842341  f4c738e2e158b34dfec43b4101ef1e3bb011cb55 b24f647e917237 0d338c6f7f95c917 18bc2fe3c9dcd79d70fb68e4f4 8 15fcb27424e1f6108573bb069933b937cc184 e7 d7f0 c5fcccf560d74dc4127b 103 1005492848feeb7c4d0e715 31393d71 1007e2 341fc32 80e10286b768d1539cc576f961 b716817de5292974f2689922001f5b9cfedd18d4ccb7c7de1fde14c466fb637ee1d8e5205175c43523b7be37c46783f12c 1e5ffe0d70 d7fb60 ed0c2c74 6cc4d22cce6f778 7 24b44420c20212c2ec8d51e 44 059c76370 d5 2e7fc2381e 71 29b293bbeb14359592fcf62eb3909d3b0 8620592 13bbf00444 1f3b185ce4 3817c79 3 4666feb1fb3331d4725435510f71d315bfbb5c9e e8139c966167bdede2f5463389454d48d840798252c21b694f859f81f1d7b417b9e795c7d038653713d4055860 1530f5408 ee616e192  1c7474446b701 1d64bc587cd200fc563e699fcbf7b7dbb9358141c f 972c6e0887d58e3 774638d54cdc21005  7eb8724d97c8967b62959063316f00d 84f66e25 29b8e3b234c8ed 935664fb1 2e853 604026508fedd694e8 7d116d66c6511e9e1058441e3b8f7485f03be634db9e3d3d2621 dff6484567 9730ee28d8fbb1d0dd73 d4d4b920 f22f6 dc332d7f 961 f41b204f6c3 0 36 9e6f48c37d1f426cc42d20 4e4edc7b65efb9b1e92f738db81  62080be371e 54cf22419d49db309 8 f2c13 4d d0 ef8d971ee3e960190 f9f9cc978bf82501 f432ddb83 1b3ebe18d12  b71d336dd79f54fbf7748753622fe 0570b517f04582794d5e94e12d52f25cc17d53 1b05127ce9', '87b769c171cdd 43466f1  1b1d196fc', 2),
(142, 'naujas1', 'nuoroda41', '83e dde6b9 f531b1111d26 cb5 0f68 f2117cf6477c8bcbd7c75 801dd5 d0388bb15b75746fc45084407b62bee157de21b00 7ed73ffcb4375739d8 d8fe79e5c491641686318cbb1740217c3f7fdf1c0d5 46f6be948e e4d6cf28e69e880d0c  6b4f5e74361 e19619935ff3567001f7bef45615426257 14075026f1c7261dec83977b3e9d51433 77b7cfffc88661640f5c8c980bbff2173be49 0794e4f45 4028f87e d6 e56dd197ed7156f8611279b4e674e2bccd15e 4e4f 2b ee74f6db2877c8b363985f7b3622c025253d97e13b1944de28281248788bf7c8c6bcc2 95fe 4f8e1621cfee48e475100146008b4 6 012104f4879d936d3 438dfd9fee0c675 0 dcfbb623fd8fd772e4f171ed2b8cc6e  6 be0364674410312839c2e73c915d72341457 eed8f8f 4e381cc9d74c379970edd3bcbf9 229c248bfc 9 06 4583 3192e2400356eec0 672fb 14d2f2d7b2 dcf537e0dcbb7d119719d68e6080b55636cc9def98d8b8 e7075f436bd8673f2d1d09df7d66e6480636ec3f0228d db082f1ff25e8f0984 04237d8b745ef5c75bfe8  b6f7ce9571269b8449b1bb 358 5b72389c69404 1d67db620016 5d582bf80c0eb3034f 5e81908dc345392212312c0d165c505 9d2b7f8083cc9132 9738 2434cb3e742be28b7f8 b1 36966f9018bbd152dde2fc19e e 85fb9dd2  d202d59ce7067ded4b0960c32cc0291 5d 43944cdc4262e5c17557bf75f4f5e4358d320d10bb235dfdf2f13926d92f299cd94660f  5456573 b0 587559bc49d111b2389d f10fb9379  3d8 7 f4fbef9c2158b93d41dcbe7e9c36c c98c703e1f26d3b2b19dc136402db6ec946df 9 0  d10368bbd83723206838d3de5510  f55568827b31704bf006167e6867e152fc548091cb01b29768b82e193d580f723d 350e1e 960d9 899130cbcc46 3 1b4843b3e79bd 8250edd684f68c742f7535b06fbb2963062b6 b566456044ec8572dcf316 66c43575fd964ef522d7e6 f3b1183e44e349d905 0 b0e3c59c63 6561 0469e32bb64584cff80836f69f6c e 3c694d2 ee428e93171502188fc9e  9c5f8c5f4cf4 75250cf0f7e1754db2db6d002d6e4dfdd f364329cf4b2c56112c665b9ff4914e131111bd0e6 6 d76e5dee6cd84e9f7d0597db9581014f43855d2 5c1c9d6f2c906f3 6fd0f197839d cff4ed47f76 f4688b4e651565f4fb67398 668418341d c9947f49dd8219034c920148c0e352db0e7c8e5610b292 5f201 9103d401  037e5b0d3 4f 82 3de83887c88e74555f55f73b 19f686c2c1e6bb2535c707b7e420d370250bf22 6cf8081c93026c50529db 3c671b84c0bc704e4e8e693218f05e8842341  f4c738e2e158b34dfec43b4101ef1e3bb011cb55 b24f647e917237 0d338c6f7f95c917 18bc2fe3c9dcd79d70fb68e4f4 8 15fcb27424e1f6108573bb069933b937cc184 e7 d7f0 c5fcccf560d74dc4127b 103 1005492848feeb7c4d0e715 31393d71 1007e2 341fc32 80e10286b768d1539cc576f961 b716817de5292974f2689922001f5b9cfedd18d4ccb7c7de1fde14c466fb637ee1d8e5205175c43523b7be37c46783f12c 1e5ffe0d70 d7fb60 ed0c2c74 6cc4d22cce6f778 7 24b44420c20212c2ec8d51e 44 059c76370 d5 2e7fc2381e 71 29b293bbeb14359592fcf62eb3909d3b0 8620592 13bbf00444 1f3b185ce4 3817c79 3 4666feb1fb3331d4725435510f71d315bfbb5c9e e8139c966167bdede2f5463389454d48d840798252c21b694f859f81f1d7b417b9e795c7d038653713d4055860 1530f5408 ee616e192  1c7474446b701 1d64bc587cd200fc563e699fcbf7b7dbb9358141c f 972c6e0887d58e3 774638d54cdc21005  7eb8724d97c8967b62959063316f00d 84f66e25 29b8e3b234c8ed 935664fb1 2e853 604026508fedd694e8 7d116d66c6511e9e1058441e3b8f7485f03be634db9e3d3d2621 dff6484567 9730ee28d8fbb1d0dd73 d4d4b920 f22f6 dc332d7f 961 f41b204f6c3 0 36 9e6f48c37d1f426cc42d20 4e4edc7b65efb9b1e92f738db81  62080be371e 54cf22419d49db309 8 f2c13 4d d0 ef8d971ee3e960190 f9f9cc978bf82501 f432ddb83 1b3ebe18d12  b71d336dd79f54fbf7748753622fe 0570b517f04582794d5e94e12d52f25cc17d53 1b05127ce9', '87b769c171cdd 43466f1  1b1d196fc', 4),
(141, 'naujas1', 'nuoroda40', '83e dde6b9 f531b1111d26 cb5 0f68 f2117cf6477c8bcbd7c75 801dd5 d0388bb15b75746fc45084407b62bee157de21b00 7ed73ffcb4375739d8 d8fe79e5c491641686318cbb1740217c3f7fdf1c0d5 46f6be948e e4d6cf28e69e880d0c  6b4f5e74361 e19619935ff3567001f7bef45615426257 14075026f1c7261dec83977b3e9d51433 77b7cfffc88661640f5c8c980bbff2173be49 0794e4f45 4028f87e d6 e56dd197ed7156f8611279b4e674e2bccd15e 4e4f 2b ee74f6db2877c8b363985f7b3622c025253d97e13b1944de28281248788bf7c8c6bcc2 95fe 4f8e1621cfee48e475100146008b4 6 012104f4879d936d3 438dfd9fee0c675 0 dcfbb623fd8fd772e4f171ed2b8cc6e  6 be0364674410312839c2e73c915d72341457 eed8f8f 4e381cc9d74c379970edd3bcbf9 229c248bfc 9 06 4583 3192e2400356eec0 672fb 14d2f2d7b2 dcf537e0dcbb7d119719d68e6080b55636cc9def98d8b8 e7075f436bd8673f2d1d09df7d66e6480636ec3f0228d db082f1ff25e8f0984 04237d8b745ef5c75bfe8  b6f7ce9571269b8449b1bb 358 5b72389c69404 1d67db620016 5d582bf80c0eb3034f 5e81908dc345392212312c0d165c505 9d2b7f8083cc9132 9738 2434cb3e742be28b7f8 b1 36966f9018bbd152dde2fc19e e 85fb9dd2  d202d59ce7067ded4b0960c32cc0291 5d 43944cdc4262e5c17557bf75f4f5e4358d320d10bb235dfdf2f13926d92f299cd94660f  5456573 b0 587559bc49d111b2389d f10fb9379  3d8 7 f4fbef9c2158b93d41dcbe7e9c36c c98c703e1f26d3b2b19dc136402db6ec946df 9 0  d10368bbd83723206838d3de5510  f55568827b31704bf006167e6867e152fc548091cb01b29768b82e193d580f723d 350e1e 960d9 899130cbcc46 3 1b4843b3e79bd 8250edd684f68c742f7535b06fbb2963062b6 b566456044ec8572dcf316 66c43575fd964ef522d7e6 f3b1183e44e349d905 0 b0e3c59c63 6561 0469e32bb64584cff80836f69f6c e 3c694d2 ee428e93171502188fc9e  9c5f8c5f4cf4 75250cf0f7e1754db2db6d002d6e4dfdd f364329cf4b2c56112c665b9ff4914e131111bd0e6 6 d76e5dee6cd84e9f7d0597db9581014f43855d2 5c1c9d6f2c906f3 6fd0f197839d cff4ed47f76 f4688b4e651565f4fb67398 668418341d c9947f49dd8219034c920148c0e352db0e7c8e5610b292 5f201 9103d401  037e5b0d3 4f 82 3de83887c88e74555f55f73b 19f686c2c1e6bb2535c707b7e420d370250bf22 6cf8081c93026c50529db 3c671b84c0bc704e4e8e693218f05e8842341  f4c738e2e158b34dfec43b4101ef1e3bb011cb55 b24f647e917237 0d338c6f7f95c917 18bc2fe3c9dcd79d70fb68e4f4 8 15fcb27424e1f6108573bb069933b937cc184 e7 d7f0 c5fcccf560d74dc4127b 103 1005492848feeb7c4d0e715 31393d71 1007e2 341fc32 80e10286b768d1539cc576f961 b716817de5292974f2689922001f5b9cfedd18d4ccb7c7de1fde14c466fb637ee1d8e5205175c43523b7be37c46783f12c 1e5ffe0d70 d7fb60 ed0c2c74 6cc4d22cce6f778 7 24b44420c20212c2ec8d51e 44 059c76370 d5 2e7fc2381e 71 29b293bbeb14359592fcf62eb3909d3b0 8620592 13bbf00444 1f3b185ce4 3817c79 3 4666feb1fb3331d4725435510f71d315bfbb5c9e e8139c966167bdede2f5463389454d48d840798252c21b694f859f81f1d7b417b9e795c7d038653713d4055860 1530f5408 ee616e192  1c7474446b701 1d64bc587cd200fc563e699fcbf7b7dbb9358141c f 972c6e0887d58e3 774638d54cdc21005  7eb8724d97c8967b62959063316f00d 84f66e25 29b8e3b234c8ed 935664fb1 2e853 604026508fedd694e8 7d116d66c6511e9e1058441e3b8f7485f03be634db9e3d3d2621 dff6484567 9730ee28d8fbb1d0dd73 d4d4b920 f22f6 dc332d7f 961 f41b204f6c3 0 36 9e6f48c37d1f426cc42d20 4e4edc7b65efb9b1e92f738db81  62080be371e 54cf22419d49db309 8 f2c13 4d d0 ef8d971ee3e960190 f9f9cc978bf82501 f432ddb83 1b3ebe18d12  b71d336dd79f54fbf7748753622fe 0570b517f04582794d5e94e12d52f25cc17d53 1b05127ce9', '87b769c171cdd 43466f1  1b1d196fc', 4),
(140, 'naujas1', 'nuoroda39', '83e dde6b9 f531b1111d26 cb5 0f68 f2117cf6477c8bcbd7c75 801dd5 d0388bb15b75746fc45084407b62bee157de21b00 7ed73ffcb4375739d8 d8fe79e5c491641686318cbb1740217c3f7fdf1c0d5 46f6be948e e4d6cf28e69e880d0c  6b4f5e74361 e19619935ff3567001f7bef45615426257 14075026f1c7261dec83977b3e9d51433 77b7cfffc88661640f5c8c980bbff2173be49 0794e4f45 4028f87e d6 e56dd197ed7156f8611279b4e674e2bccd15e 4e4f 2b ee74f6db2877c8b363985f7b3622c025253d97e13b1944de28281248788bf7c8c6bcc2 95fe 4f8e1621cfee48e475100146008b4 6 012104f4879d936d3 438dfd9fee0c675 0 dcfbb623fd8fd772e4f171ed2b8cc6e  6 be0364674410312839c2e73c915d72341457 eed8f8f 4e381cc9d74c379970edd3bcbf9 229c248bfc 9 06 4583 3192e2400356eec0 672fb 14d2f2d7b2 dcf537e0dcbb7d119719d68e6080b55636cc9def98d8b8 e7075f436bd8673f2d1d09df7d66e6480636ec3f0228d db082f1ff25e8f0984 04237d8b745ef5c75bfe8  b6f7ce9571269b8449b1bb 358 5b72389c69404 1d67db620016 5d582bf80c0eb3034f 5e81908dc345392212312c0d165c505 9d2b7f8083cc9132 9738 2434cb3e742be28b7f8 b1 36966f9018bbd152dde2fc19e e 85fb9dd2  d202d59ce7067ded4b0960c32cc0291 5d 43944cdc4262e5c17557bf75f4f5e4358d320d10bb235dfdf2f13926d92f299cd94660f  5456573 b0 587559bc49d111b2389d f10fb9379  3d8 7 f4fbef9c2158b93d41dcbe7e9c36c c98c703e1f26d3b2b19dc136402db6ec946df 9 0  d10368bbd83723206838d3de5510  f55568827b31704bf006167e6867e152fc548091cb01b29768b82e193d580f723d 350e1e 960d9 899130cbcc46 3 1b4843b3e79bd 8250edd684f68c742f7535b06fbb2963062b6 b566456044ec8572dcf316 66c43575fd964ef522d7e6 f3b1183e44e349d905 0 b0e3c59c63 6561 0469e32bb64584cff80836f69f6c e 3c694d2 ee428e93171502188fc9e  9c5f8c5f4cf4 75250cf0f7e1754db2db6d002d6e4dfdd f364329cf4b2c56112c665b9ff4914e131111bd0e6 6 d76e5dee6cd84e9f7d0597db9581014f43855d2 5c1c9d6f2c906f3 6fd0f197839d cff4ed47f76 f4688b4e651565f4fb67398 668418341d c9947f49dd8219034c920148c0e352db0e7c8e5610b292 5f201 9103d401  037e5b0d3 4f 82 3de83887c88e74555f55f73b 19f686c2c1e6bb2535c707b7e420d370250bf22 6cf8081c93026c50529db 3c671b84c0bc704e4e8e693218f05e8842341  f4c738e2e158b34dfec43b4101ef1e3bb011cb55 b24f647e917237 0d338c6f7f95c917 18bc2fe3c9dcd79d70fb68e4f4 8 15fcb27424e1f6108573bb069933b937cc184 e7 d7f0 c5fcccf560d74dc4127b 103 1005492848feeb7c4d0e715 31393d71 1007e2 341fc32 80e10286b768d1539cc576f961 b716817de5292974f2689922001f5b9cfedd18d4ccb7c7de1fde14c466fb637ee1d8e5205175c43523b7be37c46783f12c 1e5ffe0d70 d7fb60 ed0c2c74 6cc4d22cce6f778 7 24b44420c20212c2ec8d51e 44 059c76370 d5 2e7fc2381e 71 29b293bbeb14359592fcf62eb3909d3b0 8620592 13bbf00444 1f3b185ce4 3817c79 3 4666feb1fb3331d4725435510f71d315bfbb5c9e e8139c966167bdede2f5463389454d48d840798252c21b694f859f81f1d7b417b9e795c7d038653713d4055860 1530f5408 ee616e192  1c7474446b701 1d64bc587cd200fc563e699fcbf7b7dbb9358141c f 972c6e0887d58e3 774638d54cdc21005  7eb8724d97c8967b62959063316f00d 84f66e25 29b8e3b234c8ed 935664fb1 2e853 604026508fedd694e8 7d116d66c6511e9e1058441e3b8f7485f03be634db9e3d3d2621 dff6484567 9730ee28d8fbb1d0dd73 d4d4b920 f22f6 dc332d7f 961 f41b204f6c3 0 36 9e6f48c37d1f426cc42d20 4e4edc7b65efb9b1e92f738db81  62080be371e 54cf22419d49db309 8 f2c13 4d d0 ef8d971ee3e960190 f9f9cc978bf82501 f432ddb83 1b3ebe18d12  b71d336dd79f54fbf7748753622fe 0570b517f04582794d5e94e12d52f25cc17d53 1b05127ce9', '87b769c171cdd 43466f1  1b1d196fc', 1),
(139, 'naujas1', 'nuoroda38', '83e dde6b9 f531b1111d26 cb5 0f68 f2117cf6477c8bcbd7c75 801dd5 d0388bb15b75746fc45084407b62bee157de21b00 7ed73ffcb4375739d8 d8fe79e5c491641686318cbb1740217c3f7fdf1c0d5 46f6be948e e4d6cf28e69e880d0c  6b4f5e74361 e19619935ff3567001f7bef45615426257 14075026f1c7261dec83977b3e9d51433 77b7cfffc88661640f5c8c980bbff2173be49 0794e4f45 4028f87e d6 e56dd197ed7156f8611279b4e674e2bccd15e 4e4f 2b ee74f6db2877c8b363985f7b3622c025253d97e13b1944de28281248788bf7c8c6bcc2 95fe 4f8e1621cfee48e475100146008b4 6 012104f4879d936d3 438dfd9fee0c675 0 dcfbb623fd8fd772e4f171ed2b8cc6e  6 be0364674410312839c2e73c915d72341457 eed8f8f 4e381cc9d74c379970edd3bcbf9 229c248bfc 9 06 4583 3192e2400356eec0 672fb 14d2f2d7b2 dcf537e0dcbb7d119719d68e6080b55636cc9def98d8b8 e7075f436bd8673f2d1d09df7d66e6480636ec3f0228d db082f1ff25e8f0984 04237d8b745ef5c75bfe8  b6f7ce9571269b8449b1bb 358 5b72389c69404 1d67db620016 5d582bf80c0eb3034f 5e81908dc345392212312c0d165c505 9d2b7f8083cc9132 9738 2434cb3e742be28b7f8 b1 36966f9018bbd152dde2fc19e e 85fb9dd2  d202d59ce7067ded4b0960c32cc0291 5d 43944cdc4262e5c17557bf75f4f5e4358d320d10bb235dfdf2f13926d92f299cd94660f  5456573 b0 587559bc49d111b2389d f10fb9379  3d8 7 f4fbef9c2158b93d41dcbe7e9c36c c98c703e1f26d3b2b19dc136402db6ec946df 9 0  d10368bbd83723206838d3de5510  f55568827b31704bf006167e6867e152fc548091cb01b29768b82e193d580f723d 350e1e 960d9 899130cbcc46 3 1b4843b3e79bd 8250edd684f68c742f7535b06fbb2963062b6 b566456044ec8572dcf316 66c43575fd964ef522d7e6 f3b1183e44e349d905 0 b0e3c59c63 6561 0469e32bb64584cff80836f69f6c e 3c694d2 ee428e93171502188fc9e  9c5f8c5f4cf4 75250cf0f7e1754db2db6d002d6e4dfdd f364329cf4b2c56112c665b9ff4914e131111bd0e6 6 d76e5dee6cd84e9f7d0597db9581014f43855d2 5c1c9d6f2c906f3 6fd0f197839d cff4ed47f76 f4688b4e651565f4fb67398 668418341d c9947f49dd8219034c920148c0e352db0e7c8e5610b292 5f201 9103d401  037e5b0d3 4f 82 3de83887c88e74555f55f73b 19f686c2c1e6bb2535c707b7e420d370250bf22 6cf8081c93026c50529db 3c671b84c0bc704e4e8e693218f05e8842341  f4c738e2e158b34dfec43b4101ef1e3bb011cb55 b24f647e917237 0d338c6f7f95c917 18bc2fe3c9dcd79d70fb68e4f4 8 15fcb27424e1f6108573bb069933b937cc184 e7 d7f0 c5fcccf560d74dc4127b 103 1005492848feeb7c4d0e715 31393d71 1007e2 341fc32 80e10286b768d1539cc576f961 b716817de5292974f2689922001f5b9cfedd18d4ccb7c7de1fde14c466fb637ee1d8e5205175c43523b7be37c46783f12c 1e5ffe0d70 d7fb60 ed0c2c74 6cc4d22cce6f778 7 24b44420c20212c2ec8d51e 44 059c76370 d5 2e7fc2381e 71 29b293bbeb14359592fcf62eb3909d3b0 8620592 13bbf00444 1f3b185ce4 3817c79 3 4666feb1fb3331d4725435510f71d315bfbb5c9e e8139c966167bdede2f5463389454d48d840798252c21b694f859f81f1d7b417b9e795c7d038653713d4055860 1530f5408 ee616e192  1c7474446b701 1d64bc587cd200fc563e699fcbf7b7dbb9358141c f 972c6e0887d58e3 774638d54cdc21005  7eb8724d97c8967b62959063316f00d 84f66e25 29b8e3b234c8ed 935664fb1 2e853 604026508fedd694e8 7d116d66c6511e9e1058441e3b8f7485f03be634db9e3d3d2621 dff6484567 9730ee28d8fbb1d0dd73 d4d4b920 f22f6 dc332d7f 961 f41b204f6c3 0 36 9e6f48c37d1f426cc42d20 4e4edc7b65efb9b1e92f738db81  62080be371e 54cf22419d49db309 8 f2c13 4d d0 ef8d971ee3e960190 f9f9cc978bf82501 f432ddb83 1b3ebe18d12  b71d336dd79f54fbf7748753622fe 0570b517f04582794d5e94e12d52f25cc17d53 1b05127ce9', '87b769c171cdd 43466f1  1b1d196fc', 4),
(138, 'naujas1', 'nuoroda37', '83e dde6b9 f531b1111d26 cb5 0f68 f2117cf6477c8bcbd7c75 801dd5 d0388bb15b75746fc45084407b62bee157de21b00 7ed73ffcb4375739d8 d8fe79e5c491641686318cbb1740217c3f7fdf1c0d5 46f6be948e e4d6cf28e69e880d0c  6b4f5e74361 e19619935ff3567001f7bef45615426257 14075026f1c7261dec83977b3e9d51433 77b7cfffc88661640f5c8c980bbff2173be49 0794e4f45 4028f87e d6 e56dd197ed7156f8611279b4e674e2bccd15e 4e4f 2b ee74f6db2877c8b363985f7b3622c025253d97e13b1944de28281248788bf7c8c6bcc2 95fe 4f8e1621cfee48e475100146008b4 6 012104f4879d936d3 438dfd9fee0c675 0 dcfbb623fd8fd772e4f171ed2b8cc6e  6 be0364674410312839c2e73c915d72341457 eed8f8f 4e381cc9d74c379970edd3bcbf9 229c248bfc 9 06 4583 3192e2400356eec0 672fb 14d2f2d7b2 dcf537e0dcbb7d119719d68e6080b55636cc9def98d8b8 e7075f436bd8673f2d1d09df7d66e6480636ec3f0228d db082f1ff25e8f0984 04237d8b745ef5c75bfe8  b6f7ce9571269b8449b1bb 358 5b72389c69404 1d67db620016 5d582bf80c0eb3034f 5e81908dc345392212312c0d165c505 9d2b7f8083cc9132 9738 2434cb3e742be28b7f8 b1 36966f9018bbd152dde2fc19e e 85fb9dd2  d202d59ce7067ded4b0960c32cc0291 5d 43944cdc4262e5c17557bf75f4f5e4358d320d10bb235dfdf2f13926d92f299cd94660f  5456573 b0 587559bc49d111b2389d f10fb9379  3d8 7 f4fbef9c2158b93d41dcbe7e9c36c c98c703e1f26d3b2b19dc136402db6ec946df 9 0  d10368bbd83723206838d3de5510  f55568827b31704bf006167e6867e152fc548091cb01b29768b82e193d580f723d 350e1e 960d9 899130cbcc46 3 1b4843b3e79bd 8250edd684f68c742f7535b06fbb2963062b6 b566456044ec8572dcf316 66c43575fd964ef522d7e6 f3b1183e44e349d905 0 b0e3c59c63 6561 0469e32bb64584cff80836f69f6c e 3c694d2 ee428e93171502188fc9e  9c5f8c5f4cf4 75250cf0f7e1754db2db6d002d6e4dfdd f364329cf4b2c56112c665b9ff4914e131111bd0e6 6 d76e5dee6cd84e9f7d0597db9581014f43855d2 5c1c9d6f2c906f3 6fd0f197839d cff4ed47f76 f4688b4e651565f4fb67398 668418341d c9947f49dd8219034c920148c0e352db0e7c8e5610b292 5f201 9103d401  037e5b0d3 4f 82 3de83887c88e74555f55f73b 19f686c2c1e6bb2535c707b7e420d370250bf22 6cf8081c93026c50529db 3c671b84c0bc704e4e8e693218f05e8842341  f4c738e2e158b34dfec43b4101ef1e3bb011cb55 b24f647e917237 0d338c6f7f95c917 18bc2fe3c9dcd79d70fb68e4f4 8 15fcb27424e1f6108573bb069933b937cc184 e7 d7f0 c5fcccf560d74dc4127b 103 1005492848feeb7c4d0e715 31393d71 1007e2 341fc32 80e10286b768d1539cc576f961 b716817de5292974f2689922001f5b9cfedd18d4ccb7c7de1fde14c466fb637ee1d8e5205175c43523b7be37c46783f12c 1e5ffe0d70 d7fb60 ed0c2c74 6cc4d22cce6f778 7 24b44420c20212c2ec8d51e 44 059c76370 d5 2e7fc2381e 71 29b293bbeb14359592fcf62eb3909d3b0 8620592 13bbf00444 1f3b185ce4 3817c79 3 4666feb1fb3331d4725435510f71d315bfbb5c9e e8139c966167bdede2f5463389454d48d840798252c21b694f859f81f1d7b417b9e795c7d038653713d4055860 1530f5408 ee616e192  1c7474446b701 1d64bc587cd200fc563e699fcbf7b7dbb9358141c f 972c6e0887d58e3 774638d54cdc21005  7eb8724d97c8967b62959063316f00d 84f66e25 29b8e3b234c8ed 935664fb1 2e853 604026508fedd694e8 7d116d66c6511e9e1058441e3b8f7485f03be634db9e3d3d2621 dff6484567 9730ee28d8fbb1d0dd73 d4d4b920 f22f6 dc332d7f 961 f41b204f6c3 0 36 9e6f48c37d1f426cc42d20 4e4edc7b65efb9b1e92f738db81  62080be371e 54cf22419d49db309 8 f2c13 4d d0 ef8d971ee3e960190 f9f9cc978bf82501 f432ddb83 1b3ebe18d12  b71d336dd79f54fbf7748753622fe 0570b517f04582794d5e94e12d52f25cc17d53 1b05127ce9', '87b769c171cdd 43466f1  1b1d196fc', 4),
(137, 'naujas1', 'nuoroda36', '83e dde6b9 f531b1111d26 cb5 0f68 f2117cf6477c8bcbd7c75 801dd5 d0388bb15b75746fc45084407b62bee157de21b00 7ed73ffcb4375739d8 d8fe79e5c491641686318cbb1740217c3f7fdf1c0d5 46f6be948e e4d6cf28e69e880d0c  6b4f5e74361 e19619935ff3567001f7bef45615426257 14075026f1c7261dec83977b3e9d51433 77b7cfffc88661640f5c8c980bbff2173be49 0794e4f45 4028f87e d6 e56dd197ed7156f8611279b4e674e2bccd15e 4e4f 2b ee74f6db2877c8b363985f7b3622c025253d97e13b1944de28281248788bf7c8c6bcc2 95fe 4f8e1621cfee48e475100146008b4 6 012104f4879d936d3 438dfd9fee0c675 0 dcfbb623fd8fd772e4f171ed2b8cc6e  6 be0364674410312839c2e73c915d72341457 eed8f8f 4e381cc9d74c379970edd3bcbf9 229c248bfc 9 06 4583 3192e2400356eec0 672fb 14d2f2d7b2 dcf537e0dcbb7d119719d68e6080b55636cc9def98d8b8 e7075f436bd8673f2d1d09df7d66e6480636ec3f0228d db082f1ff25e8f0984 04237d8b745ef5c75bfe8  b6f7ce9571269b8449b1bb 358 5b72389c69404 1d67db620016 5d582bf80c0eb3034f 5e81908dc345392212312c0d165c505 9d2b7f8083cc9132 9738 2434cb3e742be28b7f8 b1 36966f9018bbd152dde2fc19e e 85fb9dd2  d202d59ce7067ded4b0960c32cc0291 5d 43944cdc4262e5c17557bf75f4f5e4358d320d10bb235dfdf2f13926d92f299cd94660f  5456573 b0 587559bc49d111b2389d f10fb9379  3d8 7 f4fbef9c2158b93d41dcbe7e9c36c c98c703e1f26d3b2b19dc136402db6ec946df 9 0  d10368bbd83723206838d3de5510  f55568827b31704bf006167e6867e152fc548091cb01b29768b82e193d580f723d 350e1e 960d9 899130cbcc46 3 1b4843b3e79bd 8250edd684f68c742f7535b06fbb2963062b6 b566456044ec8572dcf316 66c43575fd964ef522d7e6 f3b1183e44e349d905 0 b0e3c59c63 6561 0469e32bb64584cff80836f69f6c e 3c694d2 ee428e93171502188fc9e  9c5f8c5f4cf4 75250cf0f7e1754db2db6d002d6e4dfdd f364329cf4b2c56112c665b9ff4914e131111bd0e6 6 d76e5dee6cd84e9f7d0597db9581014f43855d2 5c1c9d6f2c906f3 6fd0f197839d cff4ed47f76 f4688b4e651565f4fb67398 668418341d c9947f49dd8219034c920148c0e352db0e7c8e5610b292 5f201 9103d401  037e5b0d3 4f 82 3de83887c88e74555f55f73b 19f686c2c1e6bb2535c707b7e420d370250bf22 6cf8081c93026c50529db 3c671b84c0bc704e4e8e693218f05e8842341  f4c738e2e158b34dfec43b4101ef1e3bb011cb55 b24f647e917237 0d338c6f7f95c917 18bc2fe3c9dcd79d70fb68e4f4 8 15fcb27424e1f6108573bb069933b937cc184 e7 d7f0 c5fcccf560d74dc4127b 103 1005492848feeb7c4d0e715 31393d71 1007e2 341fc32 80e10286b768d1539cc576f961 b716817de5292974f2689922001f5b9cfedd18d4ccb7c7de1fde14c466fb637ee1d8e5205175c43523b7be37c46783f12c 1e5ffe0d70 d7fb60 ed0c2c74 6cc4d22cce6f778 7 24b44420c20212c2ec8d51e 44 059c76370 d5 2e7fc2381e 71 29b293bbeb14359592fcf62eb3909d3b0 8620592 13bbf00444 1f3b185ce4 3817c79 3 4666feb1fb3331d4725435510f71d315bfbb5c9e e8139c966167bdede2f5463389454d48d840798252c21b694f859f81f1d7b417b9e795c7d038653713d4055860 1530f5408 ee616e192  1c7474446b701 1d64bc587cd200fc563e699fcbf7b7dbb9358141c f 972c6e0887d58e3 774638d54cdc21005  7eb8724d97c8967b62959063316f00d 84f66e25 29b8e3b234c8ed 935664fb1 2e853 604026508fedd694e8 7d116d66c6511e9e1058441e3b8f7485f03be634db9e3d3d2621 dff6484567 9730ee28d8fbb1d0dd73 d4d4b920 f22f6 dc332d7f 961 f41b204f6c3 0 36 9e6f48c37d1f426cc42d20 4e4edc7b65efb9b1e92f738db81  62080be371e 54cf22419d49db309 8 f2c13 4d d0 ef8d971ee3e960190 f9f9cc978bf82501 f432ddb83 1b3ebe18d12  b71d336dd79f54fbf7748753622fe 0570b517f04582794d5e94e12d52f25cc17d53 1b05127ce9', '87b769c171cdd 43466f1  1b1d196fc', 0),
(136, 'naujas1', 'nuoroda35', '83e dde6b9 f531b1111d26 cb5 0f68 f2117cf6477c8bcbd7c75 801dd5 d0388bb15b75746fc45084407b62bee157de21b00 7ed73ffcb4375739d8 d8fe79e5c491641686318cbb1740217c3f7fdf1c0d5 46f6be948e e4d6cf28e69e880d0c  6b4f5e74361 e19619935ff3567001f7bef45615426257 14075026f1c7261dec83977b3e9d51433 77b7cfffc88661640f5c8c980bbff2173be49 0794e4f45 4028f87e d6 e56dd197ed7156f8611279b4e674e2bccd15e 4e4f 2b ee74f6db2877c8b363985f7b3622c025253d97e13b1944de28281248788bf7c8c6bcc2 95fe 4f8e1621cfee48e475100146008b4 6 012104f4879d936d3 438dfd9fee0c675 0 dcfbb623fd8fd772e4f171ed2b8cc6e  6 be0364674410312839c2e73c915d72341457 eed8f8f 4e381cc9d74c379970edd3bcbf9 229c248bfc 9 06 4583 3192e2400356eec0 672fb 14d2f2d7b2 dcf537e0dcbb7d119719d68e6080b55636cc9def98d8b8 e7075f436bd8673f2d1d09df7d66e6480636ec3f0228d db082f1ff25e8f0984 04237d8b745ef5c75bfe8  b6f7ce9571269b8449b1bb 358 5b72389c69404 1d67db620016 5d582bf80c0eb3034f 5e81908dc345392212312c0d165c505 9d2b7f8083cc9132 9738 2434cb3e742be28b7f8 b1 36966f9018bbd152dde2fc19e e 85fb9dd2  d202d59ce7067ded4b0960c32cc0291 5d 43944cdc4262e5c17557bf75f4f5e4358d320d10bb235dfdf2f13926d92f299cd94660f  5456573 b0 587559bc49d111b2389d f10fb9379  3d8 7 f4fbef9c2158b93d41dcbe7e9c36c c98c703e1f26d3b2b19dc136402db6ec946df 9 0  d10368bbd83723206838d3de5510  f55568827b31704bf006167e6867e152fc548091cb01b29768b82e193d580f723d 350e1e 960d9 899130cbcc46 3 1b4843b3e79bd 8250edd684f68c742f7535b06fbb2963062b6 b566456044ec8572dcf316 66c43575fd964ef522d7e6 f3b1183e44e349d905 0 b0e3c59c63 6561 0469e32bb64584cff80836f69f6c e 3c694d2 ee428e93171502188fc9e  9c5f8c5f4cf4 75250cf0f7e1754db2db6d002d6e4dfdd f364329cf4b2c56112c665b9ff4914e131111bd0e6 6 d76e5dee6cd84e9f7d0597db9581014f43855d2 5c1c9d6f2c906f3 6fd0f197839d cff4ed47f76 f4688b4e651565f4fb67398 668418341d c9947f49dd8219034c920148c0e352db0e7c8e5610b292 5f201 9103d401  037e5b0d3 4f 82 3de83887c88e74555f55f73b 19f686c2c1e6bb2535c707b7e420d370250bf22 6cf8081c93026c50529db 3c671b84c0bc704e4e8e693218f05e8842341  f4c738e2e158b34dfec43b4101ef1e3bb011cb55 b24f647e917237 0d338c6f7f95c917 18bc2fe3c9dcd79d70fb68e4f4 8 15fcb27424e1f6108573bb069933b937cc184 e7 d7f0 c5fcccf560d74dc4127b 103 1005492848feeb7c4d0e715 31393d71 1007e2 341fc32 80e10286b768d1539cc576f961 b716817de5292974f2689922001f5b9cfedd18d4ccb7c7de1fde14c466fb637ee1d8e5205175c43523b7be37c46783f12c 1e5ffe0d70 d7fb60 ed0c2c74 6cc4d22cce6f778 7 24b44420c20212c2ec8d51e 44 059c76370 d5 2e7fc2381e 71 29b293bbeb14359592fcf62eb3909d3b0 8620592 13bbf00444 1f3b185ce4 3817c79 3 4666feb1fb3331d4725435510f71d315bfbb5c9e e8139c966167bdede2f5463389454d48d840798252c21b694f859f81f1d7b417b9e795c7d038653713d4055860 1530f5408 ee616e192  1c7474446b701 1d64bc587cd200fc563e699fcbf7b7dbb9358141c f 972c6e0887d58e3 774638d54cdc21005  7eb8724d97c8967b62959063316f00d 84f66e25 29b8e3b234c8ed 935664fb1 2e853 604026508fedd694e8 7d116d66c6511e9e1058441e3b8f7485f03be634db9e3d3d2621 dff6484567 9730ee28d8fbb1d0dd73 d4d4b920 f22f6 dc332d7f 961 f41b204f6c3 0 36 9e6f48c37d1f426cc42d20 4e4edc7b65efb9b1e92f738db81  62080be371e 54cf22419d49db309 8 f2c13 4d d0 ef8d971ee3e960190 f9f9cc978bf82501 f432ddb83 1b3ebe18d12  b71d336dd79f54fbf7748753622fe 0570b517f04582794d5e94e12d52f25cc17d53 1b05127ce9', '87b769c171cdd 43466f1  1b1d196fc', 4);
INSERT INTO `puslapiai` (`ID`, `pavadinimas`, `nuoroda`, `turinys`, `santrauka`, `kategorijos_id`) VALUES
(135, 'naujas1', 'nuoroda34', '83e dde6b9 f531b1111d26 cb5 0f68 f2117cf6477c8bcbd7c75 801dd5 d0388bb15b75746fc45084407b62bee157de21b00 7ed73ffcb4375739d8 d8fe79e5c491641686318cbb1740217c3f7fdf1c0d5 46f6be948e e4d6cf28e69e880d0c  6b4f5e74361 e19619935ff3567001f7bef45615426257 14075026f1c7261dec83977b3e9d51433 77b7cfffc88661640f5c8c980bbff2173be49 0794e4f45 4028f87e d6 e56dd197ed7156f8611279b4e674e2bccd15e 4e4f 2b ee74f6db2877c8b363985f7b3622c025253d97e13b1944de28281248788bf7c8c6bcc2 95fe 4f8e1621cfee48e475100146008b4 6 012104f4879d936d3 438dfd9fee0c675 0 dcfbb623fd8fd772e4f171ed2b8cc6e  6 be0364674410312839c2e73c915d72341457 eed8f8f 4e381cc9d74c379970edd3bcbf9 229c248bfc 9 06 4583 3192e2400356eec0 672fb 14d2f2d7b2 dcf537e0dcbb7d119719d68e6080b55636cc9def98d8b8 e7075f436bd8673f2d1d09df7d66e6480636ec3f0228d db082f1ff25e8f0984 04237d8b745ef5c75bfe8  b6f7ce9571269b8449b1bb 358 5b72389c69404 1d67db620016 5d582bf80c0eb3034f 5e81908dc345392212312c0d165c505 9d2b7f8083cc9132 9738 2434cb3e742be28b7f8 b1 36966f9018bbd152dde2fc19e e 85fb9dd2  d202d59ce7067ded4b0960c32cc0291 5d 43944cdc4262e5c17557bf75f4f5e4358d320d10bb235dfdf2f13926d92f299cd94660f  5456573 b0 587559bc49d111b2389d f10fb9379  3d8 7 f4fbef9c2158b93d41dcbe7e9c36c c98c703e1f26d3b2b19dc136402db6ec946df 9 0  d10368bbd83723206838d3de5510  f55568827b31704bf006167e6867e152fc548091cb01b29768b82e193d580f723d 350e1e 960d9 899130cbcc46 3 1b4843b3e79bd 8250edd684f68c742f7535b06fbb2963062b6 b566456044ec8572dcf316 66c43575fd964ef522d7e6 f3b1183e44e349d905 0 b0e3c59c63 6561 0469e32bb64584cff80836f69f6c e 3c694d2 ee428e93171502188fc9e  9c5f8c5f4cf4 75250cf0f7e1754db2db6d002d6e4dfdd f364329cf4b2c56112c665b9ff4914e131111bd0e6 6 d76e5dee6cd84e9f7d0597db9581014f43855d2 5c1c9d6f2c906f3 6fd0f197839d cff4ed47f76 f4688b4e651565f4fb67398 668418341d c9947f49dd8219034c920148c0e352db0e7c8e5610b292 5f201 9103d401  037e5b0d3 4f 82 3de83887c88e74555f55f73b 19f686c2c1e6bb2535c707b7e420d370250bf22 6cf8081c93026c50529db 3c671b84c0bc704e4e8e693218f05e8842341  f4c738e2e158b34dfec43b4101ef1e3bb011cb55 b24f647e917237 0d338c6f7f95c917 18bc2fe3c9dcd79d70fb68e4f4 8 15fcb27424e1f6108573bb069933b937cc184 e7 d7f0 c5fcccf560d74dc4127b 103 1005492848feeb7c4d0e715 31393d71 1007e2 341fc32 80e10286b768d1539cc576f961 b716817de5292974f2689922001f5b9cfedd18d4ccb7c7de1fde14c466fb637ee1d8e5205175c43523b7be37c46783f12c 1e5ffe0d70 d7fb60 ed0c2c74 6cc4d22cce6f778 7 24b44420c20212c2ec8d51e 44 059c76370 d5 2e7fc2381e 71 29b293bbeb14359592fcf62eb3909d3b0 8620592 13bbf00444 1f3b185ce4 3817c79 3 4666feb1fb3331d4725435510f71d315bfbb5c9e e8139c966167bdede2f5463389454d48d840798252c21b694f859f81f1d7b417b9e795c7d038653713d4055860 1530f5408 ee616e192  1c7474446b701 1d64bc587cd200fc563e699fcbf7b7dbb9358141c f 972c6e0887d58e3 774638d54cdc21005  7eb8724d97c8967b62959063316f00d 84f66e25 29b8e3b234c8ed 935664fb1 2e853 604026508fedd694e8 7d116d66c6511e9e1058441e3b8f7485f03be634db9e3d3d2621 dff6484567 9730ee28d8fbb1d0dd73 d4d4b920 f22f6 dc332d7f 961 f41b204f6c3 0 36 9e6f48c37d1f426cc42d20 4e4edc7b65efb9b1e92f738db81  62080be371e 54cf22419d49db309 8 f2c13 4d d0 ef8d971ee3e960190 f9f9cc978bf82501 f432ddb83 1b3ebe18d12  b71d336dd79f54fbf7748753622fe 0570b517f04582794d5e94e12d52f25cc17d53 1b05127ce9', '87b769c171cdd 43466f1  1b1d196fc', 4),
(134, 'naujas1', 'nuoroda33', '83e dde6b9 f531b1111d26 cb5 0f68 f2117cf6477c8bcbd7c75 801dd5 d0388bb15b75746fc45084407b62bee157de21b00 7ed73ffcb4375739d8 d8fe79e5c491641686318cbb1740217c3f7fdf1c0d5 46f6be948e e4d6cf28e69e880d0c  6b4f5e74361 e19619935ff3567001f7bef45615426257 14075026f1c7261dec83977b3e9d51433 77b7cfffc88661640f5c8c980bbff2173be49 0794e4f45 4028f87e d6 e56dd197ed7156f8611279b4e674e2bccd15e 4e4f 2b ee74f6db2877c8b363985f7b3622c025253d97e13b1944de28281248788bf7c8c6bcc2 95fe 4f8e1621cfee48e475100146008b4 6 012104f4879d936d3 438dfd9fee0c675 0 dcfbb623fd8fd772e4f171ed2b8cc6e  6 be0364674410312839c2e73c915d72341457 eed8f8f 4e381cc9d74c379970edd3bcbf9 229c248bfc 9 06 4583 3192e2400356eec0 672fb 14d2f2d7b2 dcf537e0dcbb7d119719d68e6080b55636cc9def98d8b8 e7075f436bd8673f2d1d09df7d66e6480636ec3f0228d db082f1ff25e8f0984 04237d8b745ef5c75bfe8  b6f7ce9571269b8449b1bb 358 5b72389c69404 1d67db620016 5d582bf80c0eb3034f 5e81908dc345392212312c0d165c505 9d2b7f8083cc9132 9738 2434cb3e742be28b7f8 b1 36966f9018bbd152dde2fc19e e 85fb9dd2  d202d59ce7067ded4b0960c32cc0291 5d 43944cdc4262e5c17557bf75f4f5e4358d320d10bb235dfdf2f13926d92f299cd94660f  5456573 b0 587559bc49d111b2389d f10fb9379  3d8 7 f4fbef9c2158b93d41dcbe7e9c36c c98c703e1f26d3b2b19dc136402db6ec946df 9 0  d10368bbd83723206838d3de5510  f55568827b31704bf006167e6867e152fc548091cb01b29768b82e193d580f723d 350e1e 960d9 899130cbcc46 3 1b4843b3e79bd 8250edd684f68c742f7535b06fbb2963062b6 b566456044ec8572dcf316 66c43575fd964ef522d7e6 f3b1183e44e349d905 0 b0e3c59c63 6561 0469e32bb64584cff80836f69f6c e 3c694d2 ee428e93171502188fc9e  9c5f8c5f4cf4 75250cf0f7e1754db2db6d002d6e4dfdd f364329cf4b2c56112c665b9ff4914e131111bd0e6 6 d76e5dee6cd84e9f7d0597db9581014f43855d2 5c1c9d6f2c906f3 6fd0f197839d cff4ed47f76 f4688b4e651565f4fb67398 668418341d c9947f49dd8219034c920148c0e352db0e7c8e5610b292 5f201 9103d401  037e5b0d3 4f 82 3de83887c88e74555f55f73b 19f686c2c1e6bb2535c707b7e420d370250bf22 6cf8081c93026c50529db 3c671b84c0bc704e4e8e693218f05e8842341  f4c738e2e158b34dfec43b4101ef1e3bb011cb55 b24f647e917237 0d338c6f7f95c917 18bc2fe3c9dcd79d70fb68e4f4 8 15fcb27424e1f6108573bb069933b937cc184 e7 d7f0 c5fcccf560d74dc4127b 103 1005492848feeb7c4d0e715 31393d71 1007e2 341fc32 80e10286b768d1539cc576f961 b716817de5292974f2689922001f5b9cfedd18d4ccb7c7de1fde14c466fb637ee1d8e5205175c43523b7be37c46783f12c 1e5ffe0d70 d7fb60 ed0c2c74 6cc4d22cce6f778 7 24b44420c20212c2ec8d51e 44 059c76370 d5 2e7fc2381e 71 29b293bbeb14359592fcf62eb3909d3b0 8620592 13bbf00444 1f3b185ce4 3817c79 3 4666feb1fb3331d4725435510f71d315bfbb5c9e e8139c966167bdede2f5463389454d48d840798252c21b694f859f81f1d7b417b9e795c7d038653713d4055860 1530f5408 ee616e192  1c7474446b701 1d64bc587cd200fc563e699fcbf7b7dbb9358141c f 972c6e0887d58e3 774638d54cdc21005  7eb8724d97c8967b62959063316f00d 84f66e25 29b8e3b234c8ed 935664fb1 2e853 604026508fedd694e8 7d116d66c6511e9e1058441e3b8f7485f03be634db9e3d3d2621 dff6484567 9730ee28d8fbb1d0dd73 d4d4b920 f22f6 dc332d7f 961 f41b204f6c3 0 36 9e6f48c37d1f426cc42d20 4e4edc7b65efb9b1e92f738db81  62080be371e 54cf22419d49db309 8 f2c13 4d d0 ef8d971ee3e960190 f9f9cc978bf82501 f432ddb83 1b3ebe18d12  b71d336dd79f54fbf7748753622fe 0570b517f04582794d5e94e12d52f25cc17d53 1b05127ce9', '87b769c171cdd 43466f1  1b1d196fc', 5),
(133, 'naujas1', 'nuoroda32', '83e dde6b9 f531b1111d26 cb5 0f68 f2117cf6477c8bcbd7c75 801dd5 d0388bb15b75746fc45084407b62bee157de21b00 7ed73ffcb4375739d8 d8fe79e5c491641686318cbb1740217c3f7fdf1c0d5 46f6be948e e4d6cf28e69e880d0c  6b4f5e74361 e19619935ff3567001f7bef45615426257 14075026f1c7261dec83977b3e9d51433 77b7cfffc88661640f5c8c980bbff2173be49 0794e4f45 4028f87e d6 e56dd197ed7156f8611279b4e674e2bccd15e 4e4f 2b ee74f6db2877c8b363985f7b3622c025253d97e13b1944de28281248788bf7c8c6bcc2 95fe 4f8e1621cfee48e475100146008b4 6 012104f4879d936d3 438dfd9fee0c675 0 dcfbb623fd8fd772e4f171ed2b8cc6e  6 be0364674410312839c2e73c915d72341457 eed8f8f 4e381cc9d74c379970edd3bcbf9 229c248bfc 9 06 4583 3192e2400356eec0 672fb 14d2f2d7b2 dcf537e0dcbb7d119719d68e6080b55636cc9def98d8b8 e7075f436bd8673f2d1d09df7d66e6480636ec3f0228d db082f1ff25e8f0984 04237d8b745ef5c75bfe8  b6f7ce9571269b8449b1bb 358 5b72389c69404 1d67db620016 5d582bf80c0eb3034f 5e81908dc345392212312c0d165c505 9d2b7f8083cc9132 9738 2434cb3e742be28b7f8 b1 36966f9018bbd152dde2fc19e e 85fb9dd2  d202d59ce7067ded4b0960c32cc0291 5d 43944cdc4262e5c17557bf75f4f5e4358d320d10bb235dfdf2f13926d92f299cd94660f  5456573 b0 587559bc49d111b2389d f10fb9379  3d8 7 f4fbef9c2158b93d41dcbe7e9c36c c98c703e1f26d3b2b19dc136402db6ec946df 9 0  d10368bbd83723206838d3de5510  f55568827b31704bf006167e6867e152fc548091cb01b29768b82e193d580f723d 350e1e 960d9 899130cbcc46 3 1b4843b3e79bd 8250edd684f68c742f7535b06fbb2963062b6 b566456044ec8572dcf316 66c43575fd964ef522d7e6 f3b1183e44e349d905 0 b0e3c59c63 6561 0469e32bb64584cff80836f69f6c e 3c694d2 ee428e93171502188fc9e  9c5f8c5f4cf4 75250cf0f7e1754db2db6d002d6e4dfdd f364329cf4b2c56112c665b9ff4914e131111bd0e6 6 d76e5dee6cd84e9f7d0597db9581014f43855d2 5c1c9d6f2c906f3 6fd0f197839d cff4ed47f76 f4688b4e651565f4fb67398 668418341d c9947f49dd8219034c920148c0e352db0e7c8e5610b292 5f201 9103d401  037e5b0d3 4f 82 3de83887c88e74555f55f73b 19f686c2c1e6bb2535c707b7e420d370250bf22 6cf8081c93026c50529db 3c671b84c0bc704e4e8e693218f05e8842341  f4c738e2e158b34dfec43b4101ef1e3bb011cb55 b24f647e917237 0d338c6f7f95c917 18bc2fe3c9dcd79d70fb68e4f4 8 15fcb27424e1f6108573bb069933b937cc184 e7 d7f0 c5fcccf560d74dc4127b 103 1005492848feeb7c4d0e715 31393d71 1007e2 341fc32 80e10286b768d1539cc576f961 b716817de5292974f2689922001f5b9cfedd18d4ccb7c7de1fde14c466fb637ee1d8e5205175c43523b7be37c46783f12c 1e5ffe0d70 d7fb60 ed0c2c74 6cc4d22cce6f778 7 24b44420c20212c2ec8d51e 44 059c76370 d5 2e7fc2381e 71 29b293bbeb14359592fcf62eb3909d3b0 8620592 13bbf00444 1f3b185ce4 3817c79 3 4666feb1fb3331d4725435510f71d315bfbb5c9e e8139c966167bdede2f5463389454d48d840798252c21b694f859f81f1d7b417b9e795c7d038653713d4055860 1530f5408 ee616e192  1c7474446b701 1d64bc587cd200fc563e699fcbf7b7dbb9358141c f 972c6e0887d58e3 774638d54cdc21005  7eb8724d97c8967b62959063316f00d 84f66e25 29b8e3b234c8ed 935664fb1 2e853 604026508fedd694e8 7d116d66c6511e9e1058441e3b8f7485f03be634db9e3d3d2621 dff6484567 9730ee28d8fbb1d0dd73 d4d4b920 f22f6 dc332d7f 961 f41b204f6c3 0 36 9e6f48c37d1f426cc42d20 4e4edc7b65efb9b1e92f738db81  62080be371e 54cf22419d49db309 8 f2c13 4d d0 ef8d971ee3e960190 f9f9cc978bf82501 f432ddb83 1b3ebe18d12  b71d336dd79f54fbf7748753622fe 0570b517f04582794d5e94e12d52f25cc17d53 1b05127ce9', '87b769c171cdd 43466f1  1b1d196fc', 1),
(132, 'naujas1', 'nuoroda31', '83e dde6b9 f531b1111d26 cb5 0f68 f2117cf6477c8bcbd7c75 801dd5 d0388bb15b75746fc45084407b62bee157de21b00 7ed73ffcb4375739d8 d8fe79e5c491641686318cbb1740217c3f7fdf1c0d5 46f6be948e e4d6cf28e69e880d0c  6b4f5e74361 e19619935ff3567001f7bef45615426257 14075026f1c7261dec83977b3e9d51433 77b7cfffc88661640f5c8c980bbff2173be49 0794e4f45 4028f87e d6 e56dd197ed7156f8611279b4e674e2bccd15e 4e4f 2b ee74f6db2877c8b363985f7b3622c025253d97e13b1944de28281248788bf7c8c6bcc2 95fe 4f8e1621cfee48e475100146008b4 6 012104f4879d936d3 438dfd9fee0c675 0 dcfbb623fd8fd772e4f171ed2b8cc6e  6 be0364674410312839c2e73c915d72341457 eed8f8f 4e381cc9d74c379970edd3bcbf9 229c248bfc 9 06 4583 3192e2400356eec0 672fb 14d2f2d7b2 dcf537e0dcbb7d119719d68e6080b55636cc9def98d8b8 e7075f436bd8673f2d1d09df7d66e6480636ec3f0228d db082f1ff25e8f0984 04237d8b745ef5c75bfe8  b6f7ce9571269b8449b1bb 358 5b72389c69404 1d67db620016 5d582bf80c0eb3034f 5e81908dc345392212312c0d165c505 9d2b7f8083cc9132 9738 2434cb3e742be28b7f8 b1 36966f9018bbd152dde2fc19e e 85fb9dd2  d202d59ce7067ded4b0960c32cc0291 5d 43944cdc4262e5c17557bf75f4f5e4358d320d10bb235dfdf2f13926d92f299cd94660f  5456573 b0 587559bc49d111b2389d f10fb9379  3d8 7 f4fbef9c2158b93d41dcbe7e9c36c c98c703e1f26d3b2b19dc136402db6ec946df 9 0  d10368bbd83723206838d3de5510  f55568827b31704bf006167e6867e152fc548091cb01b29768b82e193d580f723d 350e1e 960d9 899130cbcc46 3 1b4843b3e79bd 8250edd684f68c742f7535b06fbb2963062b6 b566456044ec8572dcf316 66c43575fd964ef522d7e6 f3b1183e44e349d905 0 b0e3c59c63 6561 0469e32bb64584cff80836f69f6c e 3c694d2 ee428e93171502188fc9e  9c5f8c5f4cf4 75250cf0f7e1754db2db6d002d6e4dfdd f364329cf4b2c56112c665b9ff4914e131111bd0e6 6 d76e5dee6cd84e9f7d0597db9581014f43855d2 5c1c9d6f2c906f3 6fd0f197839d cff4ed47f76 f4688b4e651565f4fb67398 668418341d c9947f49dd8219034c920148c0e352db0e7c8e5610b292 5f201 9103d401  037e5b0d3 4f 82 3de83887c88e74555f55f73b 19f686c2c1e6bb2535c707b7e420d370250bf22 6cf8081c93026c50529db 3c671b84c0bc704e4e8e693218f05e8842341  f4c738e2e158b34dfec43b4101ef1e3bb011cb55 b24f647e917237 0d338c6f7f95c917 18bc2fe3c9dcd79d70fb68e4f4 8 15fcb27424e1f6108573bb069933b937cc184 e7 d7f0 c5fcccf560d74dc4127b 103 1005492848feeb7c4d0e715 31393d71 1007e2 341fc32 80e10286b768d1539cc576f961 b716817de5292974f2689922001f5b9cfedd18d4ccb7c7de1fde14c466fb637ee1d8e5205175c43523b7be37c46783f12c 1e5ffe0d70 d7fb60 ed0c2c74 6cc4d22cce6f778 7 24b44420c20212c2ec8d51e 44 059c76370 d5 2e7fc2381e 71 29b293bbeb14359592fcf62eb3909d3b0 8620592 13bbf00444 1f3b185ce4 3817c79 3 4666feb1fb3331d4725435510f71d315bfbb5c9e e8139c966167bdede2f5463389454d48d840798252c21b694f859f81f1d7b417b9e795c7d038653713d4055860 1530f5408 ee616e192  1c7474446b701 1d64bc587cd200fc563e699fcbf7b7dbb9358141c f 972c6e0887d58e3 774638d54cdc21005  7eb8724d97c8967b62959063316f00d 84f66e25 29b8e3b234c8ed 935664fb1 2e853 604026508fedd694e8 7d116d66c6511e9e1058441e3b8f7485f03be634db9e3d3d2621 dff6484567 9730ee28d8fbb1d0dd73 d4d4b920 f22f6 dc332d7f 961 f41b204f6c3 0 36 9e6f48c37d1f426cc42d20 4e4edc7b65efb9b1e92f738db81  62080be371e 54cf22419d49db309 8 f2c13 4d d0 ef8d971ee3e960190 f9f9cc978bf82501 f432ddb83 1b3ebe18d12  b71d336dd79f54fbf7748753622fe 0570b517f04582794d5e94e12d52f25cc17d53 1b05127ce9', '87b769c171cdd 43466f1  1b1d196fc', 6),
(131, 'naujas1', 'nuoroda30', '83e dde6b9 f531b1111d26 cb5 0f68 f2117cf6477c8bcbd7c75 801dd5 d0388bb15b75746fc45084407b62bee157de21b00 7ed73ffcb4375739d8 d8fe79e5c491641686318cbb1740217c3f7fdf1c0d5 46f6be948e e4d6cf28e69e880d0c  6b4f5e74361 e19619935ff3567001f7bef45615426257 14075026f1c7261dec83977b3e9d51433 77b7cfffc88661640f5c8c980bbff2173be49 0794e4f45 4028f87e d6 e56dd197ed7156f8611279b4e674e2bccd15e 4e4f 2b ee74f6db2877c8b363985f7b3622c025253d97e13b1944de28281248788bf7c8c6bcc2 95fe 4f8e1621cfee48e475100146008b4 6 012104f4879d936d3 438dfd9fee0c675 0 dcfbb623fd8fd772e4f171ed2b8cc6e  6 be0364674410312839c2e73c915d72341457 eed8f8f 4e381cc9d74c379970edd3bcbf9 229c248bfc 9 06 4583 3192e2400356eec0 672fb 14d2f2d7b2 dcf537e0dcbb7d119719d68e6080b55636cc9def98d8b8 e7075f436bd8673f2d1d09df7d66e6480636ec3f0228d db082f1ff25e8f0984 04237d8b745ef5c75bfe8  b6f7ce9571269b8449b1bb 358 5b72389c69404 1d67db620016 5d582bf80c0eb3034f 5e81908dc345392212312c0d165c505 9d2b7f8083cc9132 9738 2434cb3e742be28b7f8 b1 36966f9018bbd152dde2fc19e e 85fb9dd2  d202d59ce7067ded4b0960c32cc0291 5d 43944cdc4262e5c17557bf75f4f5e4358d320d10bb235dfdf2f13926d92f299cd94660f  5456573 b0 587559bc49d111b2389d f10fb9379  3d8 7 f4fbef9c2158b93d41dcbe7e9c36c c98c703e1f26d3b2b19dc136402db6ec946df 9 0  d10368bbd83723206838d3de5510  f55568827b31704bf006167e6867e152fc548091cb01b29768b82e193d580f723d 350e1e 960d9 899130cbcc46 3 1b4843b3e79bd 8250edd684f68c742f7535b06fbb2963062b6 b566456044ec8572dcf316 66c43575fd964ef522d7e6 f3b1183e44e349d905 0 b0e3c59c63 6561 0469e32bb64584cff80836f69f6c e 3c694d2 ee428e93171502188fc9e  9c5f8c5f4cf4 75250cf0f7e1754db2db6d002d6e4dfdd f364329cf4b2c56112c665b9ff4914e131111bd0e6 6 d76e5dee6cd84e9f7d0597db9581014f43855d2 5c1c9d6f2c906f3 6fd0f197839d cff4ed47f76 f4688b4e651565f4fb67398 668418341d c9947f49dd8219034c920148c0e352db0e7c8e5610b292 5f201 9103d401  037e5b0d3 4f 82 3de83887c88e74555f55f73b 19f686c2c1e6bb2535c707b7e420d370250bf22 6cf8081c93026c50529db 3c671b84c0bc704e4e8e693218f05e8842341  f4c738e2e158b34dfec43b4101ef1e3bb011cb55 b24f647e917237 0d338c6f7f95c917 18bc2fe3c9dcd79d70fb68e4f4 8 15fcb27424e1f6108573bb069933b937cc184 e7 d7f0 c5fcccf560d74dc4127b 103 1005492848feeb7c4d0e715 31393d71 1007e2 341fc32 80e10286b768d1539cc576f961 b716817de5292974f2689922001f5b9cfedd18d4ccb7c7de1fde14c466fb637ee1d8e5205175c43523b7be37c46783f12c 1e5ffe0d70 d7fb60 ed0c2c74 6cc4d22cce6f778 7 24b44420c20212c2ec8d51e 44 059c76370 d5 2e7fc2381e 71 29b293bbeb14359592fcf62eb3909d3b0 8620592 13bbf00444 1f3b185ce4 3817c79 3 4666feb1fb3331d4725435510f71d315bfbb5c9e e8139c966167bdede2f5463389454d48d840798252c21b694f859f81f1d7b417b9e795c7d038653713d4055860 1530f5408 ee616e192  1c7474446b701 1d64bc587cd200fc563e699fcbf7b7dbb9358141c f 972c6e0887d58e3 774638d54cdc21005  7eb8724d97c8967b62959063316f00d 84f66e25 29b8e3b234c8ed 935664fb1 2e853 604026508fedd694e8 7d116d66c6511e9e1058441e3b8f7485f03be634db9e3d3d2621 dff6484567 9730ee28d8fbb1d0dd73 d4d4b920 f22f6 dc332d7f 961 f41b204f6c3 0 36 9e6f48c37d1f426cc42d20 4e4edc7b65efb9b1e92f738db81  62080be371e 54cf22419d49db309 8 f2c13 4d d0 ef8d971ee3e960190 f9f9cc978bf82501 f432ddb83 1b3ebe18d12  b71d336dd79f54fbf7748753622fe 0570b517f04582794d5e94e12d52f25cc17d53 1b05127ce9', '87b769c171cdd 43466f1  1b1d196fc', 4),
(130, 'naujas1', 'nuoroda29', '83e dde6b9 f531b1111d26 cb5 0f68 f2117cf6477c8bcbd7c75 801dd5 d0388bb15b75746fc45084407b62bee157de21b00 7ed73ffcb4375739d8 d8fe79e5c491641686318cbb1740217c3f7fdf1c0d5 46f6be948e e4d6cf28e69e880d0c  6b4f5e74361 e19619935ff3567001f7bef45615426257 14075026f1c7261dec83977b3e9d51433 77b7cfffc88661640f5c8c980bbff2173be49 0794e4f45 4028f87e d6 e56dd197ed7156f8611279b4e674e2bccd15e 4e4f 2b ee74f6db2877c8b363985f7b3622c025253d97e13b1944de28281248788bf7c8c6bcc2 95fe 4f8e1621cfee48e475100146008b4 6 012104f4879d936d3 438dfd9fee0c675 0 dcfbb623fd8fd772e4f171ed2b8cc6e  6 be0364674410312839c2e73c915d72341457 eed8f8f 4e381cc9d74c379970edd3bcbf9 229c248bfc 9 06 4583 3192e2400356eec0 672fb 14d2f2d7b2 dcf537e0dcbb7d119719d68e6080b55636cc9def98d8b8 e7075f436bd8673f2d1d09df7d66e6480636ec3f0228d db082f1ff25e8f0984 04237d8b745ef5c75bfe8  b6f7ce9571269b8449b1bb 358 5b72389c69404 1d67db620016 5d582bf80c0eb3034f 5e81908dc345392212312c0d165c505 9d2b7f8083cc9132 9738 2434cb3e742be28b7f8 b1 36966f9018bbd152dde2fc19e e 85fb9dd2  d202d59ce7067ded4b0960c32cc0291 5d 43944cdc4262e5c17557bf75f4f5e4358d320d10bb235dfdf2f13926d92f299cd94660f  5456573 b0 587559bc49d111b2389d f10fb9379  3d8 7 f4fbef9c2158b93d41dcbe7e9c36c c98c703e1f26d3b2b19dc136402db6ec946df 9 0  d10368bbd83723206838d3de5510  f55568827b31704bf006167e6867e152fc548091cb01b29768b82e193d580f723d 350e1e 960d9 899130cbcc46 3 1b4843b3e79bd 8250edd684f68c742f7535b06fbb2963062b6 b566456044ec8572dcf316 66c43575fd964ef522d7e6 f3b1183e44e349d905 0 b0e3c59c63 6561 0469e32bb64584cff80836f69f6c e 3c694d2 ee428e93171502188fc9e  9c5f8c5f4cf4 75250cf0f7e1754db2db6d002d6e4dfdd f364329cf4b2c56112c665b9ff4914e131111bd0e6 6 d76e5dee6cd84e9f7d0597db9581014f43855d2 5c1c9d6f2c906f3 6fd0f197839d cff4ed47f76 f4688b4e651565f4fb67398 668418341d c9947f49dd8219034c920148c0e352db0e7c8e5610b292 5f201 9103d401  037e5b0d3 4f 82 3de83887c88e74555f55f73b 19f686c2c1e6bb2535c707b7e420d370250bf22 6cf8081c93026c50529db 3c671b84c0bc704e4e8e693218f05e8842341  f4c738e2e158b34dfec43b4101ef1e3bb011cb55 b24f647e917237 0d338c6f7f95c917 18bc2fe3c9dcd79d70fb68e4f4 8 15fcb27424e1f6108573bb069933b937cc184 e7 d7f0 c5fcccf560d74dc4127b 103 1005492848feeb7c4d0e715 31393d71 1007e2 341fc32 80e10286b768d1539cc576f961 b716817de5292974f2689922001f5b9cfedd18d4ccb7c7de1fde14c466fb637ee1d8e5205175c43523b7be37c46783f12c 1e5ffe0d70 d7fb60 ed0c2c74 6cc4d22cce6f778 7 24b44420c20212c2ec8d51e 44 059c76370 d5 2e7fc2381e 71 29b293bbeb14359592fcf62eb3909d3b0 8620592 13bbf00444 1f3b185ce4 3817c79 3 4666feb1fb3331d4725435510f71d315bfbb5c9e e8139c966167bdede2f5463389454d48d840798252c21b694f859f81f1d7b417b9e795c7d038653713d4055860 1530f5408 ee616e192  1c7474446b701 1d64bc587cd200fc563e699fcbf7b7dbb9358141c f 972c6e0887d58e3 774638d54cdc21005  7eb8724d97c8967b62959063316f00d 84f66e25 29b8e3b234c8ed 935664fb1 2e853 604026508fedd694e8 7d116d66c6511e9e1058441e3b8f7485f03be634db9e3d3d2621 dff6484567 9730ee28d8fbb1d0dd73 d4d4b920 f22f6 dc332d7f 961 f41b204f6c3 0 36 9e6f48c37d1f426cc42d20 4e4edc7b65efb9b1e92f738db81  62080be371e 54cf22419d49db309 8 f2c13 4d d0 ef8d971ee3e960190 f9f9cc978bf82501 f432ddb83 1b3ebe18d12  b71d336dd79f54fbf7748753622fe 0570b517f04582794d5e94e12d52f25cc17d53 1b05127ce9', '87b769c171cdd 43466f1  1b1d196fc', 4),
(129, 'naujas1', 'nuoroda28', '83e dde6b9 f531b1111d26 cb5 0f68 f2117cf6477c8bcbd7c75 801dd5 d0388bb15b75746fc45084407b62bee157de21b00 7ed73ffcb4375739d8 d8fe79e5c491641686318cbb1740217c3f7fdf1c0d5 46f6be948e e4d6cf28e69e880d0c  6b4f5e74361 e19619935ff3567001f7bef45615426257 14075026f1c7261dec83977b3e9d51433 77b7cfffc88661640f5c8c980bbff2173be49 0794e4f45 4028f87e d6 e56dd197ed7156f8611279b4e674e2bccd15e 4e4f 2b ee74f6db2877c8b363985f7b3622c025253d97e13b1944de28281248788bf7c8c6bcc2 95fe 4f8e1621cfee48e475100146008b4 6 012104f4879d936d3 438dfd9fee0c675 0 dcfbb623fd8fd772e4f171ed2b8cc6e  6 be0364674410312839c2e73c915d72341457 eed8f8f 4e381cc9d74c379970edd3bcbf9 229c248bfc 9 06 4583 3192e2400356eec0 672fb 14d2f2d7b2 dcf537e0dcbb7d119719d68e6080b55636cc9def98d8b8 e7075f436bd8673f2d1d09df7d66e6480636ec3f0228d db082f1ff25e8f0984 04237d8b745ef5c75bfe8  b6f7ce9571269b8449b1bb 358 5b72389c69404 1d67db620016 5d582bf80c0eb3034f 5e81908dc345392212312c0d165c505 9d2b7f8083cc9132 9738 2434cb3e742be28b7f8 b1 36966f9018bbd152dde2fc19e e 85fb9dd2  d202d59ce7067ded4b0960c32cc0291 5d 43944cdc4262e5c17557bf75f4f5e4358d320d10bb235dfdf2f13926d92f299cd94660f  5456573 b0 587559bc49d111b2389d f10fb9379  3d8 7 f4fbef9c2158b93d41dcbe7e9c36c c98c703e1f26d3b2b19dc136402db6ec946df 9 0  d10368bbd83723206838d3de5510  f55568827b31704bf006167e6867e152fc548091cb01b29768b82e193d580f723d 350e1e 960d9 899130cbcc46 3 1b4843b3e79bd 8250edd684f68c742f7535b06fbb2963062b6 b566456044ec8572dcf316 66c43575fd964ef522d7e6 f3b1183e44e349d905 0 b0e3c59c63 6561 0469e32bb64584cff80836f69f6c e 3c694d2 ee428e93171502188fc9e  9c5f8c5f4cf4 75250cf0f7e1754db2db6d002d6e4dfdd f364329cf4b2c56112c665b9ff4914e131111bd0e6 6 d76e5dee6cd84e9f7d0597db9581014f43855d2 5c1c9d6f2c906f3 6fd0f197839d cff4ed47f76 f4688b4e651565f4fb67398 668418341d c9947f49dd8219034c920148c0e352db0e7c8e5610b292 5f201 9103d401  037e5b0d3 4f 82 3de83887c88e74555f55f73b 19f686c2c1e6bb2535c707b7e420d370250bf22 6cf8081c93026c50529db 3c671b84c0bc704e4e8e693218f05e8842341  f4c738e2e158b34dfec43b4101ef1e3bb011cb55 b24f647e917237 0d338c6f7f95c917 18bc2fe3c9dcd79d70fb68e4f4 8 15fcb27424e1f6108573bb069933b937cc184 e7 d7f0 c5fcccf560d74dc4127b 103 1005492848feeb7c4d0e715 31393d71 1007e2 341fc32 80e10286b768d1539cc576f961 b716817de5292974f2689922001f5b9cfedd18d4ccb7c7de1fde14c466fb637ee1d8e5205175c43523b7be37c46783f12c 1e5ffe0d70 d7fb60 ed0c2c74 6cc4d22cce6f778 7 24b44420c20212c2ec8d51e 44 059c76370 d5 2e7fc2381e 71 29b293bbeb14359592fcf62eb3909d3b0 8620592 13bbf00444 1f3b185ce4 3817c79 3 4666feb1fb3331d4725435510f71d315bfbb5c9e e8139c966167bdede2f5463389454d48d840798252c21b694f859f81f1d7b417b9e795c7d038653713d4055860 1530f5408 ee616e192  1c7474446b701 1d64bc587cd200fc563e699fcbf7b7dbb9358141c f 972c6e0887d58e3 774638d54cdc21005  7eb8724d97c8967b62959063316f00d 84f66e25 29b8e3b234c8ed 935664fb1 2e853 604026508fedd694e8 7d116d66c6511e9e1058441e3b8f7485f03be634db9e3d3d2621 dff6484567 9730ee28d8fbb1d0dd73 d4d4b920 f22f6 dc332d7f 961 f41b204f6c3 0 36 9e6f48c37d1f426cc42d20 4e4edc7b65efb9b1e92f738db81  62080be371e 54cf22419d49db309 8 f2c13 4d d0 ef8d971ee3e960190 f9f9cc978bf82501 f432ddb83 1b3ebe18d12  b71d336dd79f54fbf7748753622fe 0570b517f04582794d5e94e12d52f25cc17d53 1b05127ce9', '87b769c171cdd 43466f1  1b1d196fc', 4),
(128, 'naujas1', 'nuoroda27', '83e dde6b9 f531b1111d26 cb5 0f68 f2117cf6477c8bcbd7c75 801dd5 d0388bb15b75746fc45084407b62bee157de21b00 7ed73ffcb4375739d8 d8fe79e5c491641686318cbb1740217c3f7fdf1c0d5 46f6be948e e4d6cf28e69e880d0c  6b4f5e74361 e19619935ff3567001f7bef45615426257 14075026f1c7261dec83977b3e9d51433 77b7cfffc88661640f5c8c980bbff2173be49 0794e4f45 4028f87e d6 e56dd197ed7156f8611279b4e674e2bccd15e 4e4f 2b ee74f6db2877c8b363985f7b3622c025253d97e13b1944de28281248788bf7c8c6bcc2 95fe 4f8e1621cfee48e475100146008b4 6 012104f4879d936d3 438dfd9fee0c675 0 dcfbb623fd8fd772e4f171ed2b8cc6e  6 be0364674410312839c2e73c915d72341457 eed8f8f 4e381cc9d74c379970edd3bcbf9 229c248bfc 9 06 4583 3192e2400356eec0 672fb 14d2f2d7b2 dcf537e0dcbb7d119719d68e6080b55636cc9def98d8b8 e7075f436bd8673f2d1d09df7d66e6480636ec3f0228d db082f1ff25e8f0984 04237d8b745ef5c75bfe8  b6f7ce9571269b8449b1bb 358 5b72389c69404 1d67db620016 5d582bf80c0eb3034f 5e81908dc345392212312c0d165c505 9d2b7f8083cc9132 9738 2434cb3e742be28b7f8 b1 36966f9018bbd152dde2fc19e e 85fb9dd2  d202d59ce7067ded4b0960c32cc0291 5d 43944cdc4262e5c17557bf75f4f5e4358d320d10bb235dfdf2f13926d92f299cd94660f  5456573 b0 587559bc49d111b2389d f10fb9379  3d8 7 f4fbef9c2158b93d41dcbe7e9c36c c98c703e1f26d3b2b19dc136402db6ec946df 9 0  d10368bbd83723206838d3de5510  f55568827b31704bf006167e6867e152fc548091cb01b29768b82e193d580f723d 350e1e 960d9 899130cbcc46 3 1b4843b3e79bd 8250edd684f68c742f7535b06fbb2963062b6 b566456044ec8572dcf316 66c43575fd964ef522d7e6 f3b1183e44e349d905 0 b0e3c59c63 6561 0469e32bb64584cff80836f69f6c e 3c694d2 ee428e93171502188fc9e  9c5f8c5f4cf4 75250cf0f7e1754db2db6d002d6e4dfdd f364329cf4b2c56112c665b9ff4914e131111bd0e6 6 d76e5dee6cd84e9f7d0597db9581014f43855d2 5c1c9d6f2c906f3 6fd0f197839d cff4ed47f76 f4688b4e651565f4fb67398 668418341d c9947f49dd8219034c920148c0e352db0e7c8e5610b292 5f201 9103d401  037e5b0d3 4f 82 3de83887c88e74555f55f73b 19f686c2c1e6bb2535c707b7e420d370250bf22 6cf8081c93026c50529db 3c671b84c0bc704e4e8e693218f05e8842341  f4c738e2e158b34dfec43b4101ef1e3bb011cb55 b24f647e917237 0d338c6f7f95c917 18bc2fe3c9dcd79d70fb68e4f4 8 15fcb27424e1f6108573bb069933b937cc184 e7 d7f0 c5fcccf560d74dc4127b 103 1005492848feeb7c4d0e715 31393d71 1007e2 341fc32 80e10286b768d1539cc576f961 b716817de5292974f2689922001f5b9cfedd18d4ccb7c7de1fde14c466fb637ee1d8e5205175c43523b7be37c46783f12c 1e5ffe0d70 d7fb60 ed0c2c74 6cc4d22cce6f778 7 24b44420c20212c2ec8d51e 44 059c76370 d5 2e7fc2381e 71 29b293bbeb14359592fcf62eb3909d3b0 8620592 13bbf00444 1f3b185ce4 3817c79 3 4666feb1fb3331d4725435510f71d315bfbb5c9e e8139c966167bdede2f5463389454d48d840798252c21b694f859f81f1d7b417b9e795c7d038653713d4055860 1530f5408 ee616e192  1c7474446b701 1d64bc587cd200fc563e699fcbf7b7dbb9358141c f 972c6e0887d58e3 774638d54cdc21005  7eb8724d97c8967b62959063316f00d 84f66e25 29b8e3b234c8ed 935664fb1 2e853 604026508fedd694e8 7d116d66c6511e9e1058441e3b8f7485f03be634db9e3d3d2621 dff6484567 9730ee28d8fbb1d0dd73 d4d4b920 f22f6 dc332d7f 961 f41b204f6c3 0 36 9e6f48c37d1f426cc42d20 4e4edc7b65efb9b1e92f738db81  62080be371e 54cf22419d49db309 8 f2c13 4d d0 ef8d971ee3e960190 f9f9cc978bf82501 f432ddb83 1b3ebe18d12  b71d336dd79f54fbf7748753622fe 0570b517f04582794d5e94e12d52f25cc17d53 1b05127ce9', '87b769c171cdd 43466f1  1b1d196fc', 4),
(127, 'naujas1', 'nuoroda26', '83e dde6b9 f531b1111d26 cb5 0f68 f2117cf6477c8bcbd7c75 801dd5 d0388bb15b75746fc45084407b62bee157de21b00 7ed73ffcb4375739d8 d8fe79e5c491641686318cbb1740217c3f7fdf1c0d5 46f6be948e e4d6cf28e69e880d0c  6b4f5e74361 e19619935ff3567001f7bef45615426257 14075026f1c7261dec83977b3e9d51433 77b7cfffc88661640f5c8c980bbff2173be49 0794e4f45 4028f87e d6 e56dd197ed7156f8611279b4e674e2bccd15e 4e4f 2b ee74f6db2877c8b363985f7b3622c025253d97e13b1944de28281248788bf7c8c6bcc2 95fe 4f8e1621cfee48e475100146008b4 6 012104f4879d936d3 438dfd9fee0c675 0 dcfbb623fd8fd772e4f171ed2b8cc6e  6 be0364674410312839c2e73c915d72341457 eed8f8f 4e381cc9d74c379970edd3bcbf9 229c248bfc 9 06 4583 3192e2400356eec0 672fb 14d2f2d7b2 dcf537e0dcbb7d119719d68e6080b55636cc9def98d8b8 e7075f436bd8673f2d1d09df7d66e6480636ec3f0228d db082f1ff25e8f0984 04237d8b745ef5c75bfe8  b6f7ce9571269b8449b1bb 358 5b72389c69404 1d67db620016 5d582bf80c0eb3034f 5e81908dc345392212312c0d165c505 9d2b7f8083cc9132 9738 2434cb3e742be28b7f8 b1 36966f9018bbd152dde2fc19e e 85fb9dd2  d202d59ce7067ded4b0960c32cc0291 5d 43944cdc4262e5c17557bf75f4f5e4358d320d10bb235dfdf2f13926d92f299cd94660f  5456573 b0 587559bc49d111b2389d f10fb9379  3d8 7 f4fbef9c2158b93d41dcbe7e9c36c c98c703e1f26d3b2b19dc136402db6ec946df 9 0  d10368bbd83723206838d3de5510  f55568827b31704bf006167e6867e152fc548091cb01b29768b82e193d580f723d 350e1e 960d9 899130cbcc46 3 1b4843b3e79bd 8250edd684f68c742f7535b06fbb2963062b6 b566456044ec8572dcf316 66c43575fd964ef522d7e6 f3b1183e44e349d905 0 b0e3c59c63 6561 0469e32bb64584cff80836f69f6c e 3c694d2 ee428e93171502188fc9e  9c5f8c5f4cf4 75250cf0f7e1754db2db6d002d6e4dfdd f364329cf4b2c56112c665b9ff4914e131111bd0e6 6 d76e5dee6cd84e9f7d0597db9581014f43855d2 5c1c9d6f2c906f3 6fd0f197839d cff4ed47f76 f4688b4e651565f4fb67398 668418341d c9947f49dd8219034c920148c0e352db0e7c8e5610b292 5f201 9103d401  037e5b0d3 4f 82 3de83887c88e74555f55f73b 19f686c2c1e6bb2535c707b7e420d370250bf22 6cf8081c93026c50529db 3c671b84c0bc704e4e8e693218f05e8842341  f4c738e2e158b34dfec43b4101ef1e3bb011cb55 b24f647e917237 0d338c6f7f95c917 18bc2fe3c9dcd79d70fb68e4f4 8 15fcb27424e1f6108573bb069933b937cc184 e7 d7f0 c5fcccf560d74dc4127b 103 1005492848feeb7c4d0e715 31393d71 1007e2 341fc32 80e10286b768d1539cc576f961 b716817de5292974f2689922001f5b9cfedd18d4ccb7c7de1fde14c466fb637ee1d8e5205175c43523b7be37c46783f12c 1e5ffe0d70 d7fb60 ed0c2c74 6cc4d22cce6f778 7 24b44420c20212c2ec8d51e 44 059c76370 d5 2e7fc2381e 71 29b293bbeb14359592fcf62eb3909d3b0 8620592 13bbf00444 1f3b185ce4 3817c79 3 4666feb1fb3331d4725435510f71d315bfbb5c9e e8139c966167bdede2f5463389454d48d840798252c21b694f859f81f1d7b417b9e795c7d038653713d4055860 1530f5408 ee616e192  1c7474446b701 1d64bc587cd200fc563e699fcbf7b7dbb9358141c f 972c6e0887d58e3 774638d54cdc21005  7eb8724d97c8967b62959063316f00d 84f66e25 29b8e3b234c8ed 935664fb1 2e853 604026508fedd694e8 7d116d66c6511e9e1058441e3b8f7485f03be634db9e3d3d2621 dff6484567 9730ee28d8fbb1d0dd73 d4d4b920 f22f6 dc332d7f 961 f41b204f6c3 0 36 9e6f48c37d1f426cc42d20 4e4edc7b65efb9b1e92f738db81  62080be371e 54cf22419d49db309 8 f2c13 4d d0 ef8d971ee3e960190 f9f9cc978bf82501 f432ddb83 1b3ebe18d12  b71d336dd79f54fbf7748753622fe 0570b517f04582794d5e94e12d52f25cc17d53 1b05127ce9', '87b769c171cdd 43466f1  1b1d196fc', 4),
(126, 'naujas1', 'nuoroda25', '83e dde6b9 f531b1111d26 cb5 0f68 f2117cf6477c8bcbd7c75 801dd5 d0388bb15b75746fc45084407b62bee157de21b00 7ed73ffcb4375739d8 d8fe79e5c491641686318cbb1740217c3f7fdf1c0d5 46f6be948e e4d6cf28e69e880d0c  6b4f5e74361 e19619935ff3567001f7bef45615426257 14075026f1c7261dec83977b3e9d51433 77b7cfffc88661640f5c8c980bbff2173be49 0794e4f45 4028f87e d6 e56dd197ed7156f8611279b4e674e2bccd15e 4e4f 2b ee74f6db2877c8b363985f7b3622c025253d97e13b1944de28281248788bf7c8c6bcc2 95fe 4f8e1621cfee48e475100146008b4 6 012104f4879d936d3 438dfd9fee0c675 0 dcfbb623fd8fd772e4f171ed2b8cc6e  6 be0364674410312839c2e73c915d72341457 eed8f8f 4e381cc9d74c379970edd3bcbf9 229c248bfc 9 06 4583 3192e2400356eec0 672fb 14d2f2d7b2 dcf537e0dcbb7d119719d68e6080b55636cc9def98d8b8 e7075f436bd8673f2d1d09df7d66e6480636ec3f0228d db082f1ff25e8f0984 04237d8b745ef5c75bfe8  b6f7ce9571269b8449b1bb 358 5b72389c69404 1d67db620016 5d582bf80c0eb3034f 5e81908dc345392212312c0d165c505 9d2b7f8083cc9132 9738 2434cb3e742be28b7f8 b1 36966f9018bbd152dde2fc19e e 85fb9dd2  d202d59ce7067ded4b0960c32cc0291 5d 43944cdc4262e5c17557bf75f4f5e4358d320d10bb235dfdf2f13926d92f299cd94660f  5456573 b0 587559bc49d111b2389d f10fb9379  3d8 7 f4fbef9c2158b93d41dcbe7e9c36c c98c703e1f26d3b2b19dc136402db6ec946df 9 0  d10368bbd83723206838d3de5510  f55568827b31704bf006167e6867e152fc548091cb01b29768b82e193d580f723d 350e1e 960d9 899130cbcc46 3 1b4843b3e79bd 8250edd684f68c742f7535b06fbb2963062b6 b566456044ec8572dcf316 66c43575fd964ef522d7e6 f3b1183e44e349d905 0 b0e3c59c63 6561 0469e32bb64584cff80836f69f6c e 3c694d2 ee428e93171502188fc9e  9c5f8c5f4cf4 75250cf0f7e1754db2db6d002d6e4dfdd f364329cf4b2c56112c665b9ff4914e131111bd0e6 6 d76e5dee6cd84e9f7d0597db9581014f43855d2 5c1c9d6f2c906f3 6fd0f197839d cff4ed47f76 f4688b4e651565f4fb67398 668418341d c9947f49dd8219034c920148c0e352db0e7c8e5610b292 5f201 9103d401  037e5b0d3 4f 82 3de83887c88e74555f55f73b 19f686c2c1e6bb2535c707b7e420d370250bf22 6cf8081c93026c50529db 3c671b84c0bc704e4e8e693218f05e8842341  f4c738e2e158b34dfec43b4101ef1e3bb011cb55 b24f647e917237 0d338c6f7f95c917 18bc2fe3c9dcd79d70fb68e4f4 8 15fcb27424e1f6108573bb069933b937cc184 e7 d7f0 c5fcccf560d74dc4127b 103 1005492848feeb7c4d0e715 31393d71 1007e2 341fc32 80e10286b768d1539cc576f961 b716817de5292974f2689922001f5b9cfedd18d4ccb7c7de1fde14c466fb637ee1d8e5205175c43523b7be37c46783f12c 1e5ffe0d70 d7fb60 ed0c2c74 6cc4d22cce6f778 7 24b44420c20212c2ec8d51e 44 059c76370 d5 2e7fc2381e 71 29b293bbeb14359592fcf62eb3909d3b0 8620592 13bbf00444 1f3b185ce4 3817c79 3 4666feb1fb3331d4725435510f71d315bfbb5c9e e8139c966167bdede2f5463389454d48d840798252c21b694f859f81f1d7b417b9e795c7d038653713d4055860 1530f5408 ee616e192  1c7474446b701 1d64bc587cd200fc563e699fcbf7b7dbb9358141c f 972c6e0887d58e3 774638d54cdc21005  7eb8724d97c8967b62959063316f00d 84f66e25 29b8e3b234c8ed 935664fb1 2e853 604026508fedd694e8 7d116d66c6511e9e1058441e3b8f7485f03be634db9e3d3d2621 dff6484567 9730ee28d8fbb1d0dd73 d4d4b920 f22f6 dc332d7f 961 f41b204f6c3 0 36 9e6f48c37d1f426cc42d20 4e4edc7b65efb9b1e92f738db81  62080be371e 54cf22419d49db309 8 f2c13 4d d0 ef8d971ee3e960190 f9f9cc978bf82501 f432ddb83 1b3ebe18d12  b71d336dd79f54fbf7748753622fe 0570b517f04582794d5e94e12d52f25cc17d53 1b05127ce9', '87b769c171cdd 43466f1  1b1d196fc', 4),
(125, 'naujas1', 'nuoroda24', '83e dde6b9 f531b1111d26 cb5 0f68 f2117cf6477c8bcbd7c75 801dd5 d0388bb15b75746fc45084407b62bee157de21b00 7ed73ffcb4375739d8 d8fe79e5c491641686318cbb1740217c3f7fdf1c0d5 46f6be948e e4d6cf28e69e880d0c  6b4f5e74361 e19619935ff3567001f7bef45615426257 14075026f1c7261dec83977b3e9d51433 77b7cfffc88661640f5c8c980bbff2173be49 0794e4f45 4028f87e d6 e56dd197ed7156f8611279b4e674e2bccd15e 4e4f 2b ee74f6db2877c8b363985f7b3622c025253d97e13b1944de28281248788bf7c8c6bcc2 95fe 4f8e1621cfee48e475100146008b4 6 012104f4879d936d3 438dfd9fee0c675 0 dcfbb623fd8fd772e4f171ed2b8cc6e  6 be0364674410312839c2e73c915d72341457 eed8f8f 4e381cc9d74c379970edd3bcbf9 229c248bfc 9 06 4583 3192e2400356eec0 672fb 14d2f2d7b2 dcf537e0dcbb7d119719d68e6080b55636cc9def98d8b8 e7075f436bd8673f2d1d09df7d66e6480636ec3f0228d db082f1ff25e8f0984 04237d8b745ef5c75bfe8  b6f7ce9571269b8449b1bb 358 5b72389c69404 1d67db620016 5d582bf80c0eb3034f 5e81908dc345392212312c0d165c505 9d2b7f8083cc9132 9738 2434cb3e742be28b7f8 b1 36966f9018bbd152dde2fc19e e 85fb9dd2  d202d59ce7067ded4b0960c32cc0291 5d 43944cdc4262e5c17557bf75f4f5e4358d320d10bb235dfdf2f13926d92f299cd94660f  5456573 b0 587559bc49d111b2389d f10fb9379  3d8 7 f4fbef9c2158b93d41dcbe7e9c36c c98c703e1f26d3b2b19dc136402db6ec946df 9 0  d10368bbd83723206838d3de5510  f55568827b31704bf006167e6867e152fc548091cb01b29768b82e193d580f723d 350e1e 960d9 899130cbcc46 3 1b4843b3e79bd 8250edd684f68c742f7535b06fbb2963062b6 b566456044ec8572dcf316 66c43575fd964ef522d7e6 f3b1183e44e349d905 0 b0e3c59c63 6561 0469e32bb64584cff80836f69f6c e 3c694d2 ee428e93171502188fc9e  9c5f8c5f4cf4 75250cf0f7e1754db2db6d002d6e4dfdd f364329cf4b2c56112c665b9ff4914e131111bd0e6 6 d76e5dee6cd84e9f7d0597db9581014f43855d2 5c1c9d6f2c906f3 6fd0f197839d cff4ed47f76 f4688b4e651565f4fb67398 668418341d c9947f49dd8219034c920148c0e352db0e7c8e5610b292 5f201 9103d401  037e5b0d3 4f 82 3de83887c88e74555f55f73b 19f686c2c1e6bb2535c707b7e420d370250bf22 6cf8081c93026c50529db 3c671b84c0bc704e4e8e693218f05e8842341  f4c738e2e158b34dfec43b4101ef1e3bb011cb55 b24f647e917237 0d338c6f7f95c917 18bc2fe3c9dcd79d70fb68e4f4 8 15fcb27424e1f6108573bb069933b937cc184 e7 d7f0 c5fcccf560d74dc4127b 103 1005492848feeb7c4d0e715 31393d71 1007e2 341fc32 80e10286b768d1539cc576f961 b716817de5292974f2689922001f5b9cfedd18d4ccb7c7de1fde14c466fb637ee1d8e5205175c43523b7be37c46783f12c 1e5ffe0d70 d7fb60 ed0c2c74 6cc4d22cce6f778 7 24b44420c20212c2ec8d51e 44 059c76370 d5 2e7fc2381e 71 29b293bbeb14359592fcf62eb3909d3b0 8620592 13bbf00444 1f3b185ce4 3817c79 3 4666feb1fb3331d4725435510f71d315bfbb5c9e e8139c966167bdede2f5463389454d48d840798252c21b694f859f81f1d7b417b9e795c7d038653713d4055860 1530f5408 ee616e192  1c7474446b701 1d64bc587cd200fc563e699fcbf7b7dbb9358141c f 972c6e0887d58e3 774638d54cdc21005  7eb8724d97c8967b62959063316f00d 84f66e25 29b8e3b234c8ed 935664fb1 2e853 604026508fedd694e8 7d116d66c6511e9e1058441e3b8f7485f03be634db9e3d3d2621 dff6484567 9730ee28d8fbb1d0dd73 d4d4b920 f22f6 dc332d7f 961 f41b204f6c3 0 36 9e6f48c37d1f426cc42d20 4e4edc7b65efb9b1e92f738db81  62080be371e 54cf22419d49db309 8 f2c13 4d d0 ef8d971ee3e960190 f9f9cc978bf82501 f432ddb83 1b3ebe18d12  b71d336dd79f54fbf7748753622fe 0570b517f04582794d5e94e12d52f25cc17d53 1b05127ce9', '87b769c171cdd 43466f1  1b1d196fc', 4),
(124, 'naujas1', 'nuoroda23', '83e dde6b9 f531b1111d26 cb5 0f68 f2117cf6477c8bcbd7c75 801dd5 d0388bb15b75746fc45084407b62bee157de21b00 7ed73ffcb4375739d8 d8fe79e5c491641686318cbb1740217c3f7fdf1c0d5 46f6be948e e4d6cf28e69e880d0c  6b4f5e74361 e19619935ff3567001f7bef45615426257 14075026f1c7261dec83977b3e9d51433 77b7cfffc88661640f5c8c980bbff2173be49 0794e4f45 4028f87e d6 e56dd197ed7156f8611279b4e674e2bccd15e 4e4f 2b ee74f6db2877c8b363985f7b3622c025253d97e13b1944de28281248788bf7c8c6bcc2 95fe 4f8e1621cfee48e475100146008b4 6 012104f4879d936d3 438dfd9fee0c675 0 dcfbb623fd8fd772e4f171ed2b8cc6e  6 be0364674410312839c2e73c915d72341457 eed8f8f 4e381cc9d74c379970edd3bcbf9 229c248bfc 9 06 4583 3192e2400356eec0 672fb 14d2f2d7b2 dcf537e0dcbb7d119719d68e6080b55636cc9def98d8b8 e7075f436bd8673f2d1d09df7d66e6480636ec3f0228d db082f1ff25e8f0984 04237d8b745ef5c75bfe8  b6f7ce9571269b8449b1bb 358 5b72389c69404 1d67db620016 5d582bf80c0eb3034f 5e81908dc345392212312c0d165c505 9d2b7f8083cc9132 9738 2434cb3e742be28b7f8 b1 36966f9018bbd152dde2fc19e e 85fb9dd2  d202d59ce7067ded4b0960c32cc0291 5d 43944cdc4262e5c17557bf75f4f5e4358d320d10bb235dfdf2f13926d92f299cd94660f  5456573 b0 587559bc49d111b2389d f10fb9379  3d8 7 f4fbef9c2158b93d41dcbe7e9c36c c98c703e1f26d3b2b19dc136402db6ec946df 9 0  d10368bbd83723206838d3de5510  f55568827b31704bf006167e6867e152fc548091cb01b29768b82e193d580f723d 350e1e 960d9 899130cbcc46 3 1b4843b3e79bd 8250edd684f68c742f7535b06fbb2963062b6 b566456044ec8572dcf316 66c43575fd964ef522d7e6 f3b1183e44e349d905 0 b0e3c59c63 6561 0469e32bb64584cff80836f69f6c e 3c694d2 ee428e93171502188fc9e  9c5f8c5f4cf4 75250cf0f7e1754db2db6d002d6e4dfdd f364329cf4b2c56112c665b9ff4914e131111bd0e6 6 d76e5dee6cd84e9f7d0597db9581014f43855d2 5c1c9d6f2c906f3 6fd0f197839d cff4ed47f76 f4688b4e651565f4fb67398 668418341d c9947f49dd8219034c920148c0e352db0e7c8e5610b292 5f201 9103d401  037e5b0d3 4f 82 3de83887c88e74555f55f73b 19f686c2c1e6bb2535c707b7e420d370250bf22 6cf8081c93026c50529db 3c671b84c0bc704e4e8e693218f05e8842341  f4c738e2e158b34dfec43b4101ef1e3bb011cb55 b24f647e917237 0d338c6f7f95c917 18bc2fe3c9dcd79d70fb68e4f4 8 15fcb27424e1f6108573bb069933b937cc184 e7 d7f0 c5fcccf560d74dc4127b 103 1005492848feeb7c4d0e715 31393d71 1007e2 341fc32 80e10286b768d1539cc576f961 b716817de5292974f2689922001f5b9cfedd18d4ccb7c7de1fde14c466fb637ee1d8e5205175c43523b7be37c46783f12c 1e5ffe0d70 d7fb60 ed0c2c74 6cc4d22cce6f778 7 24b44420c20212c2ec8d51e 44 059c76370 d5 2e7fc2381e 71 29b293bbeb14359592fcf62eb3909d3b0 8620592 13bbf00444 1f3b185ce4 3817c79 3 4666feb1fb3331d4725435510f71d315bfbb5c9e e8139c966167bdede2f5463389454d48d840798252c21b694f859f81f1d7b417b9e795c7d038653713d4055860 1530f5408 ee616e192  1c7474446b701 1d64bc587cd200fc563e699fcbf7b7dbb9358141c f 972c6e0887d58e3 774638d54cdc21005  7eb8724d97c8967b62959063316f00d 84f66e25 29b8e3b234c8ed 935664fb1 2e853 604026508fedd694e8 7d116d66c6511e9e1058441e3b8f7485f03be634db9e3d3d2621 dff6484567 9730ee28d8fbb1d0dd73 d4d4b920 f22f6 dc332d7f 961 f41b204f6c3 0 36 9e6f48c37d1f426cc42d20 4e4edc7b65efb9b1e92f738db81  62080be371e 54cf22419d49db309 8 f2c13 4d d0 ef8d971ee3e960190 f9f9cc978bf82501 f432ddb83 1b3ebe18d12  b71d336dd79f54fbf7748753622fe 0570b517f04582794d5e94e12d52f25cc17d53 1b05127ce9', '87b769c171cdd 43466f1  1b1d196fc', 4),
(123, 'naujas1', 'nuoroda22', '83e dde6b9 f531b1111d26 cb5 0f68 f2117cf6477c8bcbd7c75 801dd5 d0388bb15b75746fc45084407b62bee157de21b00 7ed73ffcb4375739d8 d8fe79e5c491641686318cbb1740217c3f7fdf1c0d5 46f6be948e e4d6cf28e69e880d0c  6b4f5e74361 e19619935ff3567001f7bef45615426257 14075026f1c7261dec83977b3e9d51433 77b7cfffc88661640f5c8c980bbff2173be49 0794e4f45 4028f87e d6 e56dd197ed7156f8611279b4e674e2bccd15e 4e4f 2b ee74f6db2877c8b363985f7b3622c025253d97e13b1944de28281248788bf7c8c6bcc2 95fe 4f8e1621cfee48e475100146008b4 6 012104f4879d936d3 438dfd9fee0c675 0 dcfbb623fd8fd772e4f171ed2b8cc6e  6 be0364674410312839c2e73c915d72341457 eed8f8f 4e381cc9d74c379970edd3bcbf9 229c248bfc 9 06 4583 3192e2400356eec0 672fb 14d2f2d7b2 dcf537e0dcbb7d119719d68e6080b55636cc9def98d8b8 e7075f436bd8673f2d1d09df7d66e6480636ec3f0228d db082f1ff25e8f0984 04237d8b745ef5c75bfe8  b6f7ce9571269b8449b1bb 358 5b72389c69404 1d67db620016 5d582bf80c0eb3034f 5e81908dc345392212312c0d165c505 9d2b7f8083cc9132 9738 2434cb3e742be28b7f8 b1 36966f9018bbd152dde2fc19e e 85fb9dd2  d202d59ce7067ded4b0960c32cc0291 5d 43944cdc4262e5c17557bf75f4f5e4358d320d10bb235dfdf2f13926d92f299cd94660f  5456573 b0 587559bc49d111b2389d f10fb9379  3d8 7 f4fbef9c2158b93d41dcbe7e9c36c c98c703e1f26d3b2b19dc136402db6ec946df 9 0  d10368bbd83723206838d3de5510  f55568827b31704bf006167e6867e152fc548091cb01b29768b82e193d580f723d 350e1e 960d9 899130cbcc46 3 1b4843b3e79bd 8250edd684f68c742f7535b06fbb2963062b6 b566456044ec8572dcf316 66c43575fd964ef522d7e6 f3b1183e44e349d905 0 b0e3c59c63 6561 0469e32bb64584cff80836f69f6c e 3c694d2 ee428e93171502188fc9e  9c5f8c5f4cf4 75250cf0f7e1754db2db6d002d6e4dfdd f364329cf4b2c56112c665b9ff4914e131111bd0e6 6 d76e5dee6cd84e9f7d0597db9581014f43855d2 5c1c9d6f2c906f3 6fd0f197839d cff4ed47f76 f4688b4e651565f4fb67398 668418341d c9947f49dd8219034c920148c0e352db0e7c8e5610b292 5f201 9103d401  037e5b0d3 4f 82 3de83887c88e74555f55f73b 19f686c2c1e6bb2535c707b7e420d370250bf22 6cf8081c93026c50529db 3c671b84c0bc704e4e8e693218f05e8842341  f4c738e2e158b34dfec43b4101ef1e3bb011cb55 b24f647e917237 0d338c6f7f95c917 18bc2fe3c9dcd79d70fb68e4f4 8 15fcb27424e1f6108573bb069933b937cc184 e7 d7f0 c5fcccf560d74dc4127b 103 1005492848feeb7c4d0e715 31393d71 1007e2 341fc32 80e10286b768d1539cc576f961 b716817de5292974f2689922001f5b9cfedd18d4ccb7c7de1fde14c466fb637ee1d8e5205175c43523b7be37c46783f12c 1e5ffe0d70 d7fb60 ed0c2c74 6cc4d22cce6f778 7 24b44420c20212c2ec8d51e 44 059c76370 d5 2e7fc2381e 71 29b293bbeb14359592fcf62eb3909d3b0 8620592 13bbf00444 1f3b185ce4 3817c79 3 4666feb1fb3331d4725435510f71d315bfbb5c9e e8139c966167bdede2f5463389454d48d840798252c21b694f859f81f1d7b417b9e795c7d038653713d4055860 1530f5408 ee616e192  1c7474446b701 1d64bc587cd200fc563e699fcbf7b7dbb9358141c f 972c6e0887d58e3 774638d54cdc21005  7eb8724d97c8967b62959063316f00d 84f66e25 29b8e3b234c8ed 935664fb1 2e853 604026508fedd694e8 7d116d66c6511e9e1058441e3b8f7485f03be634db9e3d3d2621 dff6484567 9730ee28d8fbb1d0dd73 d4d4b920 f22f6 dc332d7f 961 f41b204f6c3 0 36 9e6f48c37d1f426cc42d20 4e4edc7b65efb9b1e92f738db81  62080be371e 54cf22419d49db309 8 f2c13 4d d0 ef8d971ee3e960190 f9f9cc978bf82501 f432ddb83 1b3ebe18d12  b71d336dd79f54fbf7748753622fe 0570b517f04582794d5e94e12d52f25cc17d53 1b05127ce9', '87b769c171cdd 43466f1  1b1d196fc', 4),
(122, 'naujas1', 'nuoroda21', '83e dde6b9 f531b1111d26 cb5 0f68 f2117cf6477c8bcbd7c75 801dd5 d0388bb15b75746fc45084407b62bee157de21b00 7ed73ffcb4375739d8 d8fe79e5c491641686318cbb1740217c3f7fdf1c0d5 46f6be948e e4d6cf28e69e880d0c  6b4f5e74361 e19619935ff3567001f7bef45615426257 14075026f1c7261dec83977b3e9d51433 77b7cfffc88661640f5c8c980bbff2173be49 0794e4f45 4028f87e d6 e56dd197ed7156f8611279b4e674e2bccd15e 4e4f 2b ee74f6db2877c8b363985f7b3622c025253d97e13b1944de28281248788bf7c8c6bcc2 95fe 4f8e1621cfee48e475100146008b4 6 012104f4879d936d3 438dfd9fee0c675 0 dcfbb623fd8fd772e4f171ed2b8cc6e  6 be0364674410312839c2e73c915d72341457 eed8f8f 4e381cc9d74c379970edd3bcbf9 229c248bfc 9 06 4583 3192e2400356eec0 672fb 14d2f2d7b2 dcf537e0dcbb7d119719d68e6080b55636cc9def98d8b8 e7075f436bd8673f2d1d09df7d66e6480636ec3f0228d db082f1ff25e8f0984 04237d8b745ef5c75bfe8  b6f7ce9571269b8449b1bb 358 5b72389c69404 1d67db620016 5d582bf80c0eb3034f 5e81908dc345392212312c0d165c505 9d2b7f8083cc9132 9738 2434cb3e742be28b7f8 b1 36966f9018bbd152dde2fc19e e 85fb9dd2  d202d59ce7067ded4b0960c32cc0291 5d 43944cdc4262e5c17557bf75f4f5e4358d320d10bb235dfdf2f13926d92f299cd94660f  5456573 b0 587559bc49d111b2389d f10fb9379  3d8 7 f4fbef9c2158b93d41dcbe7e9c36c c98c703e1f26d3b2b19dc136402db6ec946df 9 0  d10368bbd83723206838d3de5510  f55568827b31704bf006167e6867e152fc548091cb01b29768b82e193d580f723d 350e1e 960d9 899130cbcc46 3 1b4843b3e79bd 8250edd684f68c742f7535b06fbb2963062b6 b566456044ec8572dcf316 66c43575fd964ef522d7e6 f3b1183e44e349d905 0 b0e3c59c63 6561 0469e32bb64584cff80836f69f6c e 3c694d2 ee428e93171502188fc9e  9c5f8c5f4cf4 75250cf0f7e1754db2db6d002d6e4dfdd f364329cf4b2c56112c665b9ff4914e131111bd0e6 6 d76e5dee6cd84e9f7d0597db9581014f43855d2 5c1c9d6f2c906f3 6fd0f197839d cff4ed47f76 f4688b4e651565f4fb67398 668418341d c9947f49dd8219034c920148c0e352db0e7c8e5610b292 5f201 9103d401  037e5b0d3 4f 82 3de83887c88e74555f55f73b 19f686c2c1e6bb2535c707b7e420d370250bf22 6cf8081c93026c50529db 3c671b84c0bc704e4e8e693218f05e8842341  f4c738e2e158b34dfec43b4101ef1e3bb011cb55 b24f647e917237 0d338c6f7f95c917 18bc2fe3c9dcd79d70fb68e4f4 8 15fcb27424e1f6108573bb069933b937cc184 e7 d7f0 c5fcccf560d74dc4127b 103 1005492848feeb7c4d0e715 31393d71 1007e2 341fc32 80e10286b768d1539cc576f961 b716817de5292974f2689922001f5b9cfedd18d4ccb7c7de1fde14c466fb637ee1d8e5205175c43523b7be37c46783f12c 1e5ffe0d70 d7fb60 ed0c2c74 6cc4d22cce6f778 7 24b44420c20212c2ec8d51e 44 059c76370 d5 2e7fc2381e 71 29b293bbeb14359592fcf62eb3909d3b0 8620592 13bbf00444 1f3b185ce4 3817c79 3 4666feb1fb3331d4725435510f71d315bfbb5c9e e8139c966167bdede2f5463389454d48d840798252c21b694f859f81f1d7b417b9e795c7d038653713d4055860 1530f5408 ee616e192  1c7474446b701 1d64bc587cd200fc563e699fcbf7b7dbb9358141c f 972c6e0887d58e3 774638d54cdc21005  7eb8724d97c8967b62959063316f00d 84f66e25 29b8e3b234c8ed 935664fb1 2e853 604026508fedd694e8 7d116d66c6511e9e1058441e3b8f7485f03be634db9e3d3d2621 dff6484567 9730ee28d8fbb1d0dd73 d4d4b920 f22f6 dc332d7f 961 f41b204f6c3 0 36 9e6f48c37d1f426cc42d20 4e4edc7b65efb9b1e92f738db81  62080be371e 54cf22419d49db309 8 f2c13 4d d0 ef8d971ee3e960190 f9f9cc978bf82501 f432ddb83 1b3ebe18d12  b71d336dd79f54fbf7748753622fe 0570b517f04582794d5e94e12d52f25cc17d53 1b05127ce9', '87b769c171cdd 43466f1  1b1d196fc', 4),
(121, 'naujas1', 'nuoroda20', '83e dde6b9 f531b1111d26 cb5 0f68 f2117cf6477c8bcbd7c75 801dd5 d0388bb15b75746fc45084407b62bee157de21b00 7ed73ffcb4375739d8 d8fe79e5c491641686318cbb1740217c3f7fdf1c0d5 46f6be948e e4d6cf28e69e880d0c  6b4f5e74361 e19619935ff3567001f7bef45615426257 14075026f1c7261dec83977b3e9d51433 77b7cfffc88661640f5c8c980bbff2173be49 0794e4f45 4028f87e d6 e56dd197ed7156f8611279b4e674e2bccd15e 4e4f 2b ee74f6db2877c8b363985f7b3622c025253d97e13b1944de28281248788bf7c8c6bcc2 95fe 4f8e1621cfee48e475100146008b4 6 012104f4879d936d3 438dfd9fee0c675 0 dcfbb623fd8fd772e4f171ed2b8cc6e  6 be0364674410312839c2e73c915d72341457 eed8f8f 4e381cc9d74c379970edd3bcbf9 229c248bfc 9 06 4583 3192e2400356eec0 672fb 14d2f2d7b2 dcf537e0dcbb7d119719d68e6080b55636cc9def98d8b8 e7075f436bd8673f2d1d09df7d66e6480636ec3f0228d db082f1ff25e8f0984 04237d8b745ef5c75bfe8  b6f7ce9571269b8449b1bb 358 5b72389c69404 1d67db620016 5d582bf80c0eb3034f 5e81908dc345392212312c0d165c505 9d2b7f8083cc9132 9738 2434cb3e742be28b7f8 b1 36966f9018bbd152dde2fc19e e 85fb9dd2  d202d59ce7067ded4b0960c32cc0291 5d 43944cdc4262e5c17557bf75f4f5e4358d320d10bb235dfdf2f13926d92f299cd94660f  5456573 b0 587559bc49d111b2389d f10fb9379  3d8 7 f4fbef9c2158b93d41dcbe7e9c36c c98c703e1f26d3b2b19dc136402db6ec946df 9 0  d10368bbd83723206838d3de5510  f55568827b31704bf006167e6867e152fc548091cb01b29768b82e193d580f723d 350e1e 960d9 899130cbcc46 3 1b4843b3e79bd 8250edd684f68c742f7535b06fbb2963062b6 b566456044ec8572dcf316 66c43575fd964ef522d7e6 f3b1183e44e349d905 0 b0e3c59c63 6561 0469e32bb64584cff80836f69f6c e 3c694d2 ee428e93171502188fc9e  9c5f8c5f4cf4 75250cf0f7e1754db2db6d002d6e4dfdd f364329cf4b2c56112c665b9ff4914e131111bd0e6 6 d76e5dee6cd84e9f7d0597db9581014f43855d2 5c1c9d6f2c906f3 6fd0f197839d cff4ed47f76 f4688b4e651565f4fb67398 668418341d c9947f49dd8219034c920148c0e352db0e7c8e5610b292 5f201 9103d401  037e5b0d3 4f 82 3de83887c88e74555f55f73b 19f686c2c1e6bb2535c707b7e420d370250bf22 6cf8081c93026c50529db 3c671b84c0bc704e4e8e693218f05e8842341  f4c738e2e158b34dfec43b4101ef1e3bb011cb55 b24f647e917237 0d338c6f7f95c917 18bc2fe3c9dcd79d70fb68e4f4 8 15fcb27424e1f6108573bb069933b937cc184 e7 d7f0 c5fcccf560d74dc4127b 103 1005492848feeb7c4d0e715 31393d71 1007e2 341fc32 80e10286b768d1539cc576f961 b716817de5292974f2689922001f5b9cfedd18d4ccb7c7de1fde14c466fb637ee1d8e5205175c43523b7be37c46783f12c 1e5ffe0d70 d7fb60 ed0c2c74 6cc4d22cce6f778 7 24b44420c20212c2ec8d51e 44 059c76370 d5 2e7fc2381e 71 29b293bbeb14359592fcf62eb3909d3b0 8620592 13bbf00444 1f3b185ce4 3817c79 3 4666feb1fb3331d4725435510f71d315bfbb5c9e e8139c966167bdede2f5463389454d48d840798252c21b694f859f81f1d7b417b9e795c7d038653713d4055860 1530f5408 ee616e192  1c7474446b701 1d64bc587cd200fc563e699fcbf7b7dbb9358141c f 972c6e0887d58e3 774638d54cdc21005  7eb8724d97c8967b62959063316f00d 84f66e25 29b8e3b234c8ed 935664fb1 2e853 604026508fedd694e8 7d116d66c6511e9e1058441e3b8f7485f03be634db9e3d3d2621 dff6484567 9730ee28d8fbb1d0dd73 d4d4b920 f22f6 dc332d7f 961 f41b204f6c3 0 36 9e6f48c37d1f426cc42d20 4e4edc7b65efb9b1e92f738db81  62080be371e 54cf22419d49db309 8 f2c13 4d d0 ef8d971ee3e960190 f9f9cc978bf82501 f432ddb83 1b3ebe18d12  b71d336dd79f54fbf7748753622fe 0570b517f04582794d5e94e12d52f25cc17d53 1b05127ce9', '87b769c171cdd 43466f1  1b1d196fc', 4);
INSERT INTO `puslapiai` (`ID`, `pavadinimas`, `nuoroda`, `turinys`, `santrauka`, `kategorijos_id`) VALUES
(120, 'naujas1', 'nuoroda19', '83e dde6b9 f531b1111d26 cb5 0f68 f2117cf6477c8bcbd7c75 801dd5 d0388bb15b75746fc45084407b62bee157de21b00 7ed73ffcb4375739d8 d8fe79e5c491641686318cbb1740217c3f7fdf1c0d5 46f6be948e e4d6cf28e69e880d0c  6b4f5e74361 e19619935ff3567001f7bef45615426257 14075026f1c7261dec83977b3e9d51433 77b7cfffc88661640f5c8c980bbff2173be49 0794e4f45 4028f87e d6 e56dd197ed7156f8611279b4e674e2bccd15e 4e4f 2b ee74f6db2877c8b363985f7b3622c025253d97e13b1944de28281248788bf7c8c6bcc2 95fe 4f8e1621cfee48e475100146008b4 6 012104f4879d936d3 438dfd9fee0c675 0 dcfbb623fd8fd772e4f171ed2b8cc6e  6 be0364674410312839c2e73c915d72341457 eed8f8f 4e381cc9d74c379970edd3bcbf9 229c248bfc 9 06 4583 3192e2400356eec0 672fb 14d2f2d7b2 dcf537e0dcbb7d119719d68e6080b55636cc9def98d8b8 e7075f436bd8673f2d1d09df7d66e6480636ec3f0228d db082f1ff25e8f0984 04237d8b745ef5c75bfe8  b6f7ce9571269b8449b1bb 358 5b72389c69404 1d67db620016 5d582bf80c0eb3034f 5e81908dc345392212312c0d165c505 9d2b7f8083cc9132 9738 2434cb3e742be28b7f8 b1 36966f9018bbd152dde2fc19e e 85fb9dd2  d202d59ce7067ded4b0960c32cc0291 5d 43944cdc4262e5c17557bf75f4f5e4358d320d10bb235dfdf2f13926d92f299cd94660f  5456573 b0 587559bc49d111b2389d f10fb9379  3d8 7 f4fbef9c2158b93d41dcbe7e9c36c c98c703e1f26d3b2b19dc136402db6ec946df 9 0  d10368bbd83723206838d3de5510  f55568827b31704bf006167e6867e152fc548091cb01b29768b82e193d580f723d 350e1e 960d9 899130cbcc46 3 1b4843b3e79bd 8250edd684f68c742f7535b06fbb2963062b6 b566456044ec8572dcf316 66c43575fd964ef522d7e6 f3b1183e44e349d905 0 b0e3c59c63 6561 0469e32bb64584cff80836f69f6c e 3c694d2 ee428e93171502188fc9e  9c5f8c5f4cf4 75250cf0f7e1754db2db6d002d6e4dfdd f364329cf4b2c56112c665b9ff4914e131111bd0e6 6 d76e5dee6cd84e9f7d0597db9581014f43855d2 5c1c9d6f2c906f3 6fd0f197839d cff4ed47f76 f4688b4e651565f4fb67398 668418341d c9947f49dd8219034c920148c0e352db0e7c8e5610b292 5f201 9103d401  037e5b0d3 4f 82 3de83887c88e74555f55f73b 19f686c2c1e6bb2535c707b7e420d370250bf22 6cf8081c93026c50529db 3c671b84c0bc704e4e8e693218f05e8842341  f4c738e2e158b34dfec43b4101ef1e3bb011cb55 b24f647e917237 0d338c6f7f95c917 18bc2fe3c9dcd79d70fb68e4f4 8 15fcb27424e1f6108573bb069933b937cc184 e7 d7f0 c5fcccf560d74dc4127b 103 1005492848feeb7c4d0e715 31393d71 1007e2 341fc32 80e10286b768d1539cc576f961 b716817de5292974f2689922001f5b9cfedd18d4ccb7c7de1fde14c466fb637ee1d8e5205175c43523b7be37c46783f12c 1e5ffe0d70 d7fb60 ed0c2c74 6cc4d22cce6f778 7 24b44420c20212c2ec8d51e 44 059c76370 d5 2e7fc2381e 71 29b293bbeb14359592fcf62eb3909d3b0 8620592 13bbf00444 1f3b185ce4 3817c79 3 4666feb1fb3331d4725435510f71d315bfbb5c9e e8139c966167bdede2f5463389454d48d840798252c21b694f859f81f1d7b417b9e795c7d038653713d4055860 1530f5408 ee616e192  1c7474446b701 1d64bc587cd200fc563e699fcbf7b7dbb9358141c f 972c6e0887d58e3 774638d54cdc21005  7eb8724d97c8967b62959063316f00d 84f66e25 29b8e3b234c8ed 935664fb1 2e853 604026508fedd694e8 7d116d66c6511e9e1058441e3b8f7485f03be634db9e3d3d2621 dff6484567 9730ee28d8fbb1d0dd73 d4d4b920 f22f6 dc332d7f 961 f41b204f6c3 0 36 9e6f48c37d1f426cc42d20 4e4edc7b65efb9b1e92f738db81  62080be371e 54cf22419d49db309 8 f2c13 4d d0 ef8d971ee3e960190 f9f9cc978bf82501 f432ddb83 1b3ebe18d12  b71d336dd79f54fbf7748753622fe 0570b517f04582794d5e94e12d52f25cc17d53 1b05127ce9', '87b769c171cdd 43466f1  1b1d196fc', 7),
(119, 'naujas1', 'nuoroda18', '83e dde6b9 f531b1111d26 cb5 0f68 f2117cf6477c8bcbd7c75 801dd5 d0388bb15b75746fc45084407b62bee157de21b00 7ed73ffcb4375739d8 d8fe79e5c491641686318cbb1740217c3f7fdf1c0d5 46f6be948e e4d6cf28e69e880d0c  6b4f5e74361 e19619935ff3567001f7bef45615426257 14075026f1c7261dec83977b3e9d51433 77b7cfffc88661640f5c8c980bbff2173be49 0794e4f45 4028f87e d6 e56dd197ed7156f8611279b4e674e2bccd15e 4e4f 2b ee74f6db2877c8b363985f7b3622c025253d97e13b1944de28281248788bf7c8c6bcc2 95fe 4f8e1621cfee48e475100146008b4 6 012104f4879d936d3 438dfd9fee0c675 0 dcfbb623fd8fd772e4f171ed2b8cc6e  6 be0364674410312839c2e73c915d72341457 eed8f8f 4e381cc9d74c379970edd3bcbf9 229c248bfc 9 06 4583 3192e2400356eec0 672fb 14d2f2d7b2 dcf537e0dcbb7d119719d68e6080b55636cc9def98d8b8 e7075f436bd8673f2d1d09df7d66e6480636ec3f0228d db082f1ff25e8f0984 04237d8b745ef5c75bfe8  b6f7ce9571269b8449b1bb 358 5b72389c69404 1d67db620016 5d582bf80c0eb3034f 5e81908dc345392212312c0d165c505 9d2b7f8083cc9132 9738 2434cb3e742be28b7f8 b1 36966f9018bbd152dde2fc19e e 85fb9dd2  d202d59ce7067ded4b0960c32cc0291 5d 43944cdc4262e5c17557bf75f4f5e4358d320d10bb235dfdf2f13926d92f299cd94660f  5456573 b0 587559bc49d111b2389d f10fb9379  3d8 7 f4fbef9c2158b93d41dcbe7e9c36c c98c703e1f26d3b2b19dc136402db6ec946df 9 0  d10368bbd83723206838d3de5510  f55568827b31704bf006167e6867e152fc548091cb01b29768b82e193d580f723d 350e1e 960d9 899130cbcc46 3 1b4843b3e79bd 8250edd684f68c742f7535b06fbb2963062b6 b566456044ec8572dcf316 66c43575fd964ef522d7e6 f3b1183e44e349d905 0 b0e3c59c63 6561 0469e32bb64584cff80836f69f6c e 3c694d2 ee428e93171502188fc9e  9c5f8c5f4cf4 75250cf0f7e1754db2db6d002d6e4dfdd f364329cf4b2c56112c665b9ff4914e131111bd0e6 6 d76e5dee6cd84e9f7d0597db9581014f43855d2 5c1c9d6f2c906f3 6fd0f197839d cff4ed47f76 f4688b4e651565f4fb67398 668418341d c9947f49dd8219034c920148c0e352db0e7c8e5610b292 5f201 9103d401  037e5b0d3 4f 82 3de83887c88e74555f55f73b 19f686c2c1e6bb2535c707b7e420d370250bf22 6cf8081c93026c50529db 3c671b84c0bc704e4e8e693218f05e8842341  f4c738e2e158b34dfec43b4101ef1e3bb011cb55 b24f647e917237 0d338c6f7f95c917 18bc2fe3c9dcd79d70fb68e4f4 8 15fcb27424e1f6108573bb069933b937cc184 e7 d7f0 c5fcccf560d74dc4127b 103 1005492848feeb7c4d0e715 31393d71 1007e2 341fc32 80e10286b768d1539cc576f961 b716817de5292974f2689922001f5b9cfedd18d4ccb7c7de1fde14c466fb637ee1d8e5205175c43523b7be37c46783f12c 1e5ffe0d70 d7fb60 ed0c2c74 6cc4d22cce6f778 7 24b44420c20212c2ec8d51e 44 059c76370 d5 2e7fc2381e 71 29b293bbeb14359592fcf62eb3909d3b0 8620592 13bbf00444 1f3b185ce4 3817c79 3 4666feb1fb3331d4725435510f71d315bfbb5c9e e8139c966167bdede2f5463389454d48d840798252c21b694f859f81f1d7b417b9e795c7d038653713d4055860 1530f5408 ee616e192  1c7474446b701 1d64bc587cd200fc563e699fcbf7b7dbb9358141c f 972c6e0887d58e3 774638d54cdc21005  7eb8724d97c8967b62959063316f00d 84f66e25 29b8e3b234c8ed 935664fb1 2e853 604026508fedd694e8 7d116d66c6511e9e1058441e3b8f7485f03be634db9e3d3d2621 dff6484567 9730ee28d8fbb1d0dd73 d4d4b920 f22f6 dc332d7f 961 f41b204f6c3 0 36 9e6f48c37d1f426cc42d20 4e4edc7b65efb9b1e92f738db81  62080be371e 54cf22419d49db309 8 f2c13 4d d0 ef8d971ee3e960190 f9f9cc978bf82501 f432ddb83 1b3ebe18d12  b71d336dd79f54fbf7748753622fe 0570b517f04582794d5e94e12d52f25cc17d53 1b05127ce9', '87b769c171cdd 43466f1  1b1d196fc', 8),
(118, 'naujas1', 'nuoroda17', '83e dde6b9 f531b1111d26 cb5 0f68 f2117cf6477c8bcbd7c75 801dd5 d0388bb15b75746fc45084407b62bee157de21b00 7ed73ffcb4375739d8 d8fe79e5c491641686318cbb1740217c3f7fdf1c0d5 46f6be948e e4d6cf28e69e880d0c  6b4f5e74361 e19619935ff3567001f7bef45615426257 14075026f1c7261dec83977b3e9d51433 77b7cfffc88661640f5c8c980bbff2173be49 0794e4f45 4028f87e d6 e56dd197ed7156f8611279b4e674e2bccd15e 4e4f 2b ee74f6db2877c8b363985f7b3622c025253d97e13b1944de28281248788bf7c8c6bcc2 95fe 4f8e1621cfee48e475100146008b4 6 012104f4879d936d3 438dfd9fee0c675 0 dcfbb623fd8fd772e4f171ed2b8cc6e  6 be0364674410312839c2e73c915d72341457 eed8f8f 4e381cc9d74c379970edd3bcbf9 229c248bfc 9 06 4583 3192e2400356eec0 672fb 14d2f2d7b2 dcf537e0dcbb7d119719d68e6080b55636cc9def98d8b8 e7075f436bd8673f2d1d09df7d66e6480636ec3f0228d db082f1ff25e8f0984 04237d8b745ef5c75bfe8  b6f7ce9571269b8449b1bb 358 5b72389c69404 1d67db620016 5d582bf80c0eb3034f 5e81908dc345392212312c0d165c505 9d2b7f8083cc9132 9738 2434cb3e742be28b7f8 b1 36966f9018bbd152dde2fc19e e 85fb9dd2  d202d59ce7067ded4b0960c32cc0291 5d 43944cdc4262e5c17557bf75f4f5e4358d320d10bb235dfdf2f13926d92f299cd94660f  5456573 b0 587559bc49d111b2389d f10fb9379  3d8 7 f4fbef9c2158b93d41dcbe7e9c36c c98c703e1f26d3b2b19dc136402db6ec946df 9 0  d10368bbd83723206838d3de5510  f55568827b31704bf006167e6867e152fc548091cb01b29768b82e193d580f723d 350e1e 960d9 899130cbcc46 3 1b4843b3e79bd 8250edd684f68c742f7535b06fbb2963062b6 b566456044ec8572dcf316 66c43575fd964ef522d7e6 f3b1183e44e349d905 0 b0e3c59c63 6561 0469e32bb64584cff80836f69f6c e 3c694d2 ee428e93171502188fc9e  9c5f8c5f4cf4 75250cf0f7e1754db2db6d002d6e4dfdd f364329cf4b2c56112c665b9ff4914e131111bd0e6 6 d76e5dee6cd84e9f7d0597db9581014f43855d2 5c1c9d6f2c906f3 6fd0f197839d cff4ed47f76 f4688b4e651565f4fb67398 668418341d c9947f49dd8219034c920148c0e352db0e7c8e5610b292 5f201 9103d401  037e5b0d3 4f 82 3de83887c88e74555f55f73b 19f686c2c1e6bb2535c707b7e420d370250bf22 6cf8081c93026c50529db 3c671b84c0bc704e4e8e693218f05e8842341  f4c738e2e158b34dfec43b4101ef1e3bb011cb55 b24f647e917237 0d338c6f7f95c917 18bc2fe3c9dcd79d70fb68e4f4 8 15fcb27424e1f6108573bb069933b937cc184 e7 d7f0 c5fcccf560d74dc4127b 103 1005492848feeb7c4d0e715 31393d71 1007e2 341fc32 80e10286b768d1539cc576f961 b716817de5292974f2689922001f5b9cfedd18d4ccb7c7de1fde14c466fb637ee1d8e5205175c43523b7be37c46783f12c 1e5ffe0d70 d7fb60 ed0c2c74 6cc4d22cce6f778 7 24b44420c20212c2ec8d51e 44 059c76370 d5 2e7fc2381e 71 29b293bbeb14359592fcf62eb3909d3b0 8620592 13bbf00444 1f3b185ce4 3817c79 3 4666feb1fb3331d4725435510f71d315bfbb5c9e e8139c966167bdede2f5463389454d48d840798252c21b694f859f81f1d7b417b9e795c7d038653713d4055860 1530f5408 ee616e192  1c7474446b701 1d64bc587cd200fc563e699fcbf7b7dbb9358141c f 972c6e0887d58e3 774638d54cdc21005  7eb8724d97c8967b62959063316f00d 84f66e25 29b8e3b234c8ed 935664fb1 2e853 604026508fedd694e8 7d116d66c6511e9e1058441e3b8f7485f03be634db9e3d3d2621 dff6484567 9730ee28d8fbb1d0dd73 d4d4b920 f22f6 dc332d7f 961 f41b204f6c3 0 36 9e6f48c37d1f426cc42d20 4e4edc7b65efb9b1e92f738db81  62080be371e 54cf22419d49db309 8 f2c13 4d d0 ef8d971ee3e960190 f9f9cc978bf82501 f432ddb83 1b3ebe18d12  b71d336dd79f54fbf7748753622fe 0570b517f04582794d5e94e12d52f25cc17d53 1b05127ce9', '87b769c171cdd 43466f1  1b1d196fc', 4),
(117, 'naujas1', 'nuoroda16', '83e dde6b9 f531b1111d26 cb5 0f68 f2117cf6477c8bcbd7c75 801dd5 d0388bb15b75746fc45084407b62bee157de21b00 7ed73ffcb4375739d8 d8fe79e5c491641686318cbb1740217c3f7fdf1c0d5 46f6be948e e4d6cf28e69e880d0c  6b4f5e74361 e19619935ff3567001f7bef45615426257 14075026f1c7261dec83977b3e9d51433 77b7cfffc88661640f5c8c980bbff2173be49 0794e4f45 4028f87e d6 e56dd197ed7156f8611279b4e674e2bccd15e 4e4f 2b ee74f6db2877c8b363985f7b3622c025253d97e13b1944de28281248788bf7c8c6bcc2 95fe 4f8e1621cfee48e475100146008b4 6 012104f4879d936d3 438dfd9fee0c675 0 dcfbb623fd8fd772e4f171ed2b8cc6e  6 be0364674410312839c2e73c915d72341457 eed8f8f 4e381cc9d74c379970edd3bcbf9 229c248bfc 9 06 4583 3192e2400356eec0 672fb 14d2f2d7b2 dcf537e0dcbb7d119719d68e6080b55636cc9def98d8b8 e7075f436bd8673f2d1d09df7d66e6480636ec3f0228d db082f1ff25e8f0984 04237d8b745ef5c75bfe8  b6f7ce9571269b8449b1bb 358 5b72389c69404 1d67db620016 5d582bf80c0eb3034f 5e81908dc345392212312c0d165c505 9d2b7f8083cc9132 9738 2434cb3e742be28b7f8 b1 36966f9018bbd152dde2fc19e e 85fb9dd2  d202d59ce7067ded4b0960c32cc0291 5d 43944cdc4262e5c17557bf75f4f5e4358d320d10bb235dfdf2f13926d92f299cd94660f  5456573 b0 587559bc49d111b2389d f10fb9379  3d8 7 f4fbef9c2158b93d41dcbe7e9c36c c98c703e1f26d3b2b19dc136402db6ec946df 9 0  d10368bbd83723206838d3de5510  f55568827b31704bf006167e6867e152fc548091cb01b29768b82e193d580f723d 350e1e 960d9 899130cbcc46 3 1b4843b3e79bd 8250edd684f68c742f7535b06fbb2963062b6 b566456044ec8572dcf316 66c43575fd964ef522d7e6 f3b1183e44e349d905 0 b0e3c59c63 6561 0469e32bb64584cff80836f69f6c e 3c694d2 ee428e93171502188fc9e  9c5f8c5f4cf4 75250cf0f7e1754db2db6d002d6e4dfdd f364329cf4b2c56112c665b9ff4914e131111bd0e6 6 d76e5dee6cd84e9f7d0597db9581014f43855d2 5c1c9d6f2c906f3 6fd0f197839d cff4ed47f76 f4688b4e651565f4fb67398 668418341d c9947f49dd8219034c920148c0e352db0e7c8e5610b292 5f201 9103d401  037e5b0d3 4f 82 3de83887c88e74555f55f73b 19f686c2c1e6bb2535c707b7e420d370250bf22 6cf8081c93026c50529db 3c671b84c0bc704e4e8e693218f05e8842341  f4c738e2e158b34dfec43b4101ef1e3bb011cb55 b24f647e917237 0d338c6f7f95c917 18bc2fe3c9dcd79d70fb68e4f4 8 15fcb27424e1f6108573bb069933b937cc184 e7 d7f0 c5fcccf560d74dc4127b 103 1005492848feeb7c4d0e715 31393d71 1007e2 341fc32 80e10286b768d1539cc576f961 b716817de5292974f2689922001f5b9cfedd18d4ccb7c7de1fde14c466fb637ee1d8e5205175c43523b7be37c46783f12c 1e5ffe0d70 d7fb60 ed0c2c74 6cc4d22cce6f778 7 24b44420c20212c2ec8d51e 44 059c76370 d5 2e7fc2381e 71 29b293bbeb14359592fcf62eb3909d3b0 8620592 13bbf00444 1f3b185ce4 3817c79 3 4666feb1fb3331d4725435510f71d315bfbb5c9e e8139c966167bdede2f5463389454d48d840798252c21b694f859f81f1d7b417b9e795c7d038653713d4055860 1530f5408 ee616e192  1c7474446b701 1d64bc587cd200fc563e699fcbf7b7dbb9358141c f 972c6e0887d58e3 774638d54cdc21005  7eb8724d97c8967b62959063316f00d 84f66e25 29b8e3b234c8ed 935664fb1 2e853 604026508fedd694e8 7d116d66c6511e9e1058441e3b8f7485f03be634db9e3d3d2621 dff6484567 9730ee28d8fbb1d0dd73 d4d4b920 f22f6 dc332d7f 961 f41b204f6c3 0 36 9e6f48c37d1f426cc42d20 4e4edc7b65efb9b1e92f738db81  62080be371e 54cf22419d49db309 8 f2c13 4d d0 ef8d971ee3e960190 f9f9cc978bf82501 f432ddb83 1b3ebe18d12  b71d336dd79f54fbf7748753622fe 0570b517f04582794d5e94e12d52f25cc17d53 1b05127ce9', '87b769c171cdd 43466f1  1b1d196fc', 4),
(116, 'naujas1', 'nuoroda15', '83e dde6b9 f531b1111d26 cb5 0f68 f2117cf6477c8bcbd7c75 801dd5 d0388bb15b75746fc45084407b62bee157de21b00 7ed73ffcb4375739d8 d8fe79e5c491641686318cbb1740217c3f7fdf1c0d5 46f6be948e e4d6cf28e69e880d0c  6b4f5e74361 e19619935ff3567001f7bef45615426257 14075026f1c7261dec83977b3e9d51433 77b7cfffc88661640f5c8c980bbff2173be49 0794e4f45 4028f87e d6 e56dd197ed7156f8611279b4e674e2bccd15e 4e4f 2b ee74f6db2877c8b363985f7b3622c025253d97e13b1944de28281248788bf7c8c6bcc2 95fe 4f8e1621cfee48e475100146008b4 6 012104f4879d936d3 438dfd9fee0c675 0 dcfbb623fd8fd772e4f171ed2b8cc6e  6 be0364674410312839c2e73c915d72341457 eed8f8f 4e381cc9d74c379970edd3bcbf9 229c248bfc 9 06 4583 3192e2400356eec0 672fb 14d2f2d7b2 dcf537e0dcbb7d119719d68e6080b55636cc9def98d8b8 e7075f436bd8673f2d1d09df7d66e6480636ec3f0228d db082f1ff25e8f0984 04237d8b745ef5c75bfe8  b6f7ce9571269b8449b1bb 358 5b72389c69404 1d67db620016 5d582bf80c0eb3034f 5e81908dc345392212312c0d165c505 9d2b7f8083cc9132 9738 2434cb3e742be28b7f8 b1 36966f9018bbd152dde2fc19e e 85fb9dd2  d202d59ce7067ded4b0960c32cc0291 5d 43944cdc4262e5c17557bf75f4f5e4358d320d10bb235dfdf2f13926d92f299cd94660f  5456573 b0 587559bc49d111b2389d f10fb9379  3d8 7 f4fbef9c2158b93d41dcbe7e9c36c c98c703e1f26d3b2b19dc136402db6ec946df 9 0  d10368bbd83723206838d3de5510  f55568827b31704bf006167e6867e152fc548091cb01b29768b82e193d580f723d 350e1e 960d9 899130cbcc46 3 1b4843b3e79bd 8250edd684f68c742f7535b06fbb2963062b6 b566456044ec8572dcf316 66c43575fd964ef522d7e6 f3b1183e44e349d905 0 b0e3c59c63 6561 0469e32bb64584cff80836f69f6c e 3c694d2 ee428e93171502188fc9e  9c5f8c5f4cf4 75250cf0f7e1754db2db6d002d6e4dfdd f364329cf4b2c56112c665b9ff4914e131111bd0e6 6 d76e5dee6cd84e9f7d0597db9581014f43855d2 5c1c9d6f2c906f3 6fd0f197839d cff4ed47f76 f4688b4e651565f4fb67398 668418341d c9947f49dd8219034c920148c0e352db0e7c8e5610b292 5f201 9103d401  037e5b0d3 4f 82 3de83887c88e74555f55f73b 19f686c2c1e6bb2535c707b7e420d370250bf22 6cf8081c93026c50529db 3c671b84c0bc704e4e8e693218f05e8842341  f4c738e2e158b34dfec43b4101ef1e3bb011cb55 b24f647e917237 0d338c6f7f95c917 18bc2fe3c9dcd79d70fb68e4f4 8 15fcb27424e1f6108573bb069933b937cc184 e7 d7f0 c5fcccf560d74dc4127b 103 1005492848feeb7c4d0e715 31393d71 1007e2 341fc32 80e10286b768d1539cc576f961 b716817de5292974f2689922001f5b9cfedd18d4ccb7c7de1fde14c466fb637ee1d8e5205175c43523b7be37c46783f12c 1e5ffe0d70 d7fb60 ed0c2c74 6cc4d22cce6f778 7 24b44420c20212c2ec8d51e 44 059c76370 d5 2e7fc2381e 71 29b293bbeb14359592fcf62eb3909d3b0 8620592 13bbf00444 1f3b185ce4 3817c79 3 4666feb1fb3331d4725435510f71d315bfbb5c9e e8139c966167bdede2f5463389454d48d840798252c21b694f859f81f1d7b417b9e795c7d038653713d4055860 1530f5408 ee616e192  1c7474446b701 1d64bc587cd200fc563e699fcbf7b7dbb9358141c f 972c6e0887d58e3 774638d54cdc21005  7eb8724d97c8967b62959063316f00d 84f66e25 29b8e3b234c8ed 935664fb1 2e853 604026508fedd694e8 7d116d66c6511e9e1058441e3b8f7485f03be634db9e3d3d2621 dff6484567 9730ee28d8fbb1d0dd73 d4d4b920 f22f6 dc332d7f 961 f41b204f6c3 0 36 9e6f48c37d1f426cc42d20 4e4edc7b65efb9b1e92f738db81  62080be371e 54cf22419d49db309 8 f2c13 4d d0 ef8d971ee3e960190 f9f9cc978bf82501 f432ddb83 1b3ebe18d12  b71d336dd79f54fbf7748753622fe 0570b517f04582794d5e94e12d52f25cc17d53 1b05127ce9', '87b769c171cdd 43466f1  1b1d196fc', 4),
(115, 'naujas1', 'nuoroda14', '83e dde6b9 f531b1111d26 cb5 0f68 f2117cf6477c8bcbd7c75 801dd5 d0388bb15b75746fc45084407b62bee157de21b00 7ed73ffcb4375739d8 d8fe79e5c491641686318cbb1740217c3f7fdf1c0d5 46f6be948e e4d6cf28e69e880d0c  6b4f5e74361 e19619935ff3567001f7bef45615426257 14075026f1c7261dec83977b3e9d51433 77b7cfffc88661640f5c8c980bbff2173be49 0794e4f45 4028f87e d6 e56dd197ed7156f8611279b4e674e2bccd15e 4e4f 2b ee74f6db2877c8b363985f7b3622c025253d97e13b1944de28281248788bf7c8c6bcc2 95fe 4f8e1621cfee48e475100146008b4 6 012104f4879d936d3 438dfd9fee0c675 0 dcfbb623fd8fd772e4f171ed2b8cc6e  6 be0364674410312839c2e73c915d72341457 eed8f8f 4e381cc9d74c379970edd3bcbf9 229c248bfc 9 06 4583 3192e2400356eec0 672fb 14d2f2d7b2 dcf537e0dcbb7d119719d68e6080b55636cc9def98d8b8 e7075f436bd8673f2d1d09df7d66e6480636ec3f0228d db082f1ff25e8f0984 04237d8b745ef5c75bfe8  b6f7ce9571269b8449b1bb 358 5b72389c69404 1d67db620016 5d582bf80c0eb3034f 5e81908dc345392212312c0d165c505 9d2b7f8083cc9132 9738 2434cb3e742be28b7f8 b1 36966f9018bbd152dde2fc19e e 85fb9dd2  d202d59ce7067ded4b0960c32cc0291 5d 43944cdc4262e5c17557bf75f4f5e4358d320d10bb235dfdf2f13926d92f299cd94660f  5456573 b0 587559bc49d111b2389d f10fb9379  3d8 7 f4fbef9c2158b93d41dcbe7e9c36c c98c703e1f26d3b2b19dc136402db6ec946df 9 0  d10368bbd83723206838d3de5510  f55568827b31704bf006167e6867e152fc548091cb01b29768b82e193d580f723d 350e1e 960d9 899130cbcc46 3 1b4843b3e79bd 8250edd684f68c742f7535b06fbb2963062b6 b566456044ec8572dcf316 66c43575fd964ef522d7e6 f3b1183e44e349d905 0 b0e3c59c63 6561 0469e32bb64584cff80836f69f6c e 3c694d2 ee428e93171502188fc9e  9c5f8c5f4cf4 75250cf0f7e1754db2db6d002d6e4dfdd f364329cf4b2c56112c665b9ff4914e131111bd0e6 6 d76e5dee6cd84e9f7d0597db9581014f43855d2 5c1c9d6f2c906f3 6fd0f197839d cff4ed47f76 f4688b4e651565f4fb67398 668418341d c9947f49dd8219034c920148c0e352db0e7c8e5610b292 5f201 9103d401  037e5b0d3 4f 82 3de83887c88e74555f55f73b 19f686c2c1e6bb2535c707b7e420d370250bf22 6cf8081c93026c50529db 3c671b84c0bc704e4e8e693218f05e8842341  f4c738e2e158b34dfec43b4101ef1e3bb011cb55 b24f647e917237 0d338c6f7f95c917 18bc2fe3c9dcd79d70fb68e4f4 8 15fcb27424e1f6108573bb069933b937cc184 e7 d7f0 c5fcccf560d74dc4127b 103 1005492848feeb7c4d0e715 31393d71 1007e2 341fc32 80e10286b768d1539cc576f961 b716817de5292974f2689922001f5b9cfedd18d4ccb7c7de1fde14c466fb637ee1d8e5205175c43523b7be37c46783f12c 1e5ffe0d70 d7fb60 ed0c2c74 6cc4d22cce6f778 7 24b44420c20212c2ec8d51e 44 059c76370 d5 2e7fc2381e 71 29b293bbeb14359592fcf62eb3909d3b0 8620592 13bbf00444 1f3b185ce4 3817c79 3 4666feb1fb3331d4725435510f71d315bfbb5c9e e8139c966167bdede2f5463389454d48d840798252c21b694f859f81f1d7b417b9e795c7d038653713d4055860 1530f5408 ee616e192  1c7474446b701 1d64bc587cd200fc563e699fcbf7b7dbb9358141c f 972c6e0887d58e3 774638d54cdc21005  7eb8724d97c8967b62959063316f00d 84f66e25 29b8e3b234c8ed 935664fb1 2e853 604026508fedd694e8 7d116d66c6511e9e1058441e3b8f7485f03be634db9e3d3d2621 dff6484567 9730ee28d8fbb1d0dd73 d4d4b920 f22f6 dc332d7f 961 f41b204f6c3 0 36 9e6f48c37d1f426cc42d20 4e4edc7b65efb9b1e92f738db81  62080be371e 54cf22419d49db309 8 f2c13 4d d0 ef8d971ee3e960190 f9f9cc978bf82501 f432ddb83 1b3ebe18d12  b71d336dd79f54fbf7748753622fe 0570b517f04582794d5e94e12d52f25cc17d53 1b05127ce9', '87b769c171cdd 43466f1  1b1d196fc', 4),
(114, 'naujas1', 'nuoroda13', '83e dde6b9 f531b1111d26 cb5 0f68 f2117cf6477c8bcbd7c75 801dd5 d0388bb15b75746fc45084407b62bee157de21b00 7ed73ffcb4375739d8 d8fe79e5c491641686318cbb1740217c3f7fdf1c0d5 46f6be948e e4d6cf28e69e880d0c  6b4f5e74361 e19619935ff3567001f7bef45615426257 14075026f1c7261dec83977b3e9d51433 77b7cfffc88661640f5c8c980bbff2173be49 0794e4f45 4028f87e d6 e56dd197ed7156f8611279b4e674e2bccd15e 4e4f 2b ee74f6db2877c8b363985f7b3622c025253d97e13b1944de28281248788bf7c8c6bcc2 95fe 4f8e1621cfee48e475100146008b4 6 012104f4879d936d3 438dfd9fee0c675 0 dcfbb623fd8fd772e4f171ed2b8cc6e  6 be0364674410312839c2e73c915d72341457 eed8f8f 4e381cc9d74c379970edd3bcbf9 229c248bfc 9 06 4583 3192e2400356eec0 672fb 14d2f2d7b2 dcf537e0dcbb7d119719d68e6080b55636cc9def98d8b8 e7075f436bd8673f2d1d09df7d66e6480636ec3f0228d db082f1ff25e8f0984 04237d8b745ef5c75bfe8  b6f7ce9571269b8449b1bb 358 5b72389c69404 1d67db620016 5d582bf80c0eb3034f 5e81908dc345392212312c0d165c505 9d2b7f8083cc9132 9738 2434cb3e742be28b7f8 b1 36966f9018bbd152dde2fc19e e 85fb9dd2  d202d59ce7067ded4b0960c32cc0291 5d 43944cdc4262e5c17557bf75f4f5e4358d320d10bb235dfdf2f13926d92f299cd94660f  5456573 b0 587559bc49d111b2389d f10fb9379  3d8 7 f4fbef9c2158b93d41dcbe7e9c36c c98c703e1f26d3b2b19dc136402db6ec946df 9 0  d10368bbd83723206838d3de5510  f55568827b31704bf006167e6867e152fc548091cb01b29768b82e193d580f723d 350e1e 960d9 899130cbcc46 3 1b4843b3e79bd 8250edd684f68c742f7535b06fbb2963062b6 b566456044ec8572dcf316 66c43575fd964ef522d7e6 f3b1183e44e349d905 0 b0e3c59c63 6561 0469e32bb64584cff80836f69f6c e 3c694d2 ee428e93171502188fc9e  9c5f8c5f4cf4 75250cf0f7e1754db2db6d002d6e4dfdd f364329cf4b2c56112c665b9ff4914e131111bd0e6 6 d76e5dee6cd84e9f7d0597db9581014f43855d2 5c1c9d6f2c906f3 6fd0f197839d cff4ed47f76 f4688b4e651565f4fb67398 668418341d c9947f49dd8219034c920148c0e352db0e7c8e5610b292 5f201 9103d401  037e5b0d3 4f 82 3de83887c88e74555f55f73b 19f686c2c1e6bb2535c707b7e420d370250bf22 6cf8081c93026c50529db 3c671b84c0bc704e4e8e693218f05e8842341  f4c738e2e158b34dfec43b4101ef1e3bb011cb55 b24f647e917237 0d338c6f7f95c917 18bc2fe3c9dcd79d70fb68e4f4 8 15fcb27424e1f6108573bb069933b937cc184 e7 d7f0 c5fcccf560d74dc4127b 103 1005492848feeb7c4d0e715 31393d71 1007e2 341fc32 80e10286b768d1539cc576f961 b716817de5292974f2689922001f5b9cfedd18d4ccb7c7de1fde14c466fb637ee1d8e5205175c43523b7be37c46783f12c 1e5ffe0d70 d7fb60 ed0c2c74 6cc4d22cce6f778 7 24b44420c20212c2ec8d51e 44 059c76370 d5 2e7fc2381e 71 29b293bbeb14359592fcf62eb3909d3b0 8620592 13bbf00444 1f3b185ce4 3817c79 3 4666feb1fb3331d4725435510f71d315bfbb5c9e e8139c966167bdede2f5463389454d48d840798252c21b694f859f81f1d7b417b9e795c7d038653713d4055860 1530f5408 ee616e192  1c7474446b701 1d64bc587cd200fc563e699fcbf7b7dbb9358141c f 972c6e0887d58e3 774638d54cdc21005  7eb8724d97c8967b62959063316f00d 84f66e25 29b8e3b234c8ed 935664fb1 2e853 604026508fedd694e8 7d116d66c6511e9e1058441e3b8f7485f03be634db9e3d3d2621 dff6484567 9730ee28d8fbb1d0dd73 d4d4b920 f22f6 dc332d7f 961 f41b204f6c3 0 36 9e6f48c37d1f426cc42d20 4e4edc7b65efb9b1e92f738db81  62080be371e 54cf22419d49db309 8 f2c13 4d d0 ef8d971ee3e960190 f9f9cc978bf82501 f432ddb83 1b3ebe18d12  b71d336dd79f54fbf7748753622fe 0570b517f04582794d5e94e12d52f25cc17d53 1b05127ce9', '87b769c171cdd 43466f1  1b1d196fc', 4),
(113, 'naujas1', 'nuoroda12', '83e dde6b9 f531b1111d26 cb5 0f68 f2117cf6477c8bcbd7c75 801dd5 d0388bb15b75746fc45084407b62bee157de21b00 7ed73ffcb4375739d8 d8fe79e5c491641686318cbb1740217c3f7fdf1c0d5 46f6be948e e4d6cf28e69e880d0c  6b4f5e74361 e19619935ff3567001f7bef45615426257 14075026f1c7261dec83977b3e9d51433 77b7cfffc88661640f5c8c980bbff2173be49 0794e4f45 4028f87e d6 e56dd197ed7156f8611279b4e674e2bccd15e 4e4f 2b ee74f6db2877c8b363985f7b3622c025253d97e13b1944de28281248788bf7c8c6bcc2 95fe 4f8e1621cfee48e475100146008b4 6 012104f4879d936d3 438dfd9fee0c675 0 dcfbb623fd8fd772e4f171ed2b8cc6e  6 be0364674410312839c2e73c915d72341457 eed8f8f 4e381cc9d74c379970edd3bcbf9 229c248bfc 9 06 4583 3192e2400356eec0 672fb 14d2f2d7b2 dcf537e0dcbb7d119719d68e6080b55636cc9def98d8b8 e7075f436bd8673f2d1d09df7d66e6480636ec3f0228d db082f1ff25e8f0984 04237d8b745ef5c75bfe8  b6f7ce9571269b8449b1bb 358 5b72389c69404 1d67db620016 5d582bf80c0eb3034f 5e81908dc345392212312c0d165c505 9d2b7f8083cc9132 9738 2434cb3e742be28b7f8 b1 36966f9018bbd152dde2fc19e e 85fb9dd2  d202d59ce7067ded4b0960c32cc0291 5d 43944cdc4262e5c17557bf75f4f5e4358d320d10bb235dfdf2f13926d92f299cd94660f  5456573 b0 587559bc49d111b2389d f10fb9379  3d8 7 f4fbef9c2158b93d41dcbe7e9c36c c98c703e1f26d3b2b19dc136402db6ec946df 9 0  d10368bbd83723206838d3de5510  f55568827b31704bf006167e6867e152fc548091cb01b29768b82e193d580f723d 350e1e 960d9 899130cbcc46 3 1b4843b3e79bd 8250edd684f68c742f7535b06fbb2963062b6 b566456044ec8572dcf316 66c43575fd964ef522d7e6 f3b1183e44e349d905 0 b0e3c59c63 6561 0469e32bb64584cff80836f69f6c e 3c694d2 ee428e93171502188fc9e  9c5f8c5f4cf4 75250cf0f7e1754db2db6d002d6e4dfdd f364329cf4b2c56112c665b9ff4914e131111bd0e6 6 d76e5dee6cd84e9f7d0597db9581014f43855d2 5c1c9d6f2c906f3 6fd0f197839d cff4ed47f76 f4688b4e651565f4fb67398 668418341d c9947f49dd8219034c920148c0e352db0e7c8e5610b292 5f201 9103d401  037e5b0d3 4f 82 3de83887c88e74555f55f73b 19f686c2c1e6bb2535c707b7e420d370250bf22 6cf8081c93026c50529db 3c671b84c0bc704e4e8e693218f05e8842341  f4c738e2e158b34dfec43b4101ef1e3bb011cb55 b24f647e917237 0d338c6f7f95c917 18bc2fe3c9dcd79d70fb68e4f4 8 15fcb27424e1f6108573bb069933b937cc184 e7 d7f0 c5fcccf560d74dc4127b 103 1005492848feeb7c4d0e715 31393d71 1007e2 341fc32 80e10286b768d1539cc576f961 b716817de5292974f2689922001f5b9cfedd18d4ccb7c7de1fde14c466fb637ee1d8e5205175c43523b7be37c46783f12c 1e5ffe0d70 d7fb60 ed0c2c74 6cc4d22cce6f778 7 24b44420c20212c2ec8d51e 44 059c76370 d5 2e7fc2381e 71 29b293bbeb14359592fcf62eb3909d3b0 8620592 13bbf00444 1f3b185ce4 3817c79 3 4666feb1fb3331d4725435510f71d315bfbb5c9e e8139c966167bdede2f5463389454d48d840798252c21b694f859f81f1d7b417b9e795c7d038653713d4055860 1530f5408 ee616e192  1c7474446b701 1d64bc587cd200fc563e699fcbf7b7dbb9358141c f 972c6e0887d58e3 774638d54cdc21005  7eb8724d97c8967b62959063316f00d 84f66e25 29b8e3b234c8ed 935664fb1 2e853 604026508fedd694e8 7d116d66c6511e9e1058441e3b8f7485f03be634db9e3d3d2621 dff6484567 9730ee28d8fbb1d0dd73 d4d4b920 f22f6 dc332d7f 961 f41b204f6c3 0 36 9e6f48c37d1f426cc42d20 4e4edc7b65efb9b1e92f738db81  62080be371e 54cf22419d49db309 8 f2c13 4d d0 ef8d971ee3e960190 f9f9cc978bf82501 f432ddb83 1b3ebe18d12  b71d336dd79f54fbf7748753622fe 0570b517f04582794d5e94e12d52f25cc17d53 1b05127ce9', '87b769c171cdd 43466f1  1b1d196fc', 4),
(112, 'naujas1', 'nuoroda11', '83e dde6b9 f531b1111d26 cb5 0f68 f2117cf6477c8bcbd7c75 801dd5 d0388bb15b75746fc45084407b62bee157de21b00 7ed73ffcb4375739d8 d8fe79e5c491641686318cbb1740217c3f7fdf1c0d5 46f6be948e e4d6cf28e69e880d0c  6b4f5e74361 e19619935ff3567001f7bef45615426257 14075026f1c7261dec83977b3e9d51433 77b7cfffc88661640f5c8c980bbff2173be49 0794e4f45 4028f87e d6 e56dd197ed7156f8611279b4e674e2bccd15e 4e4f 2b ee74f6db2877c8b363985f7b3622c025253d97e13b1944de28281248788bf7c8c6bcc2 95fe 4f8e1621cfee48e475100146008b4 6 012104f4879d936d3 438dfd9fee0c675 0 dcfbb623fd8fd772e4f171ed2b8cc6e  6 be0364674410312839c2e73c915d72341457 eed8f8f 4e381cc9d74c379970edd3bcbf9 229c248bfc 9 06 4583 3192e2400356eec0 672fb 14d2f2d7b2 dcf537e0dcbb7d119719d68e6080b55636cc9def98d8b8 e7075f436bd8673f2d1d09df7d66e6480636ec3f0228d db082f1ff25e8f0984 04237d8b745ef5c75bfe8  b6f7ce9571269b8449b1bb 358 5b72389c69404 1d67db620016 5d582bf80c0eb3034f 5e81908dc345392212312c0d165c505 9d2b7f8083cc9132 9738 2434cb3e742be28b7f8 b1 36966f9018bbd152dde2fc19e e 85fb9dd2  d202d59ce7067ded4b0960c32cc0291 5d 43944cdc4262e5c17557bf75f4f5e4358d320d10bb235dfdf2f13926d92f299cd94660f  5456573 b0 587559bc49d111b2389d f10fb9379  3d8 7 f4fbef9c2158b93d41dcbe7e9c36c c98c703e1f26d3b2b19dc136402db6ec946df 9 0  d10368bbd83723206838d3de5510  f55568827b31704bf006167e6867e152fc548091cb01b29768b82e193d580f723d 350e1e 960d9 899130cbcc46 3 1b4843b3e79bd 8250edd684f68c742f7535b06fbb2963062b6 b566456044ec8572dcf316 66c43575fd964ef522d7e6 f3b1183e44e349d905 0 b0e3c59c63 6561 0469e32bb64584cff80836f69f6c e 3c694d2 ee428e93171502188fc9e  9c5f8c5f4cf4 75250cf0f7e1754db2db6d002d6e4dfdd f364329cf4b2c56112c665b9ff4914e131111bd0e6 6 d76e5dee6cd84e9f7d0597db9581014f43855d2 5c1c9d6f2c906f3 6fd0f197839d cff4ed47f76 f4688b4e651565f4fb67398 668418341d c9947f49dd8219034c920148c0e352db0e7c8e5610b292 5f201 9103d401  037e5b0d3 4f 82 3de83887c88e74555f55f73b 19f686c2c1e6bb2535c707b7e420d370250bf22 6cf8081c93026c50529db 3c671b84c0bc704e4e8e693218f05e8842341  f4c738e2e158b34dfec43b4101ef1e3bb011cb55 b24f647e917237 0d338c6f7f95c917 18bc2fe3c9dcd79d70fb68e4f4 8 15fcb27424e1f6108573bb069933b937cc184 e7 d7f0 c5fcccf560d74dc4127b 103 1005492848feeb7c4d0e715 31393d71 1007e2 341fc32 80e10286b768d1539cc576f961 b716817de5292974f2689922001f5b9cfedd18d4ccb7c7de1fde14c466fb637ee1d8e5205175c43523b7be37c46783f12c 1e5ffe0d70 d7fb60 ed0c2c74 6cc4d22cce6f778 7 24b44420c20212c2ec8d51e 44 059c76370 d5 2e7fc2381e 71 29b293bbeb14359592fcf62eb3909d3b0 8620592 13bbf00444 1f3b185ce4 3817c79 3 4666feb1fb3331d4725435510f71d315bfbb5c9e e8139c966167bdede2f5463389454d48d840798252c21b694f859f81f1d7b417b9e795c7d038653713d4055860 1530f5408 ee616e192  1c7474446b701 1d64bc587cd200fc563e699fcbf7b7dbb9358141c f 972c6e0887d58e3 774638d54cdc21005  7eb8724d97c8967b62959063316f00d 84f66e25 29b8e3b234c8ed 935664fb1 2e853 604026508fedd694e8 7d116d66c6511e9e1058441e3b8f7485f03be634db9e3d3d2621 dff6484567 9730ee28d8fbb1d0dd73 d4d4b920 f22f6 dc332d7f 961 f41b204f6c3 0 36 9e6f48c37d1f426cc42d20 4e4edc7b65efb9b1e92f738db81  62080be371e 54cf22419d49db309 8 f2c13 4d d0 ef8d971ee3e960190 f9f9cc978bf82501 f432ddb83 1b3ebe18d12  b71d336dd79f54fbf7748753622fe 0570b517f04582794d5e94e12d52f25cc17d53 1b05127ce9', '87b769c171cdd 43466f1  1b1d196fc', 4),
(111, 'naujas1', 'nuoroda10', '83e dde6b9 f531b1111d26 cb5 0f68 f2117cf6477c8bcbd7c75 801dd5 d0388bb15b75746fc45084407b62bee157de21b00 7ed73ffcb4375739d8 d8fe79e5c491641686318cbb1740217c3f7fdf1c0d5 46f6be948e e4d6cf28e69e880d0c  6b4f5e74361 e19619935ff3567001f7bef45615426257 14075026f1c7261dec83977b3e9d51433 77b7cfffc88661640f5c8c980bbff2173be49 0794e4f45 4028f87e d6 e56dd197ed7156f8611279b4e674e2bccd15e 4e4f 2b ee74f6db2877c8b363985f7b3622c025253d97e13b1944de28281248788bf7c8c6bcc2 95fe 4f8e1621cfee48e475100146008b4 6 012104f4879d936d3 438dfd9fee0c675 0 dcfbb623fd8fd772e4f171ed2b8cc6e  6 be0364674410312839c2e73c915d72341457 eed8f8f 4e381cc9d74c379970edd3bcbf9 229c248bfc 9 06 4583 3192e2400356eec0 672fb 14d2f2d7b2 dcf537e0dcbb7d119719d68e6080b55636cc9def98d8b8 e7075f436bd8673f2d1d09df7d66e6480636ec3f0228d db082f1ff25e8f0984 04237d8b745ef5c75bfe8  b6f7ce9571269b8449b1bb 358 5b72389c69404 1d67db620016 5d582bf80c0eb3034f 5e81908dc345392212312c0d165c505 9d2b7f8083cc9132 9738 2434cb3e742be28b7f8 b1 36966f9018bbd152dde2fc19e e 85fb9dd2  d202d59ce7067ded4b0960c32cc0291 5d 43944cdc4262e5c17557bf75f4f5e4358d320d10bb235dfdf2f13926d92f299cd94660f  5456573 b0 587559bc49d111b2389d f10fb9379  3d8 7 f4fbef9c2158b93d41dcbe7e9c36c c98c703e1f26d3b2b19dc136402db6ec946df 9 0  d10368bbd83723206838d3de5510  f55568827b31704bf006167e6867e152fc548091cb01b29768b82e193d580f723d 350e1e 960d9 899130cbcc46 3 1b4843b3e79bd 8250edd684f68c742f7535b06fbb2963062b6 b566456044ec8572dcf316 66c43575fd964ef522d7e6 f3b1183e44e349d905 0 b0e3c59c63 6561 0469e32bb64584cff80836f69f6c e 3c694d2 ee428e93171502188fc9e  9c5f8c5f4cf4 75250cf0f7e1754db2db6d002d6e4dfdd f364329cf4b2c56112c665b9ff4914e131111bd0e6 6 d76e5dee6cd84e9f7d0597db9581014f43855d2 5c1c9d6f2c906f3 6fd0f197839d cff4ed47f76 f4688b4e651565f4fb67398 668418341d c9947f49dd8219034c920148c0e352db0e7c8e5610b292 5f201 9103d401  037e5b0d3 4f 82 3de83887c88e74555f55f73b 19f686c2c1e6bb2535c707b7e420d370250bf22 6cf8081c93026c50529db 3c671b84c0bc704e4e8e693218f05e8842341  f4c738e2e158b34dfec43b4101ef1e3bb011cb55 b24f647e917237 0d338c6f7f95c917 18bc2fe3c9dcd79d70fb68e4f4 8 15fcb27424e1f6108573bb069933b937cc184 e7 d7f0 c5fcccf560d74dc4127b 103 1005492848feeb7c4d0e715 31393d71 1007e2 341fc32 80e10286b768d1539cc576f961 b716817de5292974f2689922001f5b9cfedd18d4ccb7c7de1fde14c466fb637ee1d8e5205175c43523b7be37c46783f12c 1e5ffe0d70 d7fb60 ed0c2c74 6cc4d22cce6f778 7 24b44420c20212c2ec8d51e 44 059c76370 d5 2e7fc2381e 71 29b293bbeb14359592fcf62eb3909d3b0 8620592 13bbf00444 1f3b185ce4 3817c79 3 4666feb1fb3331d4725435510f71d315bfbb5c9e e8139c966167bdede2f5463389454d48d840798252c21b694f859f81f1d7b417b9e795c7d038653713d4055860 1530f5408 ee616e192  1c7474446b701 1d64bc587cd200fc563e699fcbf7b7dbb9358141c f 972c6e0887d58e3 774638d54cdc21005  7eb8724d97c8967b62959063316f00d 84f66e25 29b8e3b234c8ed 935664fb1 2e853 604026508fedd694e8 7d116d66c6511e9e1058441e3b8f7485f03be634db9e3d3d2621 dff6484567 9730ee28d8fbb1d0dd73 d4d4b920 f22f6 dc332d7f 961 f41b204f6c3 0 36 9e6f48c37d1f426cc42d20 4e4edc7b65efb9b1e92f738db81  62080be371e 54cf22419d49db309 8 f2c13 4d d0 ef8d971ee3e960190 f9f9cc978bf82501 f432ddb83 1b3ebe18d12  b71d336dd79f54fbf7748753622fe 0570b517f04582794d5e94e12d52f25cc17d53 1b05127ce9', '87b769c171cdd 43466f1  1b1d196fc', 4),
(110, 'naujas1', 'nuoroda9', '83e dde6b9 f531b1111d26 cb5 0f68 f2117cf6477c8bcbd7c75 801dd5 d0388bb15b75746fc45084407b62bee157de21b00 7ed73ffcb4375739d8 d8fe79e5c491641686318cbb1740217c3f7fdf1c0d5 46f6be948e e4d6cf28e69e880d0c  6b4f5e74361 e19619935ff3567001f7bef45615426257 14075026f1c7261dec83977b3e9d51433 77b7cfffc88661640f5c8c980bbff2173be49 0794e4f45 4028f87e d6 e56dd197ed7156f8611279b4e674e2bccd15e 4e4f 2b ee74f6db2877c8b363985f7b3622c025253d97e13b1944de28281248788bf7c8c6bcc2 95fe 4f8e1621cfee48e475100146008b4 6 012104f4879d936d3 438dfd9fee0c675 0 dcfbb623fd8fd772e4f171ed2b8cc6e  6 be0364674410312839c2e73c915d72341457 eed8f8f 4e381cc9d74c379970edd3bcbf9 229c248bfc 9 06 4583 3192e2400356eec0 672fb 14d2f2d7b2 dcf537e0dcbb7d119719d68e6080b55636cc9def98d8b8 e7075f436bd8673f2d1d09df7d66e6480636ec3f0228d db082f1ff25e8f0984 04237d8b745ef5c75bfe8  b6f7ce9571269b8449b1bb 358 5b72389c69404 1d67db620016 5d582bf80c0eb3034f 5e81908dc345392212312c0d165c505 9d2b7f8083cc9132 9738 2434cb3e742be28b7f8 b1 36966f9018bbd152dde2fc19e e 85fb9dd2  d202d59ce7067ded4b0960c32cc0291 5d 43944cdc4262e5c17557bf75f4f5e4358d320d10bb235dfdf2f13926d92f299cd94660f  5456573 b0 587559bc49d111b2389d f10fb9379  3d8 7 f4fbef9c2158b93d41dcbe7e9c36c c98c703e1f26d3b2b19dc136402db6ec946df 9 0  d10368bbd83723206838d3de5510  f55568827b31704bf006167e6867e152fc548091cb01b29768b82e193d580f723d 350e1e 960d9 899130cbcc46 3 1b4843b3e79bd 8250edd684f68c742f7535b06fbb2963062b6 b566456044ec8572dcf316 66c43575fd964ef522d7e6 f3b1183e44e349d905 0 b0e3c59c63 6561 0469e32bb64584cff80836f69f6c e 3c694d2 ee428e93171502188fc9e  9c5f8c5f4cf4 75250cf0f7e1754db2db6d002d6e4dfdd f364329cf4b2c56112c665b9ff4914e131111bd0e6 6 d76e5dee6cd84e9f7d0597db9581014f43855d2 5c1c9d6f2c906f3 6fd0f197839d cff4ed47f76 f4688b4e651565f4fb67398 668418341d c9947f49dd8219034c920148c0e352db0e7c8e5610b292 5f201 9103d401  037e5b0d3 4f 82 3de83887c88e74555f55f73b 19f686c2c1e6bb2535c707b7e420d370250bf22 6cf8081c93026c50529db 3c671b84c0bc704e4e8e693218f05e8842341  f4c738e2e158b34dfec43b4101ef1e3bb011cb55 b24f647e917237 0d338c6f7f95c917 18bc2fe3c9dcd79d70fb68e4f4 8 15fcb27424e1f6108573bb069933b937cc184 e7 d7f0 c5fcccf560d74dc4127b 103 1005492848feeb7c4d0e715 31393d71 1007e2 341fc32 80e10286b768d1539cc576f961 b716817de5292974f2689922001f5b9cfedd18d4ccb7c7de1fde14c466fb637ee1d8e5205175c43523b7be37c46783f12c 1e5ffe0d70 d7fb60 ed0c2c74 6cc4d22cce6f778 7 24b44420c20212c2ec8d51e 44 059c76370 d5 2e7fc2381e 71 29b293bbeb14359592fcf62eb3909d3b0 8620592 13bbf00444 1f3b185ce4 3817c79 3 4666feb1fb3331d4725435510f71d315bfbb5c9e e8139c966167bdede2f5463389454d48d840798252c21b694f859f81f1d7b417b9e795c7d038653713d4055860 1530f5408 ee616e192  1c7474446b701 1d64bc587cd200fc563e699fcbf7b7dbb9358141c f 972c6e0887d58e3 774638d54cdc21005  7eb8724d97c8967b62959063316f00d 84f66e25 29b8e3b234c8ed 935664fb1 2e853 604026508fedd694e8 7d116d66c6511e9e1058441e3b8f7485f03be634db9e3d3d2621 dff6484567 9730ee28d8fbb1d0dd73 d4d4b920 f22f6 dc332d7f 961 f41b204f6c3 0 36 9e6f48c37d1f426cc42d20 4e4edc7b65efb9b1e92f738db81  62080be371e 54cf22419d49db309 8 f2c13 4d d0 ef8d971ee3e960190 f9f9cc978bf82501 f432ddb83 1b3ebe18d12  b71d336dd79f54fbf7748753622fe 0570b517f04582794d5e94e12d52f25cc17d53 1b05127ce9', '87b769c171cdd 43466f1  1b1d196fc', 4),
(109, 'naujas1', 'nuoroda8', '83e dde6b9 f531b1111d26 cb5 0f68 f2117cf6477c8bcbd7c75 801dd5 d0388bb15b75746fc45084407b62bee157de21b00 7ed73ffcb4375739d8 d8fe79e5c491641686318cbb1740217c3f7fdf1c0d5 46f6be948e e4d6cf28e69e880d0c  6b4f5e74361 e19619935ff3567001f7bef45615426257 14075026f1c7261dec83977b3e9d51433 77b7cfffc88661640f5c8c980bbff2173be49 0794e4f45 4028f87e d6 e56dd197ed7156f8611279b4e674e2bccd15e 4e4f 2b ee74f6db2877c8b363985f7b3622c025253d97e13b1944de28281248788bf7c8c6bcc2 95fe 4f8e1621cfee48e475100146008b4 6 012104f4879d936d3 438dfd9fee0c675 0 dcfbb623fd8fd772e4f171ed2b8cc6e  6 be0364674410312839c2e73c915d72341457 eed8f8f 4e381cc9d74c379970edd3bcbf9 229c248bfc 9 06 4583 3192e2400356eec0 672fb 14d2f2d7b2 dcf537e0dcbb7d119719d68e6080b55636cc9def98d8b8 e7075f436bd8673f2d1d09df7d66e6480636ec3f0228d db082f1ff25e8f0984 04237d8b745ef5c75bfe8  b6f7ce9571269b8449b1bb 358 5b72389c69404 1d67db620016 5d582bf80c0eb3034f 5e81908dc345392212312c0d165c505 9d2b7f8083cc9132 9738 2434cb3e742be28b7f8 b1 36966f9018bbd152dde2fc19e e 85fb9dd2  d202d59ce7067ded4b0960c32cc0291 5d 43944cdc4262e5c17557bf75f4f5e4358d320d10bb235dfdf2f13926d92f299cd94660f  5456573 b0 587559bc49d111b2389d f10fb9379  3d8 7 f4fbef9c2158b93d41dcbe7e9c36c c98c703e1f26d3b2b19dc136402db6ec946df 9 0  d10368bbd83723206838d3de5510  f55568827b31704bf006167e6867e152fc548091cb01b29768b82e193d580f723d 350e1e 960d9 899130cbcc46 3 1b4843b3e79bd 8250edd684f68c742f7535b06fbb2963062b6 b566456044ec8572dcf316 66c43575fd964ef522d7e6 f3b1183e44e349d905 0 b0e3c59c63 6561 0469e32bb64584cff80836f69f6c e 3c694d2 ee428e93171502188fc9e  9c5f8c5f4cf4 75250cf0f7e1754db2db6d002d6e4dfdd f364329cf4b2c56112c665b9ff4914e131111bd0e6 6 d76e5dee6cd84e9f7d0597db9581014f43855d2 5c1c9d6f2c906f3 6fd0f197839d cff4ed47f76 f4688b4e651565f4fb67398 668418341d c9947f49dd8219034c920148c0e352db0e7c8e5610b292 5f201 9103d401  037e5b0d3 4f 82 3de83887c88e74555f55f73b 19f686c2c1e6bb2535c707b7e420d370250bf22 6cf8081c93026c50529db 3c671b84c0bc704e4e8e693218f05e8842341  f4c738e2e158b34dfec43b4101ef1e3bb011cb55 b24f647e917237 0d338c6f7f95c917 18bc2fe3c9dcd79d70fb68e4f4 8 15fcb27424e1f6108573bb069933b937cc184 e7 d7f0 c5fcccf560d74dc4127b 103 1005492848feeb7c4d0e715 31393d71 1007e2 341fc32 80e10286b768d1539cc576f961 b716817de5292974f2689922001f5b9cfedd18d4ccb7c7de1fde14c466fb637ee1d8e5205175c43523b7be37c46783f12c 1e5ffe0d70 d7fb60 ed0c2c74 6cc4d22cce6f778 7 24b44420c20212c2ec8d51e 44 059c76370 d5 2e7fc2381e 71 29b293bbeb14359592fcf62eb3909d3b0 8620592 13bbf00444 1f3b185ce4 3817c79 3 4666feb1fb3331d4725435510f71d315bfbb5c9e e8139c966167bdede2f5463389454d48d840798252c21b694f859f81f1d7b417b9e795c7d038653713d4055860 1530f5408 ee616e192  1c7474446b701 1d64bc587cd200fc563e699fcbf7b7dbb9358141c f 972c6e0887d58e3 774638d54cdc21005  7eb8724d97c8967b62959063316f00d 84f66e25 29b8e3b234c8ed 935664fb1 2e853 604026508fedd694e8 7d116d66c6511e9e1058441e3b8f7485f03be634db9e3d3d2621 dff6484567 9730ee28d8fbb1d0dd73 d4d4b920 f22f6 dc332d7f 961 f41b204f6c3 0 36 9e6f48c37d1f426cc42d20 4e4edc7b65efb9b1e92f738db81  62080be371e 54cf22419d49db309 8 f2c13 4d d0 ef8d971ee3e960190 f9f9cc978bf82501 f432ddb83 1b3ebe18d12  b71d336dd79f54fbf7748753622fe 0570b517f04582794d5e94e12d52f25cc17d53 1b05127ce9', '87b769c171cdd 43466f1  1b1d196fc', 4),
(108, 'naujas1', 'nuoroda7', '83e dde6b9 f531b1111d26 cb5 0f68 f2117cf6477c8bcbd7c75 801dd5 d0388bb15b75746fc45084407b62bee157de21b00 7ed73ffcb4375739d8 d8fe79e5c491641686318cbb1740217c3f7fdf1c0d5 46f6be948e e4d6cf28e69e880d0c  6b4f5e74361 e19619935ff3567001f7bef45615426257 14075026f1c7261dec83977b3e9d51433 77b7cfffc88661640f5c8c980bbff2173be49 0794e4f45 4028f87e d6 e56dd197ed7156f8611279b4e674e2bccd15e 4e4f 2b ee74f6db2877c8b363985f7b3622c025253d97e13b1944de28281248788bf7c8c6bcc2 95fe 4f8e1621cfee48e475100146008b4 6 012104f4879d936d3 438dfd9fee0c675 0 dcfbb623fd8fd772e4f171ed2b8cc6e  6 be0364674410312839c2e73c915d72341457 eed8f8f 4e381cc9d74c379970edd3bcbf9 229c248bfc 9 06 4583 3192e2400356eec0 672fb 14d2f2d7b2 dcf537e0dcbb7d119719d68e6080b55636cc9def98d8b8 e7075f436bd8673f2d1d09df7d66e6480636ec3f0228d db082f1ff25e8f0984 04237d8b745ef5c75bfe8  b6f7ce9571269b8449b1bb 358 5b72389c69404 1d67db620016 5d582bf80c0eb3034f 5e81908dc345392212312c0d165c505 9d2b7f8083cc9132 9738 2434cb3e742be28b7f8 b1 36966f9018bbd152dde2fc19e e 85fb9dd2  d202d59ce7067ded4b0960c32cc0291 5d 43944cdc4262e5c17557bf75f4f5e4358d320d10bb235dfdf2f13926d92f299cd94660f  5456573 b0 587559bc49d111b2389d f10fb9379  3d8 7 f4fbef9c2158b93d41dcbe7e9c36c c98c703e1f26d3b2b19dc136402db6ec946df 9 0  d10368bbd83723206838d3de5510  f55568827b31704bf006167e6867e152fc548091cb01b29768b82e193d580f723d 350e1e 960d9 899130cbcc46 3 1b4843b3e79bd 8250edd684f68c742f7535b06fbb2963062b6 b566456044ec8572dcf316 66c43575fd964ef522d7e6 f3b1183e44e349d905 0 b0e3c59c63 6561 0469e32bb64584cff80836f69f6c e 3c694d2 ee428e93171502188fc9e  9c5f8c5f4cf4 75250cf0f7e1754db2db6d002d6e4dfdd f364329cf4b2c56112c665b9ff4914e131111bd0e6 6 d76e5dee6cd84e9f7d0597db9581014f43855d2 5c1c9d6f2c906f3 6fd0f197839d cff4ed47f76 f4688b4e651565f4fb67398 668418341d c9947f49dd8219034c920148c0e352db0e7c8e5610b292 5f201 9103d401  037e5b0d3 4f 82 3de83887c88e74555f55f73b 19f686c2c1e6bb2535c707b7e420d370250bf22 6cf8081c93026c50529db 3c671b84c0bc704e4e8e693218f05e8842341  f4c738e2e158b34dfec43b4101ef1e3bb011cb55 b24f647e917237 0d338c6f7f95c917 18bc2fe3c9dcd79d70fb68e4f4 8 15fcb27424e1f6108573bb069933b937cc184 e7 d7f0 c5fcccf560d74dc4127b 103 1005492848feeb7c4d0e715 31393d71 1007e2 341fc32 80e10286b768d1539cc576f961 b716817de5292974f2689922001f5b9cfedd18d4ccb7c7de1fde14c466fb637ee1d8e5205175c43523b7be37c46783f12c 1e5ffe0d70 d7fb60 ed0c2c74 6cc4d22cce6f778 7 24b44420c20212c2ec8d51e 44 059c76370 d5 2e7fc2381e 71 29b293bbeb14359592fcf62eb3909d3b0 8620592 13bbf00444 1f3b185ce4 3817c79 3 4666feb1fb3331d4725435510f71d315bfbb5c9e e8139c966167bdede2f5463389454d48d840798252c21b694f859f81f1d7b417b9e795c7d038653713d4055860 1530f5408 ee616e192  1c7474446b701 1d64bc587cd200fc563e699fcbf7b7dbb9358141c f 972c6e0887d58e3 774638d54cdc21005  7eb8724d97c8967b62959063316f00d 84f66e25 29b8e3b234c8ed 935664fb1 2e853 604026508fedd694e8 7d116d66c6511e9e1058441e3b8f7485f03be634db9e3d3d2621 dff6484567 9730ee28d8fbb1d0dd73 d4d4b920 f22f6 dc332d7f 961 f41b204f6c3 0 36 9e6f48c37d1f426cc42d20 4e4edc7b65efb9b1e92f738db81  62080be371e 54cf22419d49db309 8 f2c13 4d d0 ef8d971ee3e960190 f9f9cc978bf82501 f432ddb83 1b3ebe18d12  b71d336dd79f54fbf7748753622fe 0570b517f04582794d5e94e12d52f25cc17d53 1b05127ce9', '87b769c171cdd 43466f1  1b1d196fc', 4),
(107, 'naujas1', 'nuoroda6', '83e dde6b9 f531b1111d26 cb5 0f68 f2117cf6477c8bcbd7c75 801dd5 d0388bb15b75746fc45084407b62bee157de21b00 7ed73ffcb4375739d8 d8fe79e5c491641686318cbb1740217c3f7fdf1c0d5 46f6be948e e4d6cf28e69e880d0c  6b4f5e74361 e19619935ff3567001f7bef45615426257 14075026f1c7261dec83977b3e9d51433 77b7cfffc88661640f5c8c980bbff2173be49 0794e4f45 4028f87e d6 e56dd197ed7156f8611279b4e674e2bccd15e 4e4f 2b ee74f6db2877c8b363985f7b3622c025253d97e13b1944de28281248788bf7c8c6bcc2 95fe 4f8e1621cfee48e475100146008b4 6 012104f4879d936d3 438dfd9fee0c675 0 dcfbb623fd8fd772e4f171ed2b8cc6e  6 be0364674410312839c2e73c915d72341457 eed8f8f 4e381cc9d74c379970edd3bcbf9 229c248bfc 9 06 4583 3192e2400356eec0 672fb 14d2f2d7b2 dcf537e0dcbb7d119719d68e6080b55636cc9def98d8b8 e7075f436bd8673f2d1d09df7d66e6480636ec3f0228d db082f1ff25e8f0984 04237d8b745ef5c75bfe8  b6f7ce9571269b8449b1bb 358 5b72389c69404 1d67db620016 5d582bf80c0eb3034f 5e81908dc345392212312c0d165c505 9d2b7f8083cc9132 9738 2434cb3e742be28b7f8 b1 36966f9018bbd152dde2fc19e e 85fb9dd2  d202d59ce7067ded4b0960c32cc0291 5d 43944cdc4262e5c17557bf75f4f5e4358d320d10bb235dfdf2f13926d92f299cd94660f  5456573 b0 587559bc49d111b2389d f10fb9379  3d8 7 f4fbef9c2158b93d41dcbe7e9c36c c98c703e1f26d3b2b19dc136402db6ec946df 9 0  d10368bbd83723206838d3de5510  f55568827b31704bf006167e6867e152fc548091cb01b29768b82e193d580f723d 350e1e 960d9 899130cbcc46 3 1b4843b3e79bd 8250edd684f68c742f7535b06fbb2963062b6 b566456044ec8572dcf316 66c43575fd964ef522d7e6 f3b1183e44e349d905 0 b0e3c59c63 6561 0469e32bb64584cff80836f69f6c e 3c694d2 ee428e93171502188fc9e  9c5f8c5f4cf4 75250cf0f7e1754db2db6d002d6e4dfdd f364329cf4b2c56112c665b9ff4914e131111bd0e6 6 d76e5dee6cd84e9f7d0597db9581014f43855d2 5c1c9d6f2c906f3 6fd0f197839d cff4ed47f76 f4688b4e651565f4fb67398 668418341d c9947f49dd8219034c920148c0e352db0e7c8e5610b292 5f201 9103d401  037e5b0d3 4f 82 3de83887c88e74555f55f73b 19f686c2c1e6bb2535c707b7e420d370250bf22 6cf8081c93026c50529db 3c671b84c0bc704e4e8e693218f05e8842341  f4c738e2e158b34dfec43b4101ef1e3bb011cb55 b24f647e917237 0d338c6f7f95c917 18bc2fe3c9dcd79d70fb68e4f4 8 15fcb27424e1f6108573bb069933b937cc184 e7 d7f0 c5fcccf560d74dc4127b 103 1005492848feeb7c4d0e715 31393d71 1007e2 341fc32 80e10286b768d1539cc576f961 b716817de5292974f2689922001f5b9cfedd18d4ccb7c7de1fde14c466fb637ee1d8e5205175c43523b7be37c46783f12c 1e5ffe0d70 d7fb60 ed0c2c74 6cc4d22cce6f778 7 24b44420c20212c2ec8d51e 44 059c76370 d5 2e7fc2381e 71 29b293bbeb14359592fcf62eb3909d3b0 8620592 13bbf00444 1f3b185ce4 3817c79 3 4666feb1fb3331d4725435510f71d315bfbb5c9e e8139c966167bdede2f5463389454d48d840798252c21b694f859f81f1d7b417b9e795c7d038653713d4055860 1530f5408 ee616e192  1c7474446b701 1d64bc587cd200fc563e699fcbf7b7dbb9358141c f 972c6e0887d58e3 774638d54cdc21005  7eb8724d97c8967b62959063316f00d 84f66e25 29b8e3b234c8ed 935664fb1 2e853 604026508fedd694e8 7d116d66c6511e9e1058441e3b8f7485f03be634db9e3d3d2621 dff6484567 9730ee28d8fbb1d0dd73 d4d4b920 f22f6 dc332d7f 961 f41b204f6c3 0 36 9e6f48c37d1f426cc42d20 4e4edc7b65efb9b1e92f738db81  62080be371e 54cf22419d49db309 8 f2c13 4d d0 ef8d971ee3e960190 f9f9cc978bf82501 f432ddb83 1b3ebe18d12  b71d336dd79f54fbf7748753622fe 0570b517f04582794d5e94e12d52f25cc17d53 1b05127ce9', '87b769c171cdd 43466f1  1b1d196fc', 4),
(106, 'naujas1', 'nuoroda5', '83e dde6b9 f531b1111d26 cb5 0f68 f2117cf6477c8bcbd7c75 801dd5 d0388bb15b75746fc45084407b62bee157de21b00 7ed73ffcb4375739d8 d8fe79e5c491641686318cbb1740217c3f7fdf1c0d5 46f6be948e e4d6cf28e69e880d0c  6b4f5e74361 e19619935ff3567001f7bef45615426257 14075026f1c7261dec83977b3e9d51433 77b7cfffc88661640f5c8c980bbff2173be49 0794e4f45 4028f87e d6 e56dd197ed7156f8611279b4e674e2bccd15e 4e4f 2b ee74f6db2877c8b363985f7b3622c025253d97e13b1944de28281248788bf7c8c6bcc2 95fe 4f8e1621cfee48e475100146008b4 6 012104f4879d936d3 438dfd9fee0c675 0 dcfbb623fd8fd772e4f171ed2b8cc6e  6 be0364674410312839c2e73c915d72341457 eed8f8f 4e381cc9d74c379970edd3bcbf9 229c248bfc 9 06 4583 3192e2400356eec0 672fb 14d2f2d7b2 dcf537e0dcbb7d119719d68e6080b55636cc9def98d8b8 e7075f436bd8673f2d1d09df7d66e6480636ec3f0228d db082f1ff25e8f0984 04237d8b745ef5c75bfe8  b6f7ce9571269b8449b1bb 358 5b72389c69404 1d67db620016 5d582bf80c0eb3034f 5e81908dc345392212312c0d165c505 9d2b7f8083cc9132 9738 2434cb3e742be28b7f8 b1 36966f9018bbd152dde2fc19e e 85fb9dd2  d202d59ce7067ded4b0960c32cc0291 5d 43944cdc4262e5c17557bf75f4f5e4358d320d10bb235dfdf2f13926d92f299cd94660f  5456573 b0 587559bc49d111b2389d f10fb9379  3d8 7 f4fbef9c2158b93d41dcbe7e9c36c c98c703e1f26d3b2b19dc136402db6ec946df 9 0  d10368bbd83723206838d3de5510  f55568827b31704bf006167e6867e152fc548091cb01b29768b82e193d580f723d 350e1e 960d9 899130cbcc46 3 1b4843b3e79bd 8250edd684f68c742f7535b06fbb2963062b6 b566456044ec8572dcf316 66c43575fd964ef522d7e6 f3b1183e44e349d905 0 b0e3c59c63 6561 0469e32bb64584cff80836f69f6c e 3c694d2 ee428e93171502188fc9e  9c5f8c5f4cf4 75250cf0f7e1754db2db6d002d6e4dfdd f364329cf4b2c56112c665b9ff4914e131111bd0e6 6 d76e5dee6cd84e9f7d0597db9581014f43855d2 5c1c9d6f2c906f3 6fd0f197839d cff4ed47f76 f4688b4e651565f4fb67398 668418341d c9947f49dd8219034c920148c0e352db0e7c8e5610b292 5f201 9103d401  037e5b0d3 4f 82 3de83887c88e74555f55f73b 19f686c2c1e6bb2535c707b7e420d370250bf22 6cf8081c93026c50529db 3c671b84c0bc704e4e8e693218f05e8842341  f4c738e2e158b34dfec43b4101ef1e3bb011cb55 b24f647e917237 0d338c6f7f95c917 18bc2fe3c9dcd79d70fb68e4f4 8 15fcb27424e1f6108573bb069933b937cc184 e7 d7f0 c5fcccf560d74dc4127b 103 1005492848feeb7c4d0e715 31393d71 1007e2 341fc32 80e10286b768d1539cc576f961 b716817de5292974f2689922001f5b9cfedd18d4ccb7c7de1fde14c466fb637ee1d8e5205175c43523b7be37c46783f12c 1e5ffe0d70 d7fb60 ed0c2c74 6cc4d22cce6f778 7 24b44420c20212c2ec8d51e 44 059c76370 d5 2e7fc2381e 71 29b293bbeb14359592fcf62eb3909d3b0 8620592 13bbf00444 1f3b185ce4 3817c79 3 4666feb1fb3331d4725435510f71d315bfbb5c9e e8139c966167bdede2f5463389454d48d840798252c21b694f859f81f1d7b417b9e795c7d038653713d4055860 1530f5408 ee616e192  1c7474446b701 1d64bc587cd200fc563e699fcbf7b7dbb9358141c f 972c6e0887d58e3 774638d54cdc21005  7eb8724d97c8967b62959063316f00d 84f66e25 29b8e3b234c8ed 935664fb1 2e853 604026508fedd694e8 7d116d66c6511e9e1058441e3b8f7485f03be634db9e3d3d2621 dff6484567 9730ee28d8fbb1d0dd73 d4d4b920 f22f6 dc332d7f 961 f41b204f6c3 0 36 9e6f48c37d1f426cc42d20 4e4edc7b65efb9b1e92f738db81  62080be371e 54cf22419d49db309 8 f2c13 4d d0 ef8d971ee3e960190 f9f9cc978bf82501 f432ddb83 1b3ebe18d12  b71d336dd79f54fbf7748753622fe 0570b517f04582794d5e94e12d52f25cc17d53 1b05127ce9', '87b769c171cdd 43466f1  1b1d196fc', 4);
INSERT INTO `puslapiai` (`ID`, `pavadinimas`, `nuoroda`, `turinys`, `santrauka`, `kategorijos_id`) VALUES
(105, 'naujas1', 'nuoroda4', '83e dde6b9 f531b1111d26 cb5 0f68 f2117cf6477c8bcbd7c75 801dd5 d0388bb15b75746fc45084407b62bee157de21b00 7ed73ffcb4375739d8 d8fe79e5c491641686318cbb1740217c3f7fdf1c0d5 46f6be948e e4d6cf28e69e880d0c  6b4f5e74361 e19619935ff3567001f7bef45615426257 14075026f1c7261dec83977b3e9d51433 77b7cfffc88661640f5c8c980bbff2173be49 0794e4f45 4028f87e d6 e56dd197ed7156f8611279b4e674e2bccd15e 4e4f 2b ee74f6db2877c8b363985f7b3622c025253d97e13b1944de28281248788bf7c8c6bcc2 95fe 4f8e1621cfee48e475100146008b4 6 012104f4879d936d3 438dfd9fee0c675 0 dcfbb623fd8fd772e4f171ed2b8cc6e  6 be0364674410312839c2e73c915d72341457 eed8f8f 4e381cc9d74c379970edd3bcbf9 229c248bfc 9 06 4583 3192e2400356eec0 672fb 14d2f2d7b2 dcf537e0dcbb7d119719d68e6080b55636cc9def98d8b8 e7075f436bd8673f2d1d09df7d66e6480636ec3f0228d db082f1ff25e8f0984 04237d8b745ef5c75bfe8  b6f7ce9571269b8449b1bb 358 5b72389c69404 1d67db620016 5d582bf80c0eb3034f 5e81908dc345392212312c0d165c505 9d2b7f8083cc9132 9738 2434cb3e742be28b7f8 b1 36966f9018bbd152dde2fc19e e 85fb9dd2  d202d59ce7067ded4b0960c32cc0291 5d 43944cdc4262e5c17557bf75f4f5e4358d320d10bb235dfdf2f13926d92f299cd94660f  5456573 b0 587559bc49d111b2389d f10fb9379  3d8 7 f4fbef9c2158b93d41dcbe7e9c36c c98c703e1f26d3b2b19dc136402db6ec946df 9 0  d10368bbd83723206838d3de5510  f55568827b31704bf006167e6867e152fc548091cb01b29768b82e193d580f723d 350e1e 960d9 899130cbcc46 3 1b4843b3e79bd 8250edd684f68c742f7535b06fbb2963062b6 b566456044ec8572dcf316 66c43575fd964ef522d7e6 f3b1183e44e349d905 0 b0e3c59c63 6561 0469e32bb64584cff80836f69f6c e 3c694d2 ee428e93171502188fc9e  9c5f8c5f4cf4 75250cf0f7e1754db2db6d002d6e4dfdd f364329cf4b2c56112c665b9ff4914e131111bd0e6 6 d76e5dee6cd84e9f7d0597db9581014f43855d2 5c1c9d6f2c906f3 6fd0f197839d cff4ed47f76 f4688b4e651565f4fb67398 668418341d c9947f49dd8219034c920148c0e352db0e7c8e5610b292 5f201 9103d401  037e5b0d3 4f 82 3de83887c88e74555f55f73b 19f686c2c1e6bb2535c707b7e420d370250bf22 6cf8081c93026c50529db 3c671b84c0bc704e4e8e693218f05e8842341  f4c738e2e158b34dfec43b4101ef1e3bb011cb55 b24f647e917237 0d338c6f7f95c917 18bc2fe3c9dcd79d70fb68e4f4 8 15fcb27424e1f6108573bb069933b937cc184 e7 d7f0 c5fcccf560d74dc4127b 103 1005492848feeb7c4d0e715 31393d71 1007e2 341fc32 80e10286b768d1539cc576f961 b716817de5292974f2689922001f5b9cfedd18d4ccb7c7de1fde14c466fb637ee1d8e5205175c43523b7be37c46783f12c 1e5ffe0d70 d7fb60 ed0c2c74 6cc4d22cce6f778 7 24b44420c20212c2ec8d51e 44 059c76370 d5 2e7fc2381e 71 29b293bbeb14359592fcf62eb3909d3b0 8620592 13bbf00444 1f3b185ce4 3817c79 3 4666feb1fb3331d4725435510f71d315bfbb5c9e e8139c966167bdede2f5463389454d48d840798252c21b694f859f81f1d7b417b9e795c7d038653713d4055860 1530f5408 ee616e192  1c7474446b701 1d64bc587cd200fc563e699fcbf7b7dbb9358141c f 972c6e0887d58e3 774638d54cdc21005  7eb8724d97c8967b62959063316f00d 84f66e25 29b8e3b234c8ed 935664fb1 2e853 604026508fedd694e8 7d116d66c6511e9e1058441e3b8f7485f03be634db9e3d3d2621 dff6484567 9730ee28d8fbb1d0dd73 d4d4b920 f22f6 dc332d7f 961 f41b204f6c3 0 36 9e6f48c37d1f426cc42d20 4e4edc7b65efb9b1e92f738db81  62080be371e 54cf22419d49db309 8 f2c13 4d d0 ef8d971ee3e960190 f9f9cc978bf82501 f432ddb83 1b3ebe18d12  b71d336dd79f54fbf7748753622fe 0570b517f04582794d5e94e12d52f25cc17d53 1b05127ce9', '87b769c171cdd 43466f1  1b1d196fc', 3),
(104, 'naujas1', 'nuoroda3', '83e dde6b9 f531b1111d26 cb5 0f68 f2117cf6477c8bcbd7c75 801dd5 d0388bb15b75746fc45084407b62bee157de21b00 7ed73ffcb4375739d8 d8fe79e5c491641686318cbb1740217c3f7fdf1c0d5 46f6be948e e4d6cf28e69e880d0c  6b4f5e74361 e19619935ff3567001f7bef45615426257 14075026f1c7261dec83977b3e9d51433 77b7cfffc88661640f5c8c980bbff2173be49 0794e4f45 4028f87e d6 e56dd197ed7156f8611279b4e674e2bccd15e 4e4f 2b ee74f6db2877c8b363985f7b3622c025253d97e13b1944de28281248788bf7c8c6bcc2 95fe 4f8e1621cfee48e475100146008b4 6 012104f4879d936d3 438dfd9fee0c675 0 dcfbb623fd8fd772e4f171ed2b8cc6e  6 be0364674410312839c2e73c915d72341457 eed8f8f 4e381cc9d74c379970edd3bcbf9 229c248bfc 9 06 4583 3192e2400356eec0 672fb 14d2f2d7b2 dcf537e0dcbb7d119719d68e6080b55636cc9def98d8b8 e7075f436bd8673f2d1d09df7d66e6480636ec3f0228d db082f1ff25e8f0984 04237d8b745ef5c75bfe8  b6f7ce9571269b8449b1bb 358 5b72389c69404 1d67db620016 5d582bf80c0eb3034f 5e81908dc345392212312c0d165c505 9d2b7f8083cc9132 9738 2434cb3e742be28b7f8 b1 36966f9018bbd152dde2fc19e e 85fb9dd2  d202d59ce7067ded4b0960c32cc0291 5d 43944cdc4262e5c17557bf75f4f5e4358d320d10bb235dfdf2f13926d92f299cd94660f  5456573 b0 587559bc49d111b2389d f10fb9379  3d8 7 f4fbef9c2158b93d41dcbe7e9c36c c98c703e1f26d3b2b19dc136402db6ec946df 9 0  d10368bbd83723206838d3de5510  f55568827b31704bf006167e6867e152fc548091cb01b29768b82e193d580f723d 350e1e 960d9 899130cbcc46 3 1b4843b3e79bd 8250edd684f68c742f7535b06fbb2963062b6 b566456044ec8572dcf316 66c43575fd964ef522d7e6 f3b1183e44e349d905 0 b0e3c59c63 6561 0469e32bb64584cff80836f69f6c e 3c694d2 ee428e93171502188fc9e  9c5f8c5f4cf4 75250cf0f7e1754db2db6d002d6e4dfdd f364329cf4b2c56112c665b9ff4914e131111bd0e6 6 d76e5dee6cd84e9f7d0597db9581014f43855d2 5c1c9d6f2c906f3 6fd0f197839d cff4ed47f76 f4688b4e651565f4fb67398 668418341d c9947f49dd8219034c920148c0e352db0e7c8e5610b292 5f201 9103d401  037e5b0d3 4f 82 3de83887c88e74555f55f73b 19f686c2c1e6bb2535c707b7e420d370250bf22 6cf8081c93026c50529db 3c671b84c0bc704e4e8e693218f05e8842341  f4c738e2e158b34dfec43b4101ef1e3bb011cb55 b24f647e917237 0d338c6f7f95c917 18bc2fe3c9dcd79d70fb68e4f4 8 15fcb27424e1f6108573bb069933b937cc184 e7 d7f0 c5fcccf560d74dc4127b 103 1005492848feeb7c4d0e715 31393d71 1007e2 341fc32 80e10286b768d1539cc576f961 b716817de5292974f2689922001f5b9cfedd18d4ccb7c7de1fde14c466fb637ee1d8e5205175c43523b7be37c46783f12c 1e5ffe0d70 d7fb60 ed0c2c74 6cc4d22cce6f778 7 24b44420c20212c2ec8d51e 44 059c76370 d5 2e7fc2381e 71 29b293bbeb14359592fcf62eb3909d3b0 8620592 13bbf00444 1f3b185ce4 3817c79 3 4666feb1fb3331d4725435510f71d315bfbb5c9e e8139c966167bdede2f5463389454d48d840798252c21b694f859f81f1d7b417b9e795c7d038653713d4055860 1530f5408 ee616e192  1c7474446b701 1d64bc587cd200fc563e699fcbf7b7dbb9358141c f 972c6e0887d58e3 774638d54cdc21005  7eb8724d97c8967b62959063316f00d 84f66e25 29b8e3b234c8ed 935664fb1 2e853 604026508fedd694e8 7d116d66c6511e9e1058441e3b8f7485f03be634db9e3d3d2621 dff6484567 9730ee28d8fbb1d0dd73 d4d4b920 f22f6 dc332d7f 961 f41b204f6c3 0 36 9e6f48c37d1f426cc42d20 4e4edc7b65efb9b1e92f738db81  62080be371e 54cf22419d49db309 8 f2c13 4d d0 ef8d971ee3e960190 f9f9cc978bf82501 f432ddb83 1b3ebe18d12  b71d336dd79f54fbf7748753622fe 0570b517f04582794d5e94e12d52f25cc17d53 1b05127ce9', '87b769c171cdd 43466f1  1b1d196fc', 2),
(103, 'naujas1', 'nuoroda2', '83e dde6b9 f531b1111d26 cb5 0f68 f2117cf6477c8bcbd7c75 801dd5 d0388bb15b75746fc45084407b62bee157de21b00 7ed73ffcb4375739d8 d8fe79e5c491641686318cbb1740217c3f7fdf1c0d5 46f6be948e e4d6cf28e69e880d0c  6b4f5e74361 e19619935ff3567001f7bef45615426257 14075026f1c7261dec83977b3e9d51433 77b7cfffc88661640f5c8c980bbff2173be49 0794e4f45 4028f87e d6 e56dd197ed7156f8611279b4e674e2bccd15e 4e4f 2b ee74f6db2877c8b363985f7b3622c025253d97e13b1944de28281248788bf7c8c6bcc2 95fe 4f8e1621cfee48e475100146008b4 6 012104f4879d936d3 438dfd9fee0c675 0 dcfbb623fd8fd772e4f171ed2b8cc6e  6 be0364674410312839c2e73c915d72341457 eed8f8f 4e381cc9d74c379970edd3bcbf9 229c248bfc 9 06 4583 3192e2400356eec0 672fb 14d2f2d7b2 dcf537e0dcbb7d119719d68e6080b55636cc9def98d8b8 e7075f436bd8673f2d1d09df7d66e6480636ec3f0228d db082f1ff25e8f0984 04237d8b745ef5c75bfe8  b6f7ce9571269b8449b1bb 358 5b72389c69404 1d67db620016 5d582bf80c0eb3034f 5e81908dc345392212312c0d165c505 9d2b7f8083cc9132 9738 2434cb3e742be28b7f8 b1 36966f9018bbd152dde2fc19e e 85fb9dd2  d202d59ce7067ded4b0960c32cc0291 5d 43944cdc4262e5c17557bf75f4f5e4358d320d10bb235dfdf2f13926d92f299cd94660f  5456573 b0 587559bc49d111b2389d f10fb9379  3d8 7 f4fbef9c2158b93d41dcbe7e9c36c c98c703e1f26d3b2b19dc136402db6ec946df 9 0  d10368bbd83723206838d3de5510  f55568827b31704bf006167e6867e152fc548091cb01b29768b82e193d580f723d 350e1e 960d9 899130cbcc46 3 1b4843b3e79bd 8250edd684f68c742f7535b06fbb2963062b6 b566456044ec8572dcf316 66c43575fd964ef522d7e6 f3b1183e44e349d905 0 b0e3c59c63 6561 0469e32bb64584cff80836f69f6c e 3c694d2 ee428e93171502188fc9e  9c5f8c5f4cf4 75250cf0f7e1754db2db6d002d6e4dfdd f364329cf4b2c56112c665b9ff4914e131111bd0e6 6 d76e5dee6cd84e9f7d0597db9581014f43855d2 5c1c9d6f2c906f3 6fd0f197839d cff4ed47f76 f4688b4e651565f4fb67398 668418341d c9947f49dd8219034c920148c0e352db0e7c8e5610b292 5f201 9103d401  037e5b0d3 4f 82 3de83887c88e74555f55f73b 19f686c2c1e6bb2535c707b7e420d370250bf22 6cf8081c93026c50529db 3c671b84c0bc704e4e8e693218f05e8842341  f4c738e2e158b34dfec43b4101ef1e3bb011cb55 b24f647e917237 0d338c6f7f95c917 18bc2fe3c9dcd79d70fb68e4f4 8 15fcb27424e1f6108573bb069933b937cc184 e7 d7f0 c5fcccf560d74dc4127b 103 1005492848feeb7c4d0e715 31393d71 1007e2 341fc32 80e10286b768d1539cc576f961 b716817de5292974f2689922001f5b9cfedd18d4ccb7c7de1fde14c466fb637ee1d8e5205175c43523b7be37c46783f12c 1e5ffe0d70 d7fb60 ed0c2c74 6cc4d22cce6f778 7 24b44420c20212c2ec8d51e 44 059c76370 d5 2e7fc2381e 71 29b293bbeb14359592fcf62eb3909d3b0 8620592 13bbf00444 1f3b185ce4 3817c79 3 4666feb1fb3331d4725435510f71d315bfbb5c9e e8139c966167bdede2f5463389454d48d840798252c21b694f859f81f1d7b417b9e795c7d038653713d4055860 1530f5408 ee616e192  1c7474446b701 1d64bc587cd200fc563e699fcbf7b7dbb9358141c f 972c6e0887d58e3 774638d54cdc21005  7eb8724d97c8967b62959063316f00d 84f66e25 29b8e3b234c8ed 935664fb1 2e853 604026508fedd694e8 7d116d66c6511e9e1058441e3b8f7485f03be634db9e3d3d2621 dff6484567 9730ee28d8fbb1d0dd73 d4d4b920 f22f6 dc332d7f 961 f41b204f6c3 0 36 9e6f48c37d1f426cc42d20 4e4edc7b65efb9b1e92f738db81  62080be371e 54cf22419d49db309 8 f2c13 4d d0 ef8d971ee3e960190 f9f9cc978bf82501 f432ddb83 1b3ebe18d12  b71d336dd79f54fbf7748753622fe 0570b517f04582794d5e94e12d52f25cc17d53 1b05127ce9', '87b769c171cdd 43466f1  1b1d196fc', 4),
(102, 'naujas1', 'nuoroda1', '83e dde6b9 f531b1111d26 cb5 0f68 f2117cf6477c8bcbd7c75 801dd5 d0388bb15b75746fc45084407b62bee157de21b00 7ed73ffcb4375739d8 d8fe79e5c491641686318cbb1740217c3f7fdf1c0d5 46f6be948e e4d6cf28e69e880d0c  6b4f5e74361 e19619935ff3567001f7bef45615426257 14075026f1c7261dec83977b3e9d51433 77b7cfffc88661640f5c8c980bbff2173be49 0794e4f45 4028f87e d6 e56dd197ed7156f8611279b4e674e2bccd15e 4e4f 2b ee74f6db2877c8b363985f7b3622c025253d97e13b1944de28281248788bf7c8c6bcc2 95fe 4f8e1621cfee48e475100146008b4 6 012104f4879d936d3 438dfd9fee0c675 0 dcfbb623fd8fd772e4f171ed2b8cc6e  6 be0364674410312839c2e73c915d72341457 eed8f8f 4e381cc9d74c379970edd3bcbf9 229c248bfc 9 06 4583 3192e2400356eec0 672fb 14d2f2d7b2 dcf537e0dcbb7d119719d68e6080b55636cc9def98d8b8 e7075f436bd8673f2d1d09df7d66e6480636ec3f0228d db082f1ff25e8f0984 04237d8b745ef5c75bfe8  b6f7ce9571269b8449b1bb 358 5b72389c69404 1d67db620016 5d582bf80c0eb3034f 5e81908dc345392212312c0d165c505 9d2b7f8083cc9132 9738 2434cb3e742be28b7f8 b1 36966f9018bbd152dde2fc19e e 85fb9dd2  d202d59ce7067ded4b0960c32cc0291 5d 43944cdc4262e5c17557bf75f4f5e4358d320d10bb235dfdf2f13926d92f299cd94660f  5456573 b0 587559bc49d111b2389d f10fb9379  3d8 7 f4fbef9c2158b93d41dcbe7e9c36c c98c703e1f26d3b2b19dc136402db6ec946df 9 0  d10368bbd83723206838d3de5510  f55568827b31704bf006167e6867e152fc548091cb01b29768b82e193d580f723d 350e1e 960d9 899130cbcc46 3 1b4843b3e79bd 8250edd684f68c742f7535b06fbb2963062b6 b566456044ec8572dcf316 66c43575fd964ef522d7e6 f3b1183e44e349d905 0 b0e3c59c63 6561 0469e32bb64584cff80836f69f6c e 3c694d2 ee428e93171502188fc9e  9c5f8c5f4cf4 75250cf0f7e1754db2db6d002d6e4dfdd f364329cf4b2c56112c665b9ff4914e131111bd0e6 6 d76e5dee6cd84e9f7d0597db9581014f43855d2 5c1c9d6f2c906f3 6fd0f197839d cff4ed47f76 f4688b4e651565f4fb67398 668418341d c9947f49dd8219034c920148c0e352db0e7c8e5610b292 5f201 9103d401  037e5b0d3 4f 82 3de83887c88e74555f55f73b 19f686c2c1e6bb2535c707b7e420d370250bf22 6cf8081c93026c50529db 3c671b84c0bc704e4e8e693218f05e8842341  f4c738e2e158b34dfec43b4101ef1e3bb011cb55 b24f647e917237 0d338c6f7f95c917 18bc2fe3c9dcd79d70fb68e4f4 8 15fcb27424e1f6108573bb069933b937cc184 e7 d7f0 c5fcccf560d74dc4127b 103 1005492848feeb7c4d0e715 31393d71 1007e2 341fc32 80e10286b768d1539cc576f961 b716817de5292974f2689922001f5b9cfedd18d4ccb7c7de1fde14c466fb637ee1d8e5205175c43523b7be37c46783f12c 1e5ffe0d70 d7fb60 ed0c2c74 6cc4d22cce6f778 7 24b44420c20212c2ec8d51e 44 059c76370 d5 2e7fc2381e 71 29b293bbeb14359592fcf62eb3909d3b0 8620592 13bbf00444 1f3b185ce4 3817c79 3 4666feb1fb3331d4725435510f71d315bfbb5c9e e8139c966167bdede2f5463389454d48d840798252c21b694f859f81f1d7b417b9e795c7d038653713d4055860 1530f5408 ee616e192  1c7474446b701 1d64bc587cd200fc563e699fcbf7b7dbb9358141c f 972c6e0887d58e3 774638d54cdc21005  7eb8724d97c8967b62959063316f00d 84f66e25 29b8e3b234c8ed 935664fb1 2e853 604026508fedd694e8 7d116d66c6511e9e1058441e3b8f7485f03be634db9e3d3d2621 dff6484567 9730ee28d8fbb1d0dd73 d4d4b920 f22f6 dc332d7f 961 f41b204f6c3 0 36 9e6f48c37d1f426cc42d20 4e4edc7b65efb9b1e92f738db81  62080be371e 54cf22419d49db309 8 f2c13 4d d0 ef8d971ee3e960190 f9f9cc978bf82501 f432ddb83 1b3ebe18d12  b71d336dd79f54fbf7748753622fe 0570b517f04582794d5e94e12d52f25cc17d53 1b05127ce9', '87b769c171cdd 43466f1  1b1d196fc', 1),
(101, 'naujas1', 'nuoroda0', '83e dde6b9 f531b1111d26 cb5 0f68 f2117cf6477c8bcbd7c75 801dd5 d0388bb15b75746fc45084407b62bee157de21b00 7ed73ffcb4375739d8 d8fe79e5c491641686318cbb1740217c3f7fdf1c0d5 46f6be948e e4d6cf28e69e880d0c  6b4f5e74361 e19619935ff3567001f7bef45615426257 14075026f1c7261dec83977b3e9d51433 77b7cfffc88661640f5c8c980bbff2173be49 0794e4f45 4028f87e d6 e56dd197ed7156f8611279b4e674e2bccd15e 4e4f 2b ee74f6db2877c8b363985f7b3622c025253d97e13b1944de28281248788bf7c8c6bcc2 95fe 4f8e1621cfee48e475100146008b4 6 012104f4879d936d3 438dfd9fee0c675 0 dcfbb623fd8fd772e4f171ed2b8cc6e  6 be0364674410312839c2e73c915d72341457 eed8f8f 4e381cc9d74c379970edd3bcbf9 229c248bfc 9 06 4583 3192e2400356eec0 672fb 14d2f2d7b2 dcf537e0dcbb7d119719d68e6080b55636cc9def98d8b8 e7075f436bd8673f2d1d09df7d66e6480636ec3f0228d db082f1ff25e8f0984 04237d8b745ef5c75bfe8  b6f7ce9571269b8449b1bb 358 5b72389c69404 1d67db620016 5d582bf80c0eb3034f 5e81908dc345392212312c0d165c505 9d2b7f8083cc9132 9738 2434cb3e742be28b7f8 b1 36966f9018bbd152dde2fc19e e 85fb9dd2  d202d59ce7067ded4b0960c32cc0291 5d 43944cdc4262e5c17557bf75f4f5e4358d320d10bb235dfdf2f13926d92f299cd94660f  5456573 b0 587559bc49d111b2389d f10fb9379  3d8 7 f4fbef9c2158b93d41dcbe7e9c36c c98c703e1f26d3b2b19dc136402db6ec946df 9 0  d10368bbd83723206838d3de5510  f55568827b31704bf006167e6867e152fc548091cb01b29768b82e193d580f723d 350e1e 960d9 899130cbcc46 3 1b4843b3e79bd 8250edd684f68c742f7535b06fbb2963062b6 b566456044ec8572dcf316 66c43575fd964ef522d7e6 f3b1183e44e349d905 0 b0e3c59c63 6561 0469e32bb64584cff80836f69f6c e 3c694d2 ee428e93171502188fc9e  9c5f8c5f4cf4 75250cf0f7e1754db2db6d002d6e4dfdd f364329cf4b2c56112c665b9ff4914e131111bd0e6 6 d76e5dee6cd84e9f7d0597db9581014f43855d2 5c1c9d6f2c906f3 6fd0f197839d cff4ed47f76 f4688b4e651565f4fb67398 668418341d c9947f49dd8219034c920148c0e352db0e7c8e5610b292 5f201 9103d401  037e5b0d3 4f 82 3de83887c88e74555f55f73b 19f686c2c1e6bb2535c707b7e420d370250bf22 6cf8081c93026c50529db 3c671b84c0bc704e4e8e693218f05e8842341  f4c738e2e158b34dfec43b4101ef1e3bb011cb55 b24f647e917237 0d338c6f7f95c917 18bc2fe3c9dcd79d70fb68e4f4 8 15fcb27424e1f6108573bb069933b937cc184 e7 d7f0 c5fcccf560d74dc4127b 103 1005492848feeb7c4d0e715 31393d71 1007e2 341fc32 80e10286b768d1539cc576f961 b716817de5292974f2689922001f5b9cfedd18d4ccb7c7de1fde14c466fb637ee1d8e5205175c43523b7be37c46783f12c 1e5ffe0d70 d7fb60 ed0c2c74 6cc4d22cce6f778 7 24b44420c20212c2ec8d51e 44 059c76370 d5 2e7fc2381e 71 29b293bbeb14359592fcf62eb3909d3b0 8620592 13bbf00444 1f3b185ce4 3817c79 3 4666feb1fb3331d4725435510f71d315bfbb5c9e e8139c966167bdede2f5463389454d48d840798252c21b694f859f81f1d7b417b9e795c7d038653713d4055860 1530f5408 ee616e192  1c7474446b701 1d64bc587cd200fc563e699fcbf7b7dbb9358141c f 972c6e0887d58e3 774638d54cdc21005  7eb8724d97c8967b62959063316f00d 84f66e25 29b8e3b234c8ed 935664fb1 2e853 604026508fedd694e8 7d116d66c6511e9e1058441e3b8f7485f03be634db9e3d3d2621 dff6484567 9730ee28d8fbb1d0dd73 d4d4b920 f22f6 dc332d7f 961 f41b204f6c3 0 36 9e6f48c37d1f426cc42d20 4e4edc7b65efb9b1e92f738db81  62080be371e 54cf22419d49db309 8 f2c13 4d d0 ef8d971ee3e960190 f9f9cc978bf82501 f432ddb83 1b3ebe18d12  b71d336dd79f54fbf7748753622fe 0570b517f04582794d5e94e12d52f25cc17d53 1b05127ce9', '87b769c171cdd 43466f1  1b1d196fc', 4);

-- --------------------------------------------------------

--
-- Table structure for table `vartotojai`
--

DROP TABLE IF EXISTS `vartotojai`;
CREATE TABLE IF NOT EXISTS `vartotojai` (
  `ID` int(4) NOT NULL AUTO_INCREMENT,
  `username` varchar(120) COLLATE utf8_lithuanian_ci NOT NULL,
  `password` varchar(120) COLLATE utf8_lithuanian_ci NOT NULL,
  `teises_id` int(4) NOT NULL,
  PRIMARY KEY (`ID`)
) ENGINE=MyISAM AUTO_INCREMENT=3 DEFAULT CHARSET=utf8 COLLATE=utf8_lithuanian_ci;

--
-- Dumping data for table `vartotojai`
--

INSERT INTO `vartotojai` (`ID`, `username`, `password`, `teises_id`) VALUES
(1, 'admin', 'admin', 1),
(2, 'skait', 'skait', 2);
COMMIT;

/*!40101 SET CHARACTER_SET_CLIENT=@OLD_CHARACTER_SET_CLIENT */;
/*!40101 SET CHARACTER_SET_RESULTS=@OLD_CHARACTER_SET_RESULTS */;
/*!40101 SET COLLATION_CONNECTION=@OLD_COLLATION_CONNECTION */;
