-- phpMyAdmin SQL Dump
-- version 5.0.2
-- https://www.phpmyadmin.net/
--
-- Host: 127.0.0.1:3306
-- Generation Time: Sep 18, 2021 at 01:20 PM
-- Server version: 5.7.31
-- PHP Version: 7.3.21

SET SQL_MODE = "NO_AUTO_VALUE_ON_ZERO";
START TRANSACTION;
SET time_zone = "+00:00";


/*!40101 SET @OLD_CHARACTER_SET_CLIENT=@@CHARACTER_SET_CLIENT */;
/*!40101 SET @OLD_CHARACTER_SET_RESULTS=@@CHARACTER_SET_RESULTS */;
/*!40101 SET @OLD_COLLATION_CONNECTION=@@COLLATION_CONNECTION */;
/*!40101 SET NAMES utf8mb4 */;

--
-- Database: `blogosistema`
--

-- --------------------------------------------------------

--
-- Table structure for table `kategorijos`
--

DROP TABLE IF EXISTS `kategorijos`;
CREATE TABLE IF NOT EXISTS `kategorijos` (
  `ID` int(4) NOT NULL AUTO_INCREMENT,
  `pavadinimas` varchar(120) COLLATE utf8_lithuanian_ci NOT NULL,
  `aprasymas` varchar(120) COLLATE utf8_lithuanian_ci NOT NULL,
  `tevinis_id` varchar(120) COLLATE utf8_lithuanian_ci NOT NULL,
  PRIMARY KEY (`ID`)
) ENGINE=MyISAM AUTO_INCREMENT=11 DEFAULT CHARSET=utf8 COLLATE=utf8_lithuanian_ci;

--
-- Dumping data for table `kategorijos`
--

INSERT INTO `kategorijos` (`ID`, `pavadinimas`, `aprasymas`, `tevinis_id`) VALUES
(1, 'pavadinimas0', 'aprasymas0', '0'),
(2, 'pavadinimas1', 'aprasymas1', '0'),
(3, 'pavadinimas2', 'aprasymas2', '0'),
(4, 'pavadinimas3', 'aprasymas3', '0'),
(5, 'pavadinimas4', 'aprasymas4', '0'),
(6, 'pavadinimas5', 'aprasymas5', '0'),
(7, 'pavadinimas6', 'aprasymas6', '0'),
(8, 'pavadinimas7', 'aprasymas7', '0'),
(9, 'pavadinimas8', 'aprasymas8', '0'),
(10, 'pavadinimas9', 'aprasymas9', '0');

-- --------------------------------------------------------

--
-- Table structure for table `menu`
--

DROP TABLE IF EXISTS `menu`;
CREATE TABLE IF NOT EXISTS `menu` (
  `ID` int(4) NOT NULL AUTO_INCREMENT,
  `pavadinimas` varchar(120) COLLATE utf8_lithuanian_ci NOT NULL,
  `nuoroda` varchar(120) COLLATE utf8_lithuanian_ci NOT NULL,
  `target` varchar(120) COLLATE utf8_lithuanian_ci NOT NULL,
  `alt` varchar(120) COLLATE utf8_lithuanian_ci NOT NULL,
  PRIMARY KEY (`ID`)
) ENGINE=MyISAM DEFAULT CHARSET=utf8 COLLATE=utf8_lithuanian_ci;

-- --------------------------------------------------------

--
-- Table structure for table `puslapiai`
--

DROP TABLE IF EXISTS `puslapiai`;
CREATE TABLE IF NOT EXISTS `puslapiai` (
  `ID` int(4) NOT NULL AUTO_INCREMENT,
  `pavadinimas` varchar(120) COLLATE utf8_lithuanian_ci NOT NULL,
  `nuoroda` varchar(120) COLLATE utf8_lithuanian_ci NOT NULL,
  `turinys` text COLLATE utf8_lithuanian_ci NOT NULL,
  `santrauka` varchar(120) COLLATE utf8_lithuanian_ci NOT NULL,
  `kategorijos_id` int(4) NOT NULL,
  PRIMARY KEY (`ID`)
) ENGINE=MyISAM AUTO_INCREMENT=151 DEFAULT CHARSET=utf8 COLLATE=utf8_lithuanian_ci;

--
-- Dumping data for table `puslapiai`
--

INSERT INTO `puslapiai` (`ID`, `pavadinimas`, `nuoroda`, `turinys`, `santrauka`, `kategorijos_id`) VALUES
(150, 'pavadinimas49', 'nuoroda49', '83e dde6b9 f531b1111d26 cb5 0f68 f2117cf6477c8bcbd7c75 801dd5 d0388bb15b75746fc45084407b62bee157de21b00 7ed73ffcb4375739d8 d8fe79e5c491641686318cbb1740217c3f7fdf1c0d5 46f6be948e e4d6cf28e69e880d0c  6b4f5e74361 e19619935ff3567001f7bef45615426257 14075026f1c7261dec83977b3e9d51433 77b7cfffc88661640f5c8c980bbff2173be49 0794e4f45 4028f87e d6 e56dd197ed7156f8611279b4e674e2bccd15e 4e4f 2b ee74f6db2877c8b363985f7b3622c025253d97e13b1944de28281248788bf7c8c6bcc2 95fe 4f8e1621cfee48e475100146008b4 6 012104f4879d936d3 438dfd9fee0c675 0 dcfbb623fd8fd772e4f171ed2b8cc6e  6 be0364674410312839c2e73c915d72341457 eed8f8f 4e381cc9d74c379970edd3bcbf9 229c248bfc 9 06 4583 3192e2400356eec0 672fb 14d2f2d7b2 dcf537e0dcbb7d119719d68e6080b55636cc9def98d8b8 e7075f436bd8673f2d1d09df7d66e6480636ec3f0228d db082f1ff25e8f0984 04237d8b745ef5c75bfe8  b6f7ce9571269b8449b1bb 358 5b72389c69404 1d67db620016 5d582bf80c0eb3034f 5e81908dc345392212312c0d165c505 9d2b7f8083cc9132 9738 2434cb3e742be28b7f8 b1 36966f9018bbd152dde2fc19e e 85fb9dd2  d202d59ce7067ded4b0960c32cc0291 5d 43944cdc4262e5c17557bf75f4f5e4358d320d10bb235dfdf2f13926d92f299cd94660f  5456573 b0 587559bc49d111b2389d f10fb9379  3d8 7 f4fbef9c2158b93d41dcbe7e9c36c c98c703e1f26d3b2b19dc136402db6ec946df 9 0  d10368bbd83723206838d3de5510  f55568827b31704bf006167e6867e152fc548091cb01b29768b82e193d580f723d 350e1e 960d9 899130cbcc46 3 1b4843b3e79bd 8250edd684f68c742f7535b06fbb2963062b6 b566456044ec8572dcf316 66c43575fd964ef522d7e6 f3b1183e44e349d905 0 b0e3c59c63 6561 0469e32bb64584cff80836f69f6c e 3c694d2 ee428e93171502188fc9e  9c5f8c5f4cf4 75250cf0f7e1754db2db6d002d6e4dfdd f364329cf4b2c56112c665b9ff4914e131111bd0e6 6 d76e5dee6cd84e9f7d0597db9581014f43855d2 5c1c9d6f2c906f3 6fd0f197839d cff4ed47f76 f4688b4e651565f4fb67398 668418341d c9947f49dd8219034c920148c0e352db0e7c8e5610b292 5f201 9103d401  037e5b0d3 4f 82 3de83887c88e74555f55f73b 19f686c2c1e6bb2535c707b7e420d370250bf22 6cf8081c93026c50529db 3c671b84c0bc704e4e8e693218f05e8842341  f4c738e2e158b34dfec43b4101ef1e3bb011cb55 b24f647e917237 0d338c6f7f95c917 18bc2fe3c9dcd79d70fb68e4f4 8 15fcb27424e1f6108573bb069933b937cc184 e7 d7f0 c5fcccf560d74dc4127b 103 1005492848feeb7c4d0e715 31393d71 1007e2 341fc32 80e10286b768d1539cc576f961 b716817de5292974f2689922001f5b9cfedd18d4ccb7c7de1fde14c466fb637ee1d8e5205175c43523b7be37c46783f12c 1e5ffe0d70 d7fb60 ed0c2c74 6cc4d22cce6f778 7 24b44420c20212c2ec8d51e 44 059c76370 d5 2e7fc2381e 71 29b293bbeb14359592fcf62eb3909d3b0 8620592 13bbf00444 1f3b185ce4 3817c79 3 4666feb1fb3331d4725435510f71d315bfbb5c9e e8139c966167bdede2f5463389454d48d840798252c21b694f859f81f1d7b417b9e795c7d038653713d4055860 1530f5408 ee616e192  1c7474446b701 1d64bc587cd200fc563e699fcbf7b7dbb9358141c f 972c6e0887d58e3 774638d54cdc21005  7eb8724d97c8967b62959063316f00d 84f66e25 29b8e3b234c8ed 935664fb1 2e853 604026508fedd694e8 7d116d66c6511e9e1058441e3b8f7485f03be634db9e3d3d2621 dff6484567 9730ee28d8fbb1d0dd73 d4d4b920 f22f6 dc332d7f 961 f41b204f6c3 0 36 9e6f48c37d1f426cc42d20 4e4edc7b65efb9b1e92f738db81  62080be371e 54cf22419d49db309 8 f2c13 4d d0 ef8d971ee3e960190 f9f9cc978bf82501 f432ddb83 1b3ebe18d12  b71d336dd79f54fbf7748753622fe 0570b517f04582794d5e94e12d52f25cc17d53 1b05127ce9', '87b769c171cdd 43466f1  1b1d196fc', 4),
(149, 'pavadinimas48', 'nuoroda48', '7 f71c56417b47cc0099b 72f929ed85615d809c f767854d92bf 75dbc329e4fd9e40d8b65 c6f50315c5886e439439d4936 14259 35b77ff166 69681257b45d445 c26c03d3c69 4e28 6 07111437d5b00866cdcf20c7c920cdeb1b4ddd728d829e99919c44c00e e5890814c4f5f8717d83db96 7e7c478b7c6837db5 1b8fb454d6992fc7c2634 1006222bc3fc5e88e25254e9 b4c fb4b126752e88 d143d10bce17d9856dde21c0f7cd465622ff45280d3854 bb4 0ee621007c37f3820d63f08e5 568b90649f f62026c84b931e7de0d7cdd20f 8d8837c2179060e56e1243d 4eed49f c33d5e93438995180 ce41b5282424f850b550bc cd9bf 485f27981b30c69e9d243f1e91f8310483 7e8271f905092e6 9088c298d31cf74e3b 7bd3cb0955650e4e7cf6929bd1 8 2506dcf797cbd383 c8fbd19f3b9edf89c37c195392722662e82031393fee5d17f59289c83d253e85e5676613832d5e9bf0b06b9901396f852 df7b64c71cd4f7d3f584861de37ecbc60546d47c1b9e9cf27fd1eb79ebe442fdf392950853f457c5115e13bf59097e 0527e9750dd1790dd624d2ed17829129c2f5d802 5287 23160 b7179826d7b be2d3bdf24e8bec0c3753 33f b0 68cdb45f5df8066433b f20387bd69f457dc3c1b39d22721d3056 09fec 77bd761e986404cf45cbd96554051 68 c2 232d f7 201f8bcf4 bfef3d6f960346e4242853e9d0f46b5 55ed50fd295495e33c00911eed3be14 210410e78434b875e8f61e190b9bed6dbd5cc279d2 37d5 562f082 f2 6884 f0 f8460c15137c10f85886c0f6c81e82db 7671d198e9c576b01e7202 b370ec52f097bfd694164b4758f38342283f7c6579374 e54228e40d949f45 1259fb0 d879  e8 3168 568257f5486df6b0 006d19ffd5 3 f 8c0d77189ffc51b9e c537cdd853f07224 842 c72066811b7422c0bbcf87ec69ffed96c27203428d9ee818f791 b6c 9eb7cefd131e760764 8c40b54801b94d940b734d2df9e4210109b3d6257b541e1e f883111e7b4bdb09716e3f2b1 5e009b65134 0351e11bd93c3e28f38402c2f 7f192f2e020e5856c83e97c52  1f8813bf7786ed9 c3577b5ce48c1ce 54e3c913f1 b490d725c 886280f b fce60c577829c9b69c452fdeb19ebb6b8d224b706e0dd47bdd0fc9524f9 358329577131 745b1f23fc596732d93ee6949915c368870620e01991 f60e0e2d19c7c 85c c708e6 7f43 b99 05797 72bcd1d0dbf0ccdee 87d6940726 e600323 977d7cbec 0530834517be  61988d0915e54fcf219e3394e5b7183ee775ebedee119d9b3466518e20cd29d2e7  350b66463f09cd23675d23659b03c295d50 599eb00 1434e01bdd4641c37dbe91d c1645b2e574022 f3b477 12b133df9858220709f182298e41f66d237c449de0 f7203d7e1def4  0c35c2efdcd887c 0 2386f7492fefde44cf c6c3844 8f510d52e9cb5bf0de d34778bdc653d5f83fc 1d6735e2cf806dce80d956 1eb0ee890ce7092b1c 446354fe b384819 7d8236b54fbc56d8  2cc99b00887e 822124 1bf2 610650de08f6d8d 091c93181442fe8b7286b83bf2f 283843 bdf2997 4f  020 090 bfce13ed3921dd33c4183 83f9172bd0ddf35 4fb33d6265306 117dcbb361d08797d ddfd50607e04e3e612dde5 4b5ff71d13f3f594 586b497096e99 0c80c0f5dd796b16708f6f4cd77e 0d568b73761b30c4d1406b06e d17dfccbbb054f1503 c30b1de4fd 5f4ef9856b9c18fe521165 fc7899ccc57e13c23 5b 5 11d 5 02027576432525 cf021818 bc7e13 ef0656d2c53c03dcdf09d 817615 1513b95d4280d8f4b76d6995238f387c 1662b63b1c125971f3036431840 1900c15bec5bc79 b1024 9db5 c6654d7d4d4d82c9d5674697 5 3c92 97cfb1dd42b362d72cdb7080e36b514b57201997405cd0f4b8d3052dc5cdeff55 81 30c66b545d1e25b582f91503bc38  1b652d5f55b13b0894591cd73 2 d9865b88c645499c9d6cfef4df5 f8826504e5 23cf9c4303f3297543  fe c822d301de07 19c472 4396500d943e88f7b 2cd5ed77597881132e3193b0d902f2809fce 73934334 3bd2529886053b7611b99 4 f4460019d10ed026b6ef439 e d565c46ed09ef806fd3ef 2edcec3633865 9b1fc2bb6941d0e67838c4e0c7f67eb ff3b684b1f8 5c0e894 174', '8e966631f12c0242b c8d4f04457885b', 1),
(148, 'pavadinimas47', 'nuoroda47', '512 721105 6f907 6bb5e8d765e61d3cfe8d242489505d1 b4fe47b0cf6b15 652128cd16c6fd30f570 efc095dd6e14 b42d65c9402bd717 8dd480d2e227be5b3433818128e98d 17e05948dec52b3b1bd86cf68327dc8201cb10 1de8f74824 b5bb9f220911 dc42592408067 b8b02c628361214bcd9872760442259763 e391fc38ed8b8e044f94fbd791f91d5153e66f03bd5f286e 967d 3e6bc24e 75782b30f42fe 43ff8cc04dc431c1db45383514d2f772d6d68202774529fb6b7d7d51ff386ff162510538d9 5e8c0ff667b8d20e76f 5c70df91b5c91c 15637f b2053c9640c1632cbc5490f87e9470525f c82354e2fb4c830645705ff736b 362c2c43 8e06875e08b6f e630d85e8ec1226b8864d84c5  8c0270f0  f56e3922 dc63b86e592b086c9b5097f054 4000460367bc9b6317f33b1d1fb4e46219500 5075c7488d20554c3fd044b183 db7d638d91e76d91bcc 28fe3f4226b 8829cb34e  c5845db3744332ece04879c347fedd12eb69906ce81 00ecf3b799877399754d96d1516ee297f085983f26315 9be7db0b62e74d6c301c 1f0b 046702 92e5531f79cc57d7ed57327280 b8f5fe903dc0c7cc 490f763b56d713b11f5f5ebe0 d52b0452c496d7b6c057b13e24936 dbce 45088634bf77b6fcc54984fd 178d8917 ef41be36884e218bff3752087b833c3543fe03d4868b46bc21034 529 cc3f c865d1f67242f76710f5fd16d f5468577def793771197507255236fe00b 3e525256f1b60e6 26 06d670 070236f788dc5b25e8c4e7 edf8 16471113fdf 3e2ff4c33063d4fb6fccfb9 4c62c5c96 482b e9 4be1 0c9bb5b6d94b1d7cb631f0bf930eb354b9e43d0e1461 e32bb8d976 f332812f fb20 073d7fec 2 377c 986e93 781f92145b8e42d730b61ebc74426 04bb212c808 275d5e00de5 2d261 ed871738042e657dc039c3775b841e117e3366 0d27d0f3b2b8df00bbbb10e566d682968 f 6f0  cb1f393b41f334697f820703ef59668b13593352c0f578772b943d361f60071e3c4645505245 b19 53820e81b04286 d0beeef074407bd55c55556 cdbe6f3 4 b45558b445eb6b11321b9c80c9f2570ff32fe2b2df  f4f1332b42f73e42bc9599db914d0bb07b485c1 531c6c8f36cd 3187091879459175e99e8e01b7cc9156bb5 e65 87108138b21bdd8bf08 30d1bc18d 237b27ed83d 1d920d74884fb46276d0f88079 807cf81860e6 ecdd 326 2b5 13e0cd 5d82bd8342f295e25dd770f80c429fe89315f55822 e1c5c35e3b4358652c847084387f1c6b4f70238d970e9be6b29 53921cf794b7b1de3c b7dbdf168db6e35ff3e5081fbc38fd7bdf9726 c1657187d070bbe94b7f68b10cd44e00db10b9fbcfb424d2 c98 fff9b44dd476 3 840d925cee412560365 182627820e30e14b7eecb823978b 3 6 dd329f1dc 32ee1e 12518 03b976004dc438f8838e1040c90dc2bde204d9651ce81d3033c5d03866f84 93d243591ed8 059e6e4d814db7c71277468d7ffc1db721e2d  ff3dd83f7c7e516 8e9be20bf67 fd5588ecc9e1845cb366f bf0d6700c162 4f4 f f7 b666f152b31ed 62e8  5b636e2616  f3c473275b56189c6    369e561f04 f6d1688df9d2d0427c3173924cf4c bdbe80855 9291122c430 89f8 9867e804d 406e14 65b714268c91f053b748eb 31d 0 bd42fe6de211 4360 0e41eb675ff60c593cbef9662df9b64f56 7f67dc4937f644c3f5ef bf5439 418fd 8c82395d0e1b218f6 4c01f93c5d87f71d3f7d2e853d45088d 6c770229ddc73 76db840733fc0722e43 fb160f 8b71b70 b9c2dc10ee62ce15dbb4f5645861dd243ff3b596412 8ce04e519f102292568269ee0d f1d3222d 6c44 5f3515211622e062fc733c11 f83160215df8b b51d092 9e40c3536f250 7fd51850d63f97c92576def89e15e9f5e76627e9cd827f86de97832f0c06105083f3ff066e2 753e2f 32 1 bebe7c7b e1 411df7f3bbf6b6b2401471d421db5505c65bc4c646c00f2c3e923d5f3f c005 6ed18 5f34380f0 1019787e7ec41271eb2dcd081dd81e1b05d1dc177f568 7 28d7 dff6434372c73ec2f58e76995e  ce42c8ce50d46e53431999 e329956 9b8b0ef8f9e2012555 9d2de35b ffe6dc7f503 3b52b5ec34755fc c6c8 82221fe7d b4b9ec497f94c1d6f6cc4567e6 2e12d46', '2609207b 728198e98cf229d9dd726f0', 2),
(147, 'pavadinimas46', 'nuoroda46', '6e2d133f892 ff4cc09234526ffecb35c594f9bbd148945ed4f157e87 2d073d1d1 60 b0 fb4189eb7d3e364e0ddcbc 04d7517fd8439307 54f94721 8670d4dfb8ed7d7811b5d019c496b743ee2453714d82 6b 082eb4b3f5ff0b6b6c0 bc7cb7e200df1e86d4 957d34d8d60df9 f1 0 88b  8b5c21eb38e23393bf17e0bf334 241555fdb77c5f90 de2f252d3119 292c56bf b5b1dc4bc9bcfeef7b4 939f30fc1dd b64eb4934 c fe32e720873d99b7 b102d7c2 452fc 4e98 2  1b40fdfd90be718 4978c4c2706c975dbd4789 377 c 93e4030493fb3bc2304941477 71059e5309cd7dc 8d829e 4c5f42651  09ee 1e8d81d246633b95df730  d 3d58f7be1539e316d4386077219f83 0d1ef0562b14f99231e24e b26 f68e4 7 4e073dc4 b092ce 43fe003ef7494b897d5b8b 504e606497f14eb5ec62e8cf5232 7 d788 e 74d40 bed351 3d690026c27331f11d7029e29c4c022c10e638 fdb8dcb1d0c7e8225975929f35213 c1  9 e21 26dc71394c154296 93c98 c64cf53cb4 33668d798e977c72 44f4e57657cffe0374df21d82e e6   b2dfc81800562f67f f790d59f109c743b3 3105e25f575430154800f55d2c9e939efb4f7f97e719e f94b 36d4cb25dd9b9c9 73e44f42c19 331282879f550802d6c 72 79625b26737  f513295   f834f 3f477281cd3946 e0be18347467c6c98d89 bd60297606ded058 2f96102c5f44c04410defd9d0c214bc95c0117c2fc52169f77c564433fdd02d69d61febc e39d0d635e201d1f754e421fccc7cd f b19488cdff9e8d14e 20385e136220678b66c81bfd3b 09959558428563c4fd0 cee096db 5924644d680903 2994cfd38c21 b7eefc9094497d2 26 e02993fb478e8c4e8d8e9f0c536518175e1e 3c2b71918d3d8bec30c03e0eb 59ed55753bd01e35982ed4011e206904dbe4 c  265e7bde265 c2 f0228f5c258 edd2 1e66107d2d2257e539f163147 c19 999d396b4d56cd6 73fc62944182b1c968e9de1304413c5 e5e053f 8683f95d4c039be13 2c4c1448 c03c7fe937ff62055c09251343ff2bd9e2 4e83e34f4e858bf5dbb6e5e 187f2d5fcbe3 3051f8d1427ccbec 4b3 6ec20fe7bf621f031d0b7c  d 9 8b8fe3dc611421919b 8 b0b53cc961d31765cd192f16e9573d9079 b77df 29b 2b3267 de21ec9dbb3ed63801bec 63ed355e172b7b5781d8b19 8e387cc32cf43 92093f6894 5d6cbf488 f2779de 0bebe6972c8091c1c7765d051bb c27bf452d4b764c707124ce93cf2319b60b12f b958b47250e11 049f4e60367d7 03c63f9001b76 0 97b68027c27875dd 850  1345b7b1bbf66bc2d14e17ff0e435cd8f7cf20309ee8b0839d54b c7f442fb14f57 0c669711f49838c097c05b36c39b2141f15e 5beb 2cd62720 f9f91 3 bf3de3b389f22fe b3c8fb0d6b98e592d 10cb4c73c5491bbf8845 9fd9d1e c83b2d9 bd370bc451db4 97bc710e63bfbef054253086f458c8fb8d8e9e5125cb3c99145f 40f08c2 60bffc552fee454edd3131f 6c5527639e9b 602 93 5 6be5211dbd4d1c3f18cbe ffe2b2 699930 7150e1f3253f2fc8077 b479461c3f15bb  39efe28 6433cbc50 bdfd6e88e7 1dc 190885d8e53e6d245b5c 4296882672e9 bc5 021c63063bd65610b437f496f35bc64b54bc1f986d66b cdebbc d3225c4d355289eef58cd15b41b076027f0b58481c7b94fb81 978ec746cec9bf0f3b523e00fe1cb4b e26ff2eccf237c 9945678368d4ef42d52186 3bfb117657dbcc3 b47c2e2b9893 cc5f11b88f1d3c27b6f 4e906d5bb50e80ecd1fc0d3c7e413b964e6d0d0bbe55d48 bf5379d258 600b584c52f6003d 5ce09cc0ce7dcdb874d527b3bfe361bdd7297944ffd0bd2bf48dd6fc e 76d07d15b055963222 44523cf09e8e84fe25d5059f5 831c57 2921287734c9c69e961107e5b12ed48fd5d28f7581 8f2d1825556d4d70d9511 1dec864b16722725e9153d0523cc79efbf170c37 082d85d83719 d9c26314f52b2fd26032f88574d94b876eb6 93629d1381033166fc c1556 f8c40d517b28f267 f2 f71678983f81000d88 d dc ccb4e756236374ed9 28 f41f b01fbf130238b31bc013127058bbbd0f 363b2597c02bebfd93d7433b447b28b 2fe914609c4288de8f4efe5bb1f9ce669f ef07f6331c7085fbcd22019 991', '4d7270 2ec 7094dc8d496e0682f83b6', 1),
(146, 'pavadinimas45', 'nuoroda45', 'df  6953585f8b2d4b5ee166287 38c2fb 3642f9fb6cd0dcc6f778d0bf56774047f f4516dc2e9f252f371543d192ef5f 2d6504b 9c273dd56cd731682 88f758be452bc4ce8e0996c e1f5553532ddee829c74e8189297cd46f097c4c6d9410bcfc091 ff7e4345e678 c184c b26b7f35e9c8f9451cf 78840cd1f02659 04b9cfc6c6ce8b52986ed9 cf3361064ccd91 95 49ee07d8 b818 fec13175c0cfe731be29 910cd94b583319d737d9ddd4d45772fe5cfd1826e6e4b92e398697977193c56f2cf378842eb13b0eedc529995b8e20342b28172c81 d614d31 47bbefe11b39805e78ce82c6 d8ef198dbbd35dc395bfb16ed97b18c7 5b295f95c69806d778cc99e28 37d b2d7 04813558f11752eef16c8780f f1fde08ffe2091ffeed2d 2bdc c 40468e5be6ce6e2c6585be48dbd0ee11c6e18be65e5d044b191dcdedc72dfb3 59953f18bb  92 c3 94f3383bfde21277 507b9b 73bbec 4dc31 876739438f7dcbdd70d1e74b39375820f2c2eef50bf1483489613   51259c60e6368848614 d3454cd1 bdfc42f5c32d1d2f 5380c0c0d0c2933e764057b0fe2f6012ef795f3b 28282524 0280b3e387277784064 5dd b906929fb5288e87b928b112cb19d4ee6eec250d5c 5e368b14e705793d680d925c 9427c4919039709556120274c 826d706e708ed193 1473b600d3c83b 431c 8e00d47ef6ef134b02ee60760e4e4f0f84e37497c9cf20 2ccd 355cd27bc80 e 63d99b51 03 4159e829 8d47b dc840ccb90d b581fd7d9 423b6c7924fb1f1c545211 c8d3dc1829327f09ed4f2d f44c b16f10b5bd578575d4b6cc8cfdd1 189098d7b24ec1261365e7108141f922 784fe38560e98669e9349f2c8ee514 cb45786624f2 76dcf1358886634fed5c932 940f47e8b71e0268cdcd79 80 2d85e7901bfd88d531b3ce73e 0d991846f1516d2b88c76262721ee4063 71142 ecec17cd6d0453c33e20d3c9d363231e9369c6 305b9d69cd 92d9656 6e0 2f878c40b227 12eb6d28b3d8df4d 26 9b2917c6e6f45e6db31c34bfb8964e  d77fd f8434 9 7812f0b0e54495bec76c61 8736c  762450 cb10c683843b203 4900d74eb4c8ef522c 41658e 8072b0fb1d7 1e37b86 43fec2 40dc171b2915d074316e3fd94c7c169589d7114ee399c9d2 1ec930485f75ff6f84 5d9 89763 e2117db074 0fc5fc 8ebe dd37cd9b6c156223c 9ed27806761db6f516228d1   452d511d9071 bc2b4b5d700d5 d6428e367663bf0b9e433f857fdddb 3b232258303c10dd6 b60035e6995743099f5e 4748193734584ffcd d832fd c013f6468bd52f0cec04d 39dc050 81577bc548564 10 5f730833d325 f9d9053c d99e e0886 efdb2e4  46 1ec80c36d2310e13 e7559e78e0f9812 f e88373d9f04ef d62b92e 5d2756c29825b4717315904bcff9e48eb7ce5927f74f49952b0f2403bd3c46e721c7b 5e57d62e6e95ef4efddd869 cff5529bf76326f99 89864e2cd1b4d8c8c9e89756b2cc68c5748d5ee5069900e39e82f29 db49 ced170ce780f4bc70bd9eed0d4350cc622fbec85f2e5c6129 2980c784 e6 66ce 9b198ee 186180f3217b94cef8c30d412cd35cbc1328b6573c6152fcb46cc45539749c 89 6413225e1c488e65c0888ced3b1dd7bdd 3bc581 4c95efcf27989c2504176635bcc9fd8ecd 1d cc f7c54e269000 5094ef9c52938bd  4095333db 446 6f165d409c7f 2d08d98171d598b97 7 7986c7240b80b704d57c7914e01d90493d6c8d5e5e1c4d9d2 d1f2bb777b29b4d10c7 1659e1f10  cd5d06b037c9d12eb568 37ed905e9bbdbc6155217bdf929befdf573c5b3ce4690d1816 684f9f087292bfc259bf185911261117e77ec413efdb6f4533e292f254b 867c52cff3 52b14c22be0b12dcdcc 54986bb053c042e8febde 96d727d8 36 4eed  4deb4392206f20ff 8013 f7 0e47ddef555754ec46bd331994 4c4309047d131830e7 31 b 01cee3c727797b09737f79e085c fd446d099d686dc 13d4 9dd7328fd6c84e4cc0e c 9707835e393 f6183f281e0d50d953c90090ff0 91  9213c5099f8457ff403b133e94537215c 22c  01 cc1e 15ce01c246331c93 639c8d2eb35 fefbcc87d97571fc4bf19ed7517fb55cf6bb2063d6768f56e06941bc8d4d 4177513605dc72  d895cfe1e50f870d7bc1 51536e', 'f631 21b57f2e20851c 9913e2bb126f', 3),
(145, 'pavadinimas44', 'nuoroda44', '723 1 8e133 68de763b14e93 983084f328628dcd3007d93b7eb50c2d9650de5fd9436c41856e677 6478ddb 04 0c6424ed0cb1 5719168db6bde 1956436c292ddbc5f f4c508eb24d3b43 79b 2 7301df1440d0856d2c954c82673083f28 d52 de9d7bfe9e9c9e82ec1d456e9db34 2bd2 1b e42511c 6147705292978c68d38c38c d24cd9 18174 4795e7cf0def880b5d18267 9f9f4db7c7b dc  2e 4620cb74b7053dd5d5182de9c42720dfe6b3c609ff8534ce3e 5 e454661b422c9b22 5ff82 d9b527c906cfc0e2c 078507f742df02 197bdf865297c7e73d9 f91418 1d85d06621eddf27f5351f0c067f5140bc2 ff16bd295152508be 5d6c666f0ec65b85b8 27042d348e0e683f94c7912040491ecb93449c49834d6e630d2d5b0bc4 e1403fed088651d7039396bc 3202e694f 8ff01424d7bbc8d2990fc 96bdb6990710e49be9f0320285f26e 224630879697988b9 f3bcb84 f70fed93264fdeec 3cc15459ed97625b0b2267f71ee53315756c37 e0f4f d6306 9d60d237f63344 d418d02699393 cf6cf631 e19ecf40537d53 211d0052e8230c2e4 c66560c9559b5c20857e 8723bf8ef1cf 225b 23d39cd5986b84e6d771f5b7 2d21150 41fe4015cb040e86799805bdf0d22b578f6218870 e4734f892 0850 f fe4d6c045 44bfbe1617156cbbc29fee4f9488546bf3 3060dd0875244d113bcf3d99fb2c5b 9f8016e0715ee09d27148228d17d6d30 7feebb f6bb37c46 b7e84333f8571 6f9 8cf93469ffd34fddd4e4805498 1fd785f7b8802bd7 962603504 be8 741fe47380c c8d45455e8157   4546881c420e96965dd d06bd e 18492b e4d3 698672 f7533115b91 54 bd28646ec c   c96d7e81b3f96c1371 cbfde9ddc95d9559bf2f39805 8f54b971bc15 266e 6d94d34bc  812f08111425ef c 0d496e415999 6e76161dc2ed68112 5 b59173c43 f5183eb1f675c f027d 8484510eeeec58902f 4ed1fe6 be00 0724367bb6b0f5 c73 09965224e95f75705119dc 56684 45 07b2796c6f 6 58653b25617f61 c7e9f86b531bfe9c34999 e8c47803b40c9f6c0270b5885d399c5eb7868552f0e038 4e42769ece b11c3f713e26ed2b04b1b7 200e4b7b3968fb78e34e230e5ec7b355209296357c4d0dd0620 9e8e038b05fb488be523d059cdf e75372e1b15c 06951 4578e4281 fc9e9b2cc70d53 0c20e48f13e7703e9c282b83c29c861c3f772b09f30f014958226b282665bd84cb9e1102577e5c 14 47 68de617b24659229bf7e1d08 f620 ddbdf  c14451bb976275310f48 0eb40b566254be780 3b31102d78d58b00223b7d72c82627bb 44d3e9d267b602be139 500e955001bcc 51b79e bdb7410877c457d55ce7 28cf98ff10 c3e5 d047534d258d20099899 56f6f52f9b89131d2 55c10771279f762f5f7ccc7cde6374b9c21df6e3fc69eb17d122027 8ed6580c601e854cb976f9870fc895e8c340f05e5b1d 2130816ee3bdd eb6e2b348e4c7919dbf38df239599250 6 73dc93777f52d9 537f9c21d70ef036f05f8c81f  f 25487e7e6fdc7fc6c071770959bc c f0bcd1c8 d504889962f4b4 0be bf77 f3 236 5 78119390fd4631f363b5bc4ce8dd938f2ecc64224820c87dd2e17529c6b963dc8958e76e86e213d668e  c30432361  269e546e4eff451c518e40 1 335bd90225972423588076b72089c4bb7f b704cdc5 38  142  de194283cdc2eb717d414d073579188538706eb8bf 3 110698 8deeef98b55fdedbebbd882  652436e847e674 6ec97e7bdb21874784e02c3e51df24d41e1dd66 833c0ee3f5d54524f8494208fe3ce914c 8 4f05fd0286e9ec003c49fdd99230124c 5b8 d1446fdc77ee58b0 5323b281fbc9cc097e47f7e1b59 8f58f3d33d5f137f10f01ce1829d2df3d81f4e7dbd7c5c11ce6e4ef402286f95db652ec51bf0328dd6e8b53476888183bb48305b3df6d1743c6db0 275f42 0 cfe78b4cff7 bc6d9b60e9d 7876f54e8512e196dfd537d6b 54113e83bf842cd819db0d720c 652cb1 bc48164ebdce0378c447 7df 147424e42f216635811d65568194cf84b3e01dc16ed00718991164fd79d6e405c8b98bcf31969eebb18441f 798095ff18c34422593 197792b5 3 e39ef1354cd84869eeb8e7441b 148654660808474d833e81991fef067 1700938d6', '00915b 34f84444e33804050882e3ee3', 2),
(144, 'pavadinimas43', 'nuoroda43', '7 7f5e6d9b351f473 965 d1 55413493d7dcf94d38cb4e258f859d90c4e2012f02773 058 cbdb871d01c6837d1 8049 9cb5127dc3424cb0913bd9fdf 1 d3ede d835b3 256b39013c322064c5c3c3c85cf9 46b4017f223e5db7e02fff8458dd94c48d27bb32 e 59cb2203915de56 e38048c93c00b1f87fded  ccfe7517 85d49d5b4ee 83631945b8014bed982871122137edb5c76b b2 433977177717303b9 4 1b1e7ec58df0b 37ec4f16d46e 50215d 59343f  7e379c879dd840 cc8b814d2 2555021838 ee2881bb1d8db1e0cff264 e1137837808510109edef5852944b 48 cf08420e 8470bd501e4c4fb646 5bf59b562 757024bb3 8798c23f5203b5d46b65c8e1fce785d63e 275d19973edc40 f48 4f50  53d5dcc577e6313f 9366f9be4675 8df1ce146588e6 f61 9e234094873b2625f33bd28256f3f19334612110d59e1098344  d0976db4ed200080ebf4 8f267c9c4efef 63  603e4 6 5f207e1cb1  418ff7c1304672443193 de8b3e71cc93f3e9e6 d843  49848b890dbb182fcb20663e346 276f36 27e3bcc128 6c5b3ddd6dc4c7dd8   b7 2e28223fee0f45481e7fb3439716 b 83d269f57802dfe5d8f 687b6f8f4e889ff 01501cb2ddfc184502c2b2076c2701e8ec8be4 3f2ed77 c04b25e2b144cb90 7e0 2303c184f847ef11c96b711202fd  0fcd5 0c8c7e75c931e930b3bb f c22642044b3230942f52f468d 18 3b9d82f53 ef49b 9d2cd4e8481547d55b49fd105dd1f4f1c9d2792d8be9dd236877e89f377 d1d3500e7ed92d181c7d50 c0c32c 8bd24e6967496261bffc5dc0059723 3ce03b f00fd  2100f6f29 226c6864  38b0913952d8 fec591 e033fb27fdef20b7b9e982823de3 7ef 60e19d88c8bdfce1d2446c6372679159f0e f170435727ef9 b904c8f87d9898db427fe5cb4b35727c9d09d54e cecf763261ec0c833cd3477469f1636f5f 4d35b4ec899b218  019476273b09f377583b17c7081c1c3beb15d60b7 d5710f5b5 6fe8c 798  fe ec792c 876e973 c24fdb601 b6166545c4d91eb90c67622e15926 cbd427e37d02f6 83 49c27 41b28f57e6229123bf877e8 49c19b1113ddbc03 e0c8bd c627 d16ec5b7 62cc5 95fb3826895d 5b87b9f131d0c33306f17463f844eceb36b184 9984f23f6ceb9330c36bb8b194290e78001 d54246bf313ec50000 f983c52f1778cf02256376f61bc6e00f98d2f0efcb2155bdf393cb40b12bbd31 8e8c0c54c126d94cfc226dfc0cde9e10dff498823c87f51c71 818054e70344d6917fb213d0890932e1917f2f 3d856fd2c0d2b9e940858f65220b7ec3c0bdc0d9ecc7cec2 cd36708e6d8c85d4d7d296ee 855487c85f6385903998bf03fe eb86 cbb15b260b502b579d1 b9c145 794f6e0e1d079 85ff66c419449 0fed3c56152e90f0 d410ee7f974be4  615cd88e0b5f5d4f20d33364bfe c090761ff76b364 f0 92cb941630 2 71 09342379456b 311c4234  9ee75bf2f1c0639d0bd4524449e59d 9c90b2c554655b20c209 564c502e4d52 cd5d6fcdc8ceec5d7e70 b847b1d8c7e9f7d c1dbe5e57186761cf0eeb4 c633dd024cf3d7e278958d252668e28bc9e83cf5c2ee 214336c54fc  cb85910d1eb554e99f20be4f89d610 846e71c4cfc3e05ce5309 7e31b7f2eeff04678282def27e5762f31100 ec96c6eb747b773e24099ee37d 22c4 3d3bbfe613d95668f08b4e149dbef16ef f4b2581968889c19b65e475289054745c53770f7eec73b860210f 0 996790936cfc  8d576ce5d5f 8 44bebdc698d4d90e44cdecb69fed f5738dd6c2bce6cfcc5f6754b184cb0dcb0e8c5d6eb d1 ed5c9092c505f76be79c8e1254e440002d465d1 803848f554dd6db8b7e4d317970 4b1458be37f94b515f99ee84 67799542159f3  fe70b7  811ef408649f 8b2 0d13025f9b13 dc72636d6de2854734ddf5fc25597bb6c281d17cc5c660  3861110df3c8 036 84   537e7825e2d207964c87e72d9cb e93865b13cddb39449411959106c7585c5379e9f2 96260d3d8 71ed 45d7d31d3b72de30541105f11221f1 0e9461f9efe0 3e64f403323334027 3645e 5 fe5118ebd658dcec3 1184ee0855404461868f0365e1445e212c40e00d94520c35f6 d50deb339 98dd97365 b7658 e2 de3ddc88be0 3e 52 063418b9c4 2ec262941', '6d9c53fe26 7cb62c018161994793 18', 1),
(143, 'pavadinimas42', 'nuoroda42', 'd4c42b 5e4925534be85 2efeee1d10444 1feb1 74047b7285e 062ef4bb08736cd6246b75dd61bb7d3c4 17363 ed7f580d2f2851d6e5bb35f1c71cd524db f0e1 9c79890f3ec6d0fd70ec36dde0940b84029375258b7b3674c5f5e8b4124  2bd870208 fcc83 cd4b 28279934f9b24 25dcb51c799 3 95 e448bd53853765f1f68ec35c864 f3dde22cd3 1d9f2f07bc4931f6cc691f8d0d107f3973b 7e de2f 8bc90e01e311 25569f7228f6c5d05be53776bc25403473227741740472e806b7577cfd7672dd09956bc 9cedc918f609715e2c7c48c02590d02118eb69251570c950f 2c 24ef60b7683c7bc908e66bbb7f67 5f4cd dec336bd30 5ce5edefb ccbeff3b9046cbf1e9954c75d0f818e09c190e4 48c0673d25 dbb01 c438845484765dc7657b  6ee33f27e9dffbe0 67 dc1850d2f0f72fbe3d7313617cbebe57f60788f9f324958e7752d663c27d82f914185 71 c28f30cfd 4930944e7e9880367d 85 493c9 27143ccb7fc17ec7c5190595264bd91154cbbd0f9bd982d536131e1f0838bd2 49 36b49 58 6890c97f bf7833  06c02b683e e72b7058df7b  4f374ccc3 7425f3224378ce0bb8732 619 b69f76b83e6383f89d22b69d34b6cdf80287f0ff93f46968e 7db0 7ccf37 9749fe83b0 6f 828cd5115c0d9cb563d 49d38e16f9d364fdd444bb3ecf1 50d046b380f89 3f62459491444028c465f86e49bbe4f8 63 191e73cc00e144979053781b833d 04b017e8c 4b1bb14d0198511deee45713398232d0891 3ddfe0c 63886e3445cb32f42b 9b fe8 22c4e45765db2b4126e8bde099cb6dd 98648 0e19d098f2f0e48dd427e50676d932 6c2dcc7c294586177f31059b2d91990c6693e898c21b0d874055660424f3d8bbd3d  e69529e5c57e0d64fe609f7f0836709f1215200872e42fb82f51966b 1bed7d5007f94f 6f564f055597f9724e3c 8788c16c9e04f119f14f c8c6e72c94d27f3e 76f641c144fcfbdb72d77c46512eb5df602f1ddbcc8c564db4bb3f4835beb8bbd91204d961 817c892488  1709e1 5cb18c00b214 45d9990 3db1c9ed81de7e4bb110cc 4f06db61c68109c 47b766b60373bb1958028e515bdb d269292f40bc0eecd88ebd 583dce e114fde d629 154e3c5778 01db6 df43 d034381de05  49f478e30700d8d8e00831b3561d b52ce74998323 dc6e9301f29 6dd3190 2b0dc34 f4f343e586ec61c7bce85d8844f4c87c7 bdb3d2 701f9 3f2 fde36065579e726e18115fd6022c 6f4f72f4015ecd7 88c237662110d57375e9621bef997cc302bb6b4c666b14b056de92 61  413173b36c4fd675e34c83b8dfc30 c5d6edc8825fdb179899c6f8463cd42 f0eb1b3666508c9 64c9bc2ecbb17ff26 eb1f 66f7819 e39c50e5f3e2 fcdc3544f300e6263c594f6f39c0ef1c7fd 0373970 c4f514 b1ed64 b1ed5b1b60  9446dbfbd47d6d5f32  9c8f1f02 73e63380cd990c44c631 0b9d 259 79c766 2908674e2d575d 841276bb33796b5e65e626e4b82c4022d5b 90ef5447586edb96e051024479f5c5  e5ed469e07220cd 4e792e5 619d9382 279943e0396e101b2537ed 93d6e5b40ee06 db8f3836c48394796c2 533f486 eb 65df4593243e8c0dff886849900e8748ce61f6 fe128d6e e6 07 f75e52c650dd9ee7e23268765649b412 18bd7903 1104669373714e71 2 e30fbb22e61  007240dcdb61899299 f 7ed968bdfd 7 15c d6445b5d6b29bf76ff 60003f42ce560d5 4 d7f770 46 48e2bd47 2068c08310f827d81f4b19421821de1c8c 38517986d4568f930f33f3f1d28c791362d327c9fecd0 72549 c26d6d0049e41c 1b62e7e39973c33490ebc2142363f5  4957829d9 f 82c762e4 b09 d7 169646 083ed5ccfeb8dede5498 510fd7955f2c4824d57f624493836c3c7c4d8ff 82fdf9e23 d3f19d096 b4 03ee 1e1 c56e dd27e7016 713 13433f50b21cbcdf998bd4cb149e690069c22e4de419db6187e5 f98 767 b f833b  53 f2 581c7f1b5659cffd6f7396e04e 5f7356b8e0de388d0fdd5d358ed 53793bb81 1e63 b875f1c8bb224522bc1eed9c3c77d32 1d2529b90cb7 18011728cbdf4b6  6726fb2068b229 f76dfdb98db5be40e04264b5cd7c4130166d08610c9158f771bbc7 b98e05cf96065cbe676e675212cb372041750feec797cbc9175', '585ce0f3b 55f3b3170c 1c60d695ec4', 2),
(142, 'pavadinimas41', 'nuoroda41', 'c273b5f4b90829c84c 6513029246ecb2cddb 5 e45e83eff6f2 6def9 54b9 41b9d52 03bef5fd3 fc220016f1de0fc0b408121094fbcc831cb87441c30465513c5b87518995cf48970c 77 6f5c6461f72875216591e  3 26426766d92040055db022e06 c1f19 cb3eced4c647b84 60d93b997 88c4bedc555f05323f19d91ecde757fe6 2e4592bc6565867898131c73 d132402ce2e4319b9ff4d38e0589bb026d8f8107d0e1034b66107e8fb0b0428963607d1e8fe2b1b33255647c0c97d5b1c1 61b0c4c382076b39f797b4909b9723823f443495eb5246e4eb 5e 57bd5440f219758834e374b763b6e 1831cf051 609c72635dbee74e457239 dc3 7cc187948595b3093b79c 3e6b1b3278c8f06198fe302 f89302 67fb026f371f49077e10 e3c56e8e394d989f10e 0d4b9716c5721e336 452ebb188c5f88d9bf ce472c9c9d66b9bef4e396029 52ecf3655429c97dd07f0b7281ec075484dc5e277f75d3df1e078885e917597234e176b3 7328b22f 2f1c779 64 15357b7c28210675cf1 d05660945 5468 c2018e3c74fceff101eb6b025cd2880 574 6  0f2fc12b1 1609e7065f7fc40f2399 3999c7c388b55351f6cd038e 61fe6d56 3d4848e30452b 2b230cdc5390c54e45b9729c3 5264eec64f848818879f61 b7c6d073e3dec450c6189dcd3ed0 05d1c4157bd21bd31d1dd33 e51d8b3b29bd5b6e20c73cc2c4f633c334c7d7be7475e011c27b56 9bd25f9fcc5de0d e938381 3c344cf8be1503b65d7617 c6271fde69367 2f84ff 008f51c6908fb870bd2 37f170fe 89 f84f c1ee 44570dbb0670229420 1d5e20e0692b350 9b 74736b6f0514 eb60d8 8d9ffb8ef91026d214fb8470506f7b40681691b  27e697 fdf 5337bd3c60843528d2f6847cfb58283e8465fdc591f6c7427cc50e3772  c0f13e3c0bc 8edb907 8c72fe96e06e2e6fd290b61fe3 5f3b22b2667ecc2fdc442559 bf4ed800580942e5bd98041c4b e55 b1db84decbeec b8961305e7ff4eb93c2508094c5161139608d9e43 7 8338c627cb9c ebf63624b794e 8 19 8579d0c28cb6cb377c0976db f 6b6277d52ddd70c11 22e05 234258f9 5bdb9e64e45ffdf0153b181f5 747ce4412d035568b05 59edf693cb0dcefd4d70f  bb4e72c411f c91772707f7f4bf36f754e17cdf45c 612bdeb81e74f394c6e78c 4eece09858ef2c711c d565fcfb19bcfc 5c3fc0fe5c61e4d5076957ed91fc8d7e2dd3268 8602f6b 335196057ed806e80050c29226267119e1995c13205251 fee18e235ef11b50 6 db2ffb76 236fef3f3b4 8 4c3 3557619 e0  e40ddce8bfd20f96c26b4629efbb82b4d41dbb899f36568141dbd0b9bbd979 73 1b fd554569d6e7099b8e 58449feb1b1b8c799e467515 5752e1f5823 f1146ef58 7791215d5ce44d49185903537e5f37990c7471c8 845173362 3616 1235c5 4e6075db6bc2b1c89ccc593c89e019b429c5983777401ec12ec6dff6d292009995b8661616d5199304c0247ef14f5f3beb6c506d147 17c3421ee34cc71bec339 1421 50c 2f4d2f58940877d3d8 495861863 87f085b1ed2  17f93b4f90e032b11b33f0197fde7e73c306f5e8fcc7828f 4f067374150f1c69367e9eb8710723f97fc2 dc37d 1dcb78d0bb4fcdfeff04b90537303 b66c3711512cb6 b6d6ec3bb9e26d6b7e48905b53869393b2ddb08dfe1 3787007b 7cdf6f0d9345e50e52dbce6c eee4f8 eee950c0f f514b3948355f4290cbb6 03fc95529b047e6 7d 3bce58e491fb5045c6fcf93877c4fdff3f97d6cb4 9 351d0716fddb 1d41804 ebb0651698b6f7c089f97c9169791c38232574222cf9648b 7c341fb60540474e7 6fc694cff 17e44b80463dc2345490b34f4ee73b 3 63220cd79920d c6bffde09 5ec9b33e51 0fb562ce65 77 2fc31e7eb 71bf8b908f 0ecfb2d6dd379 5e3cb4697 d9 c 39c9b4 b3c1505 8056cec 7 c0 5 bcbebc4e d7d32 0207c8 d1f 4 881c d8878ce3d22462c78547557593639e57cd847b7 cfe80b7ec00f 7351058d1984dbbd8f49355784 c1fd6f5e7b38e36393d45e7e444d51f527fb64 7df5c5 219676e708484610c56355e9c1598d702954ddee55489d8bf49 58dc07bc836fd5 e2e6ff6 d34912493d9d2ed613 be469fd50  b74 18e3f63f894 12f33397204 80142c0e34782e0739b0f', '99836d7b21495620ff6dcdb441387972', 1),
(141, 'pavadinimas40', 'nuoroda40', 'c1ef12b7 338662 7d31d49349bc56f832f62fff fb7 9ce83ce2f388 c b51e74107b5b063 9738f 413dccb450169 7d8 f68  5616e0800926d557 f0c8b97  24d4d47c4c41 eec9c53c33c0f 081 0cb12d595c7503c236499bb50551e7f37 8c1c30d95bc0ee868eb5ccbe6252f25d537d5 0de 62f7 f08 e883 bb873513b942d046b298bc5125 40ee362c7cc971bb9 3eb3d183c14f5805781e7 d7f972ebe3626076 80b391 ddbe3e4ef26bb36dc8 63 583911b11f9cdb53d527934dd63cc9d3261cf48e5ce 6cb40c971df5258e1f85e3f33fd6db3c46d57bc9b2f2237825dce2986595532ed86 97000f04 72353ee91fec79717c91bf118232273b7288d4c2f6 c1930049898c014c1100b93249f85efe019620ccb07e475b8c392bed1d105 4c7ef8e6f8cf  384 59213 d6734b0 d35fecc9f861dce1647 6cd0e7 e2250fe1d9ee7361d0fe8e214e8c902c4ec0981e95e184ceee040ffb224064e9b8312 5bbc08b 0991c692f 7ff4511e63d0fbe6e34db50b5309d376d524b5f4ebd4d9805 b0294094b9 79c2d488d72649c 077fd8 1f5c4d484 e d091d915 60 73b23ff9ff8bc2cdd17e 82674e22d603398274e6b67862b8c9 c8dc 6bd3 1 702f4702c6f e6ce0425e7  51 8 16d33f55e795d53131d5cdbd850e 8d81134e1cf47581ed7013f79ce c6 24c63ff5743b00 7ece 0 3f4 144c08d340c4416ce2648 05ff3930f86db7916e3b 4c8cdd9f  179d 96e3bf6f9dbf53b2 0811037918360325ed70d99f3593 c30f580 c00c  71e28e949fcd5c575c e7c3  1fd6650fdb4ce51d834ce046226f 3b31 e9de95ddd 65ed973e02c4e 2 6959298f192c f7d02c43fbdc7efd639d596b2145949 7812652beef33c16f61852585479339619cb93dfd6968d192d 924764c5d6d4fc230bf 8859dd91b23e25d2f1ff7ef815 cce6f013e9621c136bffe74c1ceeb3c6d770db497 3b05d886e997528645037df 18edd810c95f7bb17f3ff85cf812f0dcd0709764d88 7125403930f3b51056ff12508f16f51f4e2db6d189b1db19615dbd002357e81beb8e7d 8d3193d ddf0de80bf12b7e 3e3057127dfc1fb7f ebd7fdfc 45072de8fbc72b2bcc7564fd0dc 761 308ebe9975794 89f1875e f48 7f2 2fc0e3b 2 f9807d438b09211bd0b21038dee90fb40 942 8589 be9 8 b20d89037165c412dcd40d2 f250425207f937b014cfe df 9361 b502f9 596d58271914363b679d0be3742 61bbf8b18df0f2c 7f6ff8475457fd373f00 f 28930432b4 f5200873c32b42791533fe98b39630 b f2d97ff79662cd1 c5750435b8174ce2d9b263ec6b f57f04eb2ffe440e8d  7e1c5e 33bff1ce97f6c82c0ffff4854e 9f307b8 401815ffebd9bc2267f 68c00 ed0cf1f642ee3fb909 e9e01b38e1c3c2f228bf6865f 8ed11 67fd108 c18e7681fe5e221be c9127212d 54734 dcd2495fb 0f3490665f7cf5c349ed81db8fb bfb6637c2b733  d4dd195 9521c41d264e75f679fe68b0c  26f8850f5f 348b8ee5e3f  de8  13dd764531dd38c69 78 5b94601 c01c cf5be777 c13f4143c ece00d e45ffc1e28244846d47d242d2b e89 59604cfe11ff94d467357 9 fdf60c08700 2cd89e4c16f3d c745425 12cb b63d78259f552df3454 06f85f027100bfedf92351d3d3d fe5c4e8dcdfe4757e4c616c9d3e9e5 810  1 22f1b06ec63d04bd20f28cf4 4683dd25fdf8e46e47ceb7d3c85fd7c14f43569121ffbfe2949d86bbcb538e29 8fd9d312d5d72db8f195 2b8e 6b3b203f12f9d93104dff5f843f877268be5c961f4e6692 42e77c4f669302609318680764730fefe1059369 12f3191103d4b3ef041fc9cb45f 75720391868d3dc0 115 2664bbf2ee0303c84671e6c0 c0fdce37665b822 ff09355d6b3f8261f8b62 cb8b 1f7f22f91d780426 155f828925eb915ef68958783b89 4b655 8b288f1412ebb5e4 bc 2c9ebd5 9 6e2f90f2 4 5edebd83b95b26235dbb34f591d006ff70708d4e30c263154b6b4c53f13248212df43dc832933f8dbddde5263dfc 2b5b6eefe44907228c057c32eb6d0d1e8c83 334027ee43 0db32d67852cff971d076b342df 53c164795210586b819c57 0b3d460bc8f 22 6e3c 3eed1c59397f47fefb7b3b73 e51c fb5b554300289282d89 399f737c 6fb764f2d78d0e868f50704e56bdf00ee7bb', 'b9 707db9d9fde77b11c4174e340d810', 1),
(140, 'pavadinimas39', 'nuoroda39', '9d 262f38d2d1e9  d43f23d98d252d33683d324d988bd067fc67e4 9e4cd 8e8400efe36ebbb 8c7e9584de983bd27302edfed1 cd565e2db3e259b5765e62483392b9e85c59759488f63863b 37c03bc c9900b1d7e 5905b342904edf 4fcd13f148c788296f836092edecfb9d5d1b794f 10c813d2c4f8cd333dd87c79315c4f0b83c3f3c69f829713830d865548e2e79c2 22137cde f36429e13e8c242b24e80d2b62e2695807e4664888d8df1cce2 0179c2f6 dff1329be9b9cb6b 03b3 5b5384 89324d5422888251149d268385f38462eb6ec7b 92bcf691590b decc26733db1d1cee548652059485782c d17d114f1ec51d2ecd5829de59d30d9bb62650d2c0b77497d774e77 5 0d15 89bb758bf8c22f98e7755b1 1b08be8edf6751b025c26d9c0f2186c b7f6d495f003f6803 0e8d774046965b13805bee7703c0e32027d0b7c69809dcc1b3681 6d7c8d8ff57 cf390152c8213f80b253efb6361ff9f9e741 38043d01 fbbf2e72fb99027dc407e3267bd2b9 c7854bd bc9df78b006cf 644 ecbe2 e9db5fe90db162b6 b6 f22dccb0fb922f2778c992c236f59f fecc72e2d447dd59dc097019593016ed4d2ec2b0 b259b0610489c593fcc414779 bc 76d9865c8853e8656d1 2b87c3b224c8727f05e33410ec67cc781 d25dc740bf2544d789ee 405681217ce5254380  81e  fb55de84d7 7 1f817433dcff9f72 2550763646240b575eee8d 985e859fbeb b93c fec0d7d2d40b5766f19ed7904779 483ee23 0b75639588c816f 192 84276642984060db99ef8c3de70775e91c2d5ef  0667 41fd195c65e9d 8bd9dc140 bffde2 fb07631169709 2691c709bec2ed0d1165895dc936e1f8d924 ed4 dff795ccced90edcc4f2e5f36691404194184756 3d551b 646375f19  3fc9 253dbf88280 90fe8c3 2549df43e12 3 8626e026f6 de4e 6c9eeb  e87db82 dc061b3e960bcb82f1e938c440744 3b4c7497d55 59 4098d5d4e789c 1fd9e713bee37 3b046860f c 47 3 2cff4b1 f8b2bde33e3d8 9ef1eb62e7258fde87d8446f998 397 54963c 396357f7b01c65 f0287bc0706d7b1cd8c844c29ee 69ed5c698bff4f45cc 47853d539d253625e321762632e320409d714be3547446e0f92011f70d57b04544d059 b041bbdd 1490806150cf1c85b5360feff5bddc311424e5b697cf 078bc40187  e243 ee3c09 6d1556cf41c5ecbe825bd89724d29030e92381f5b4f2d9f0bb4 5b31b8 170850dd9fb0623ebfd1b5f4d580981512e8bc34ce9715d7687b0 9 b19519b60491d0f421f88bc7992b 254d239fcd86b34d 7dd923b179bd502863b 7 67678ff1783ef029f618858 bfff21980ef50259257d42ee7f11f8b20 17e59de  eb43770c25 2c65069d0077 3 63 47ff08937f677ee50101329e1 8937  6932798665 3c429b5e4fe929eb97 23 f57c4 632f7e956963757df18fec9f2d3549d7d0d06bb6e d 03c09f3c e2 f382d31d941ec97298c5b7ebf178377c7899b97bb397ee4e27 55564 d289 88e3 066f16 9bc26 12 9b2d04b21dd4 4f6bd4bf0fc776eb1e4c71 be5311 363c 3967e8c2421 c1cfcc690 b3cb510cb68e62c 3b4b6c4 3686 c805111ee f57f68b2614285dfdf4953df1cbde9438e80 323574905c 2e4cb5f7f23e468f 438ebd48877c82d2c67b2 f32686 889b0d090bf02b74e9420627b925bbc2cee12c5e2667412e1f5f49947c8 60d1fc2fb8436df442649ef9e7 10158461cb8ee 2779c1fe016d 494340128148 97ecdfdd50dd8d605607f00 c479cc2f2 2ef24 8d396f3 1 509e69b45736ccefb685513751372cf1 f6889 e246eb4b15 0 331367b089b0 3081c5b25b5d6354334dc82bf1f966ec7 634fbfd40 99ed255 43561b 87b095290636f5f9f53994ed78d06770e6155847cce6c34f142e1f0 1cdc6c582c 8561110c21b183f3299dc 476b 6 3979 5f 686726534cb9 be026c0def122 163e3f056c 204932cc3350eef9 4ed 78d b17cfd77eddf 3087e9b 67fef5bc70ff0 543158 0f04d8e52726e60f989512bbebc5b39b030 4c1fe765f1116f3880b3f30803 e280162096b32854eee355848e7bf91 7e648dc871b544 e2 34c4128bde00c53f 4 764b8ed28958bc 7b43d0b876d6 6727648f35 6d1c3b8e9  647490 4cbd294 76fce948ec5169bf60430d68432e851c7fd', '705b065f bec2851f1f65bb3fcdb79b6', 1),
(139, 'pavadinimas38', 'nuoroda38', 'b49e884e 4d1896b961c2 7d19c7f9b3925 c2d41713c 941002b 703f7246f6fcd7eb2250d1713d8f280ee170 260b41fdff5495b5e22130fc23b720ddf 4e1cf3bc7e43 bb42e0 421b75dbf6 e7f66541227e40d472 2e9c5b082cf251723559e3e19db282271 b1e9c01911e856e01 ddd037c48662ec9e98376e4686260d ff755c3cb4254c7934d4d55c2c54 e2 60d 0645ee060d c9 d46ee9ddd5b084e49bf27 0024c2bdc37d0201b b1992eecb0639298dbdce204054c6859dff103 b9b ed0f21017116e924df873b5111bdd2554   058d28 fd8f896 4 f821e4eb9d32c232d62503ddd 37bf6 d4c93205c49126c50370c5e df357 0 0b183c679e56e59db2d86975c00c78363627896913b0443262332335344514bd8861ce51471c6d 867db66c1b8 08c1ce5950e6000cf4fef3325f11bc357c16b9e60dd793823cb1cef6629f96c6f 804c2cfdefed9938119e2c9  d 114f6e2e7c49d4 564d222 2c3f7f1558de855 7b075b2be7ec9dc862066d702721ee66523b4 ecf519056c918ccd299 61084dc 5cdd38b48dcf13db9c433f9cf e075d7c63810f3b64f e3 fc1b54d711fe18f3edf0e189d200 900035e5624824d7b9253912 e4915e2366916b031d40 187403 7ee423 bc8fdbb5065 dcede7f 7ce 5eb 3c6f02b0bbecb5b2e68d9d3f05e19b  255b915f3667d15c 0f048f933c716785f0778c101eee60211f16dd5e25d7812d7c474 c2e9d e 3fe81c7f6f1653074e 4b70b5 f609f570354712e 9 1817f22228cd88 b4917417375 4d 853c78640e4101f708756c 1 eef0f797f2e10  5489f512b7758b95e94834590fd79970b23ecb9120b2 30ebe2fef6e54d5bb683418bf 5f7d673 4130656d2e655f72f5 961881b51ce103eee3858ff07304e2e958676819e355158fb2491f25596646234fd721f0e06e498d41d0c8545b7c2499763c38f621  c0882deddf7e8433045e523320fd12bbc9ee07fc644c06de445800c3662654 6 c778 1 9 f485ff09 59c2d49c8 97bcb547e6914898b82133fcd5f4 40063fd9b95d18e67d03c379 cd50846926e 7466 b3993cbbb737937bf506fece3004dd 3 38f362cd891ccd1b71022d27406f10fdc87e6179621 8605430 94bb53b453e7516d4f d4 c25 47e71deb50 8605d0c7f b3e6cc8bbb7cc2db ebc9845033f534 975e094e905 df6b7  b227  0 45 1cc17452fc3bc166 c0fdf   5c16f97bd6260e679d09383b2debde7efe 390680fb272 142b81df404de0df8e1c041 b9886672e14b13ec09283426d106661 f56584588e 24 7e694531822b598 48613fec6cccc1d66c8454059979027defec3bbe5804639e0 79c6420feb80d974575 34696 b64168d 70c4d 86193776b4fd44 500f0013d931b156038622 d 4dd57d70f6390892fcf29e43f96c6f3e81793 cc401d30eb 4f17d fb4b82c204311701316c0bece14811920f5f05 e5e29f7 78267700fb39d789 f77bf8730806d7b986789ff39 2481f0e431e4f66b3e92e516ec 3353886554ec4cd1686b4b7fc2367779d4eeed6c2 574d5b939d2f0537ed64b70e 1e8cbfd53c9b3 659609397 cb34 9c3c2f938 553cf60d4bb369309263f 76d83f577112 2b  775 33c38eff86e922798d65170 2689f94d 5f 15fdbf3d0320765d277e017b9 eff75f9e3802 0094fe 55f945168b8ec529985dd76e65ed1 16cfd9df0f3220b37d4 ed 08f4c42 2 f1 33c1bffd5  ec4e85f8584e9854f15cf0c72c13648efd0003c3242c2f3  79bd b0d270398c9f83  445877d4d87461 888b2f272b7d92 40e4 fd98009e26540907 bfdcb9ece4d 8ff72 47e8c8ce82433cc2f1ede 343 63264fcb 64051e10e4d5d05b3e0e1b95c7 608bf13fbf0f536830 8b8d631 285f2bb22147347171 4c522de5861 f9d486242252d677f88b98f3f98 ecc948b907b446142cd21f f666ed9864 cceb22736957891c03b7538233d3d2f9410f37cf2fd0 dc8b2eb24d9206561f1f8dc609 b52e84699f95104d9586b8053de6816136c2869dff954c710f2cb7def8db6965e715b0859e68214 7f7 d80bbb41b 468e3b481cdb73cdb308f83c13f01c6241e 8f112edf7e63 18ecc2c774cbf605e1 cce143e7ede25c53e729133 469728e354bc1191f8b3206c3b490f4efe2f0b7 1744f28e1962191700f8 0bc386d53456fe 151253f16 207be2ce278b635', 'b58c888681 4de72582dddf58c506891', 2),
(138, 'pavadinimas37', 'nuoroda37', '1c64c8b78 93c16e186e1c805d 54 5c4c10cb711c309fd00 035139ddb46c20b3 1109f953603c10d8cb3f9227324808fbf75005bc902ef2402f10d452b 7 1b 69bf2781dc8487355292b1cc4f214 5416 148d6 e 3081d3db7c2d9c91c81 44 b67 920b67c93bc2d833809575c b3 bb171f3d9e686d 5b215 3 d71847d306447eb00bce12c652 15967b3 980 414b1b9 92e2790c03b2 3fd581012e8fc1fc 3855eee 74870757 fc2586e503f6 9b25d269b92389821f3c49133ebb 2535003238772dd 7780be29648eb0e8c007 38ebb5ed0 681c bf8 47524 24426 29f743c1d7 d7e46b13b57d25e6dc 73b6eb18  9c404b546f 0e95fb0 c348d6181 90 8673d b2911bdd92890db9f90775f5200eee26160ce2e32 918f 038 5cc002010c849 4517 3dbe774 56526682324d c65685d5f f4d0897cbc30c5b 3c7efd9f48ce990117f8 6884ebe908f563b01e e45753637dfb602449b1b1d31 5619bb64f4009d 11879e 65018db44e3760d2c8229252172d1e1fb 5bb4f 72f01b01df7cc8deee4e666905079e23dff3de339b814be68972434170d2 398 957357db90ef 53decbff96e724 68e06f43640ff4173f23f4 11cc3b7 988751d89f874 b 672e b047edf1c1f1bb4e4b37e4b159047f2b5918321853b988b f c66b30fe5865c56fb8ce3684028c625108ccf3df9ee0d089 d3b6b3 d5f8b3371dc51173604b 8531813d9216918d8 0076fb3fd0cf138d8ec64959 168826 3e8e30ce2 b2cdd9bfd 62361b09cf64ddd8875be346d2550b9f2066673cc8b b5e85 2c4c8 896b01708 038 c3e38bed 2919292c6d4d8 237 b130f73 5683698 4d0b67943dbdf04b226c37 d 34f0dd2d29 2c09f2657b8013691c99e5b1bd2459 fc1573690c8f2db3e5113ded092670966dfd049e36294ef997cd1bbcbe1087c5b7d610e12132cb300eb 2 cd0053d41236f46 5403b37d7 948042b74b5f54b05f1111bf55331284  397f8648f47e6b88f99efc26bf6951600080d71782b0bb34d2340d40cb1edb997dc517598934322df1b267cf7ddf776271b6d8  0963 e503e bf228403dc4 70cf6d216d9352207 952060 9ee1782f1c7e22215b89ffd 09c8750b4c034ee5fc3 ee33f02 2d90eb 6f2b70 e369 770bf42b78b f4e574290dc9d5ed2c1e363d02753 7ef23 7e25c5d4 530d 09b163d0f35d2703943 b3ebc4eb3de1c4234c55308cf228b1c791c9113bb4266e9 147 2 8c55430526b042257d2be786b0 97882e9fe4cf6de2bcdef12738218882d9fb dfe72bfcd914c0 3cc520b ce531142b c96d5 9bddd2f733e722c78241966 2fc2e24d7cf12f173804302b0e1c43ee64f0df148ef694654 c6c2500253edb9202 10285067fc7bc33625e2307de521e6ec24 dd359f82832 d 8d  cf921c5 4229219b8b090fd5bde8817df87f176990 1b dd9d2 6b4e87d2f4 b03d ec2094f 302f7ce5972451234 f  9e11d62c493e30645680960c7bfee3670003464493e8ec57821ccf445f3fcc6d55f628168f9def94 25bf2ef2f8e73787  8b23c49c1b5cc52c986cf78e0 bd171ff3 8e59 8fef604c6d9e4c472b41196c00c587 0d50d6 0c96b1ffe29b1cc13f61c752f24d0665130965063f49389d3 6 98d8783 79 d3b0052273b7 d0bb250 dd64ff0e 5bcef467588c d50f52 569 ece8e0fc15419d1b51326727cbc 9c563c0e7 6e94175 9dcf6b944b365708437fdd2f607c 69339073e5700c0e41ee8b8 67c ed8d8962  b283d49592932df140c8397b5358 b8e992c6f79 21450084d2093e475b164114d636f c88990e63d2f03c611f661 97ec7b0c99c04dc94b9b0763bf48679 5e7c97907064817105ed77b63c0b2b8d0e8f94 0000354062 81 d4e62e 5c9df924b89 6065 6 1c75ee5d4bb9c38c5450c85b30d 7b89d34972353c46014c6 c9 8f5919d0ec63fe 9c7d4462b5ece0fffb6143b604fd c4eb 8e89cf4d15392 017dec5f7ed22143f3 5887e8e4d292d438511b277f8e89030f8e45b4244 f3b8046ee5c54c80042452  d54649c28f01b87515 e11896517 1eb9e681  5e149edcce0d990e1b6bfdb5cd0 352b  d4f74b918fe47 e0d9e74c4f b85c3d8c641e2637fe6f74ff840b 76b343bdd33b9179 4b6cdb30d33622d59180d5f94c039d 785c7d9e18317 e88c84d9 515319298f5116452 2391e14ff89206cec ec86', 'b 87f8ec2e04141055dc506c6167908e', 1),
(137, 'pavadinimas36', 'nuoroda36', '6c8ec49e51 db46617ed1ef1db1bc83 14 1608de8b62902d4244550d669e302b8c6bb624148fcf0f645cf7 f09b9f5ed 331836c24716bf3b01ccc339b e29467 e206cf8ebe157cf98169 b934de c4c9f4b6d24dbb83d2ec2f982308bdc51  9e353de3b85c78f1 01de8d4e47b6b15f973cec509df 08575e7e01171bc85c91b9111 cf 9e660d9cccb800652d31bc4d9d1f 8c6c19738f 20d59fc9 28 1fd 60601341f793b1e10c569b941617258 13715c eb8708e31 196111 9c94 0d 165e4eb23 46991969b241 92 081d9813d 396734 6cc87449b815e085e066f1c38e311f2f04bf6cb35f23471858  115690b70e0df 8046d75cd83eb 48259d8d4e24e971b8d6cfd45f8b9741e93280487ff0f40e8d260b47 3c09fbf21e3dbfe 0893f2355e646e12b8c 9d8174def366d5720d0effe54f180dec0bc 58 b0  e6605e9d34fc88e 4bc6eb968099 cfb22083f2 7 0 38760740e7ef8bc7d02d604f274fd4b 8032 c0b18e4d5112 c81d4 f51b1e5b7b43b4673475d7b406bf20e1312750290febe2654d8b42 e6c3b 58702fd85079627c9d 65cbcf59 db8b9e69c75f0 b19fe23510b5d 808b18b90d60471ff02b50b704f fff8d59cc1926c542521f4 39665c 1704d38 e343e95f42d45dcd9be04cbb784b7e7db9445d51c6b77d92 c10b299b8226986e734d31cecb692 051013ec 3f371d1cb3bd8b102075048 c7ce858e7 394b6711056ec04f911f05ee843d44b1ec6949 5148776 2c cc66b3 ec51049cb404bb662eb b4d ecf9b910 fd91 022bce843080c542bebbd cb46d26bd8392be041e474134e3 588 6e55 1 09949c15dd3d9cf8f34887ce43183 8 bd 17f0d 848 22e8bd634f7f0b86f4 9743c51330c2632f51536714810 05493d1ebc75f4c0c5ce27e0e9dc7 144223b7076998054e4521f446e055ef07565f27ecc23624 c4f82c9ec475 96ee69402fd1d86ce 24f44e996d95c0 2481918dd80debd66f66cb3b12148b05f659 01 94f8717bf8  1cd920c 15 187258d7 70beddc011220dde7dc3e54916b9472c91b8cc864b242 5e0df 451919d1067c5  d8e8cddc90c1dedf0ee8210329b25e22 250379e1 82ed55954 bc21586b631598ed6efc79c87 c30 1106  10672f9c9bce97fbb425580d3  9b858065715c82fd3e20212e1 35dce5cdc49cb176c5897bcb3be78d1c0209b0de82b6e0f721 56cc cc828b  20b8085 159e0 1f19569e607929d4e1638e0e3fc410b89e750c4160266 8013db b1fd59 033bd2e44 dc5d73e66c5e692c71f7c4dfdd0e8 679300ed0df7c1cd6fbcf7b39eb3fd7b1c6e4 e2b83799e 4e61bbccf3e ec70971c25fccc361df539e3 eec067e7bf29b14ce97e 8bc6941e20e770 8 38bcb4b924c320110021b489e bd590 9f eb6 41fdf453bb3d7f58bc9e649b4 633b310e64d96369e3 e 48459cc13617cfd9389 eff80013ecf5b5f0e277cece589c964e39e3bb66f845f68639ee2d0 61 19f 5f87b3 064157d1ceed1794b332c289e1b635be6c4c9f2581806b 1619427d8eb6227e009c117b6ebd9dcf58b9 6e23050548d 82003b65605ff908e84fe38708754832b06 befc612f4 0e959c22 90c226b24d77bb46dd2ef757fdeed2f0770402e06be171633502805501eb6f9f3dd1e82 f017486ddc74eb9ff45f14397776e64096c08b2d e1e1b8f215490fe1c6b3 094c3335dbce1785 46791cef91e005fb678d575c387129625d36 79cb1e51655d3ef934d06c635 ebc96970b1e563fc18b3c70b 4 41f182434c9c389beec95  c27d395ced09f69 bd1449924 7f90c3690fdc1db63ccf967b65382817f138e891952214e12f63149ec6479edd8d2 899f4 fd251b33ee24c7 86406577f9 fb874cefcb6528  79  6e2c991204971396d3f195f c6f494f278e9 3de705d9 4123 45e87be32555c7449dcc8907b c6f25d15bb1df8c367b7719ee41e 3527491345 0b90310c11e5b   f 3ef309 60534b 3d998d22e7d34df 5 710301434e99ddb6d8e5bd8598 78193d30c112e11e707c79ff 5fd86dfb0fe5 df256c0ec50f ed1ef6e5b273 19c8744c6526ef99fed73e216d321504 1cc0728383 f41fe04fe e054c69750f85d4cc8b203bd63722c 283d98cf618378d0cf634b2683 2cb18bb215dc  31f33257d275bb12765e479 cb4c7c 9bf 3b291c146fdf55f832055 d481931f23014306', '4d db d4 2dfd6699e2041f373893948', 3),
(136, 'pavadinimas35', 'nuoroda35', 'c48c886c2ee1c4f439b362402527bb396942 e1c31bd3314e7500c7b7c419c367347b65d92349f3d19516  46fe50bd6761323bd57d6 15c3f9f2df857db99b002b5 64b fc5c2b7cdbfdd87788fb408f86c491c6501 1bc99 4b6e 2d1ecf e1d6c28 be 462f07e8d0d7d8 1e73 8d8f578fdbce351e36d30f98 b8b7651f 6f74609db 8 f9c7b066541 fe216476262c27433ef09f768 110e9e9cd 587fd4756e712ee030e09975dd 79e5dd9b16d9f43ef08836bf5d648e8ff01 63bc0f47025 0f6c2025c  69b3457204 eb42f853c 065e4b5ed6e625   0eb1189e3fedb10d589b1160c0ffe4c3edc6288ced582b6613 72177221e23111b ee8f8b e15987e2c99e5fe0645 69353bec 98721ff d147341872b74eb97b17682eccb3d01e c487bdbe5152cbe3d595 3f00d820167d2 4cdf 054500b462eb6dfced962e930f7d87495257eced0023c0842 b47425d252499601f2606296251622  26041feb4586ff95827cbefc7e2 dbb646442025d673380c0c2b714989cb961d6bdf150d9f bd2d9 2d600b67034f965430447c211347b397b 6d96e9dbfc 1c257d1047331cc4f7913c8bd 28d6515757931ce34850ec14e05 3c82475681f 8d7f28c 0 f2e 20be7d c7c921577ed63871223eec4c0d53328c9494b3 1 79bf2bc0ffc4c c55d3e6 2015b91de0d6b314 6611dc129e5644616e7 7749b1074 d2890070b 6835b23d5ec8105169b093eedc96b4fd6f eb3eb 8b2e70b2585f440b7f28e53c3 14d824 3c4943007f4 20d63b26f3ff7c00223 60d49cd356cb10f778eb2 d500b54954c707e3c6df444c91b39cdd8cc2107420be52f016 ee397f 0514 489 1e1886385d1ee71edd4d4b88 bf7415e25d1045195d0c232d30868ed1e3771802608b0cc278129391f5bd dc3679424894e0 d f75fcb883ef2 cf e495051788d5cfdc84eb1bcebbeb21e0884c0 de78ff9e88cc27377 b0ce981f9f1f40b1cd800bb17b51d170d73 11ec488378f3942b70c5916d52b0f871 5f7692c05426965f51f39 7  39968492be061c7954c611772eccee64098755f1b9ded0e13cee75fc 198d404ec11cce8315d70557d2 1c5df21ccd39b9fd30e785dcde630 f6674de4ddc1732ebe0899c97cdf40f22f8f3346345 62d455e644cc8648f c0d100d41ee75f886d7e 74173 9 7c7d12c911d42d 14c02d56439 7111063 fde1dd6fddf305 6c23512059530b8c778377d 503b7ed1de4026c955bb8d2bfeb2e8f53f d7c09de6b18 336b161136 e0b 9f20bc1d5b99ddc77 3ebcf085c534845c13b1b9879f4d671388de09e2f7422d5f2b34f9e8c44d3cb182b3ffe9e71604 229 34e9fd5 2d cb250e8cbb cb4 92dcb3e b84754d5d14 f3621 7 709701d29b876577cff89d 81f724046b916ddd8e3c0 2 0 c49989 20720837bff67f9 4ebfc7e1d0d4e9828d0 326b8d450cb6989 8d965b6418e 14bb18f9f2f9d bfdb93090b8ffc281dcc80 643c9b  fdd6062bfbe8bc77d0 b610f e5d9fc9 431ef3c  83b62e2c810f15807747b467038323c3 c8e6bee4372cbd5c44eef694861b2cf718383d 56c77e11fd5d61f3191091e03b347537 1932634b99 24 8c18e511500e79361d 4012 4c288e5 13df 1 411b 13e44ed2c4200fbdf2 3c7b9b1ec51061 b1fd6367de01c8359208cde3ff7b56f 6f1fb853bef96cfcd0250c486 ef3bffdcdb140471630 5153eff306085eb11636e798003fc5924d4fc299698621dc2be6368f20b3b2 6d3ff79d7f9b 83c300f2c4 f87 83911d294b8f345107980cfdd5dd093874e9e14591f0cbb0b34d88 6d60dc37c10b4bf13 98096e12e724d11  9211697957339 c7f7439f1686fe667e1f842fe 666fc140386 43c7f11f71 1 0e63c2386910  352ede744ce878ecb68f890d54d4e65c9f079fbb377b9018d94 b953d734ed8b8fbb914c5e184ce5f b d9e938c155c38b2de497c88c7c77cd350692f538e2304 019f fb6d1f01c5 689b9e548cbf9 7ff9 c3d277e4 d43  e7c5 3411ff03556e840304b25c41c99497b4dd7 74fb84f6d7bd79ed16ec90b088c073283b6c4f0ee3e16ff9b446 f0b5c18fdb4573102b2d8798c1e760e8996b 985c298f f31 1317fe13403e317421bf55b8318d 8 f4879646 e  c5c21be68ce29f40532c2ee64d1e70c00eb8d4 de1 8056c57665f d52c4ddf1156e2b4b4b94b651612b f7 e1280', '53fd8e05626e49c17f91 85 7ee41578', 4);
INSERT INTO `puslapiai` (`ID`, `pavadinimas`, `nuoroda`, `turinys`, `santrauka`, `kategorijos_id`) VALUES
(135, 'pavadinimas34', 'nuoroda34', '8c7433f 5097 1760338152e7892d46b 76ef fdc424d234f53fc4178034b51e8e1fc 2b38 729d395f55 91f050607cfe0fc943fb0efe96116 87 eb556fc9deb8999671b644c  615c422925c  99d1e0  b49661d8cd536bd61f5dd948e46e245f3280c2 65db933 4c2087f5dbfd061695f981d777 5e  07cc6805b 9454dc8e3d94389966cd2f3ec 3b80f2f9f9704b207201 efd7972e2803cbd2874 b16 47fe9887bfdbc 9587d26446c7eb4b1228755 158e23f32826502 3f8b231b56011324729e1739c2 614684 522fcd634b1 7f8ffb9f326c249 e5d97918215413099990f96d70c1e44d 9867b8f01811579f6bd f11852104ef048802dcb48f46f c80 b5 83b70d2c0513f8fefd92b31d3b 7b914b f52d79e5f17dbb78 8 1f81fb3bc8610253 1bb538cf8190063e71 9 dec65634fe1395f1  988e4010b 34748eb7 80668ef1ecb935e e4e9f1406d8e58fbe1f46304ff6 591561935ebb3e03b0 dd628d52c81 45ec00601  d5fd00b6f778250 7cf25d441935f87d72b7d7f13f725ffb4ee30 343c7285dfd7f481 7cf54ecd295cfd156e535c532b154be97f238e61f91618420df1277046f33df0d42884fd9bdc7be886f9 3 796b14d0  3d8c475306684cdd 8db1899e90c02c5d12 20d4803020f2073 54128986f38396496755c7580902090c25c7c2901200e445d77fd 3189f8b4471 9 41914b58734 4979535fc4b74db9c2 0b29f94 de79f229 98f0897f5c93e4d1f157e3 b036 1cc3fb f7d7f6b2575ccd9ec dd04e 24827f2e6976b00e7032775064d e1eee c58be58f8314f1ef8d2923c48023b60e94418198d812c555446c67bf 9f 6d167dc782e4584d779f1 42091274732ef65  c368e99e 2702f95  0c2f40 d3f798d1e4 2f31369574358e782d1e527b7481419d1 578e451c19e2c2e151239fc0249b24399079b3cb1f2eb23133 c2f22d54 16170cecbef ebd dc5f826f34 bc6ee906e6093f1e184c85050f6d1719b09e666d4071d22c 95c07814 6d8ff787 17d9ebe2f78676f0f59  fd585342065e0df0f32ee3cb3fce662bf08f8f4f83606f39e d9cc2f3d1d649 5e6c863 51ec9ffc09b05749161c 75d392ec52e1df74bbb8748cd328c2922cb 986c5795c 7409c01bbb82 7221003e64d74954 ef90973 5d1b8c245691b8db852 9b f9bb8cc3d360cb6348 478b9300 081d5 741d9971c75907c83f2ed02 621703536c15bc403d4e5  217 7fc350d4d351295632  2504f5bbf9f762b3bfef31486122c5 4c764635079932240e31 1887 997854c05b411 b79b34 b00b6617cb1087561ec 5f3c447b2e1527 fe85 1 3d7 23b0e2de3b4edcb86637dd831cc41061 519e54b6   f 8f7625 8d8d160fc72bcdc2e 28d104 ecb5f43d4ff591c7 710e9 945e0ff dc62d53f55193fef5138d6c76953f730b  9e9def7779376 46208b46f6f59294e6641b359 22c90c1 67fff99f15863076 3338938b30fc 17b63fe  fbc7de7 fd2f 7476ccd46b838cb9e3c708993d7f5123d623  8fcc014255224e99314f1e041263cfd864403f5857edbd2e6ecc10c71004f584556167f32c53 2463d213d81f b0ef3d0e7 893d1494081fdd205f98488b 59cc1df13ebd9c8f8f233  be9f409d74522741437e5 37414c78d82efcf02713689365c6660c 068e60834019e4731122738c0039d852b4dc98 67058df9657f0b275feb35e 902f6db 966 3520738f52 edb32ddb0d25dff570385df1 9d367e8fd7c585d3d3c9d4765f984e30b 28910 23b 2 0d19b69edf5424b9d57cff5217577c581125d421b985f62 f 8b419dd  e 07c867d650e478158d4cb0210 e8 e8315d0e1e0650cd967bc63eb5dff4fc5fcbd8f6 c00b6e 36582dd2c1c238022039e97d  24f9d6d4f64fde9f9623050dc0dddc5f5e33c6 91f3c1f9ed12  706dd 8d3568dd 9948e17ee9988829268e 040641e0 bb 9fdef7c77c7c95064 cc00fd102186d77fe939d6e0 d60c86f4382fe 89d18b33d2668573d7d1d0f66  039893 03c5 bdc5b004c1 e 035d0 b 91b99 49f131 d9d83337d5ff7562588238c93c17fed7c07e0e0ced0c1dd2e23e456fcd0415fe90 378d1f0bed95450735c4e55950b18bb133f c66741d0b701c2ed5e744b c22d 8f1fde2f16e 38511de9cc8 7c7  e 8c 2edc01 14909985fc 000c6c5e0c4ef3 b1c3f387f572cf9 237 7e', '8 8e5c0 31e6b704c6be6 3646dfcfcf', 2),
(134, 'pavadinimas33', 'nuoroda33', '6bd9c92bbb 06 e7f e083684e092c1d5c692fc7949bcd9b120d28c8cd34 5e3f9037f535 3b14f5df 6834ce141543c436 00573d011 b260f80505f5915478 c525d9b6d510e9546f98d966c16382d85060e 8bb51f54c2bf69 5199b972577290ede7bf00b9122ef77d58715c28 d307b08c082d932 f145fc2dd 447f5b94c6c3c11c64 b41c8b4f4f810dcbdfeb1 926b225f3241476c573e5e49cd4d3ce07060c6d1500893761f6698f5c4150c f25 337519407f491ed59 1ebd1bf208599e c720dd4e72b6603ded 0d31be53180597b5b8dc6b1cfefc60 2 0e 6e0cee330eb9528 9cbd8943 217b5b c0 b b418debde03cb 90cf14b3571b4dc3 bf23e78d  e4 5b73be3c d712d35c91 0e0179247388 6 cb4e345d39fbe7 5 c4cd 96c977104b1dd8 8e6316de12 66e39cd84c186386b5565 54f24871 48bc3e3c1f8e6032e65e8cbfb55d931ce0b773094db 958e7e3531d9eb0 7b303d660e0f6 08d65 becc74930dd5e5fd50 461868d9c779789d 2769e3040444708943e3e5fcb9556bc1dc7344fdd3867fd279d d ce5d68e2580388ede302bf8905882 366 42c24f35e4bed2bfceb8485f1efbd4717443bc31437c25 5e06f038d2  e1 6 ef203900f0 d88e1c04 6b64 87c9 c6ed91f283f59304ed99917f 92c c6f3c154139547e00074893d325d6d e924b5f4f c1c75126122ef f806e03f08c53b7e89691e166d9cfdfc94c92b8d32d11 ce32efc18efedd6550f2f6d9909bf021b5883cc4 4ee033b3 d1033 f6ddc 1302169e42de0f2fc446c 240851 c84124e41864500191842385c84c2b2e258dcb2536 9 9364 6dd8f9 109823d97063e8e3836b0d8c9360cb188b39e8cde7867188 f63d81c614b32f32 3874ed1f705b3f249b21c498649f82149bb093e74e1d5932000ccd0f45718 71 d6fd6433830ed6f88019edd 776756306e50496b67f8bd7d8334db9933b5718c2ee7ee70807539 497e8e3053bc2315b4f d7209cd99cc1 c596f13533 72de58cfc04e54d17  c2c89f434fe1 04c8d3fc334d2f bd 0866ed76cb999e 7bb55cc61251102dbf0bfc8be4f 7641c00162ff6 cfe37ee293714681f49  05f7c  29bfe3336955c 87fbc706 06de58b8145c15de2db8fc305c f987cd3c2950490ecc8d4f72893f8f35c 1d590f9c4332e 6 f5dd2c74 b0b0 e1c0566be10dd94e3758493 7  921e07f87297 be1cc64c40271233409135737 fd08c29fc7bd8c5cd03b924475bbf96086538126b47cf015662d1e4350e644f9 17fffd96f909253438421 00b6247f41 9e068936b83e241e47750cc2971e436629f2 8413 53f0475eb5b81d82605b9485c4ec5b6d55 583c4 5422843f3f9ffde1527 21662cd53 209057 f0dc8f6175d479 2c75476821186766fcd9 7974b448 b0852 9927 873f079075f2bf6b81eb7c4c84 08e228 bb8cf6ee1574269 093f 15  3251313213c 9212  c59d32 31691c771549258e2f383b 717f35e34097 ecd17c3bfd157034559c9fc0272dec6ffe054278d50e6e3de1e59 86 ef76ef2feb60851b35ec625618fc3f3b09489c24e2ec7184cc9977f219c 9716 c0c1348decce254cc18bc9ed7eeebbb58 879 9 e9e32f188 69109572fdcb071 28f806221  99d2615d9d92f7f8dc277fb07c8ddf52d7996eb37d9dc65dd1d1128fb60e35 64c3e5c5591bb086 cc6ee3cb879c 20ce4c736ecfbd815ecdf 09443c9cffe512 8f51ef333b45d1391 0074d645f24808f5b85e0b563770efd3453e514fc5b399e513cc9178526c2d362e7c6229ee59e5ddc5bf4258 dbb7 5e6982135410c12b60865b9f4d3518484b4d4 b4328512c b8c7fd2b40 3bbf23530 eb80099197d74cfd185590670974337cd5 60b32b94b8d3b1c73b8 0e023 373f 9 53 58373 8c20f bb 9dbe080e7dc2d4b7596dc458c96c0fded3589969d24fb9c59066c9f 1ce6eebc307dd27e83db76d63ed9553dd f52207d49be872502d64477fef02f5 437d77cd5242505fcc537040733bcbcb15ce7c86f571eeb694ec8822410b75684878992c0986f43 0c5b831b0 06e72094d9 b57c90c7823138 8c9 f6  f9bbcf0 67bfcbf7d28925 ff86cd2dc642ef9d12 004c16592d58d42 8769e897f8847613ee8f2 c29ee0fbf3f38b808d22 109d0ed519 44422bd7820451c557d637cd 0e 0d36ce9825fcf074388 9d3ec0809874270b48cc', '0 c2e69d1b77409dcbe001bd473dc939', 1),
(133, 'pavadinimas32', 'nuoroda32', 'd2ecbfc6092 499847e6ce45e9c fbe3 1dde0229de6748bd22b7c b3073e fd58 221c4c496120 cb58df07d4 194b ec4e262b15ff45b fc2e895608d7bdbc0ec5ee49395b6b0f4968909 6b1746194068f3f7c929394b6d7c7531df8ed59c32314745b2dfb341 6555dfe8842 07513 279 b10b7015f09237260e73e92 f5 2b373e563 6575 7f953cf dd1853f3c83 938febd76 ef61c40813814498c93965df498140 5636b7015e891bd7d7725dc377b76d6146d7cff91798d 4094e396b305 0 10b4eb00c588 914 7 cd3d0f3cb3973 68bcd835888f 16f0e5b4  778383f86f3e64222cdb66904e3dd886366274371888ec8ff3232ce6676cce 17474b4d1b9bbd 4335d98d8c1eb13eb8852e3205bb9f04fb7 2c557040e468c1bfb4c8100d5fce5f26518bb5b  bd38f5e1929be4e99519e76703c87e4 9f721f9f67212 d665 61 cd77be04ece92b782d31b fe7c12b457956f 96116e45e054b4f844f73 cce15b39 402c65 2d93e59d2ffe3ffe03245b6f140c53c9d8e 2e9c887c ddb24d21 5b 916 e15fb 73d1e e2b 826df1e503eb9bc4ecf42b8c17be587664d528923857ed58de23e3c82b66bb63d c068 6d40b954db9f0ce39e1cf41c bdeeb1c4b6fb537 16c3484c262c1fbc8b 32891c28d73cf3 c52ff7b9c 4385edd118026db3e77c 8be2 5fbc403f68dd8065f9 047 c348d138ef26f2f029b8d8 066e48eb50c95569 063edc11d5b3b f9554984c746d1f411864176 2b19bd96e2 8c5e0dce367f60293eb60022081 2d2e 3e61b2 6beb7f1f7cdb8ce4d604e34b4ccd2fb08 d5 196d0cde88321bf8fc6 e1660e21df6717d3d8c513396e466ec3722b8779e3b5 96fe3f6eb66 6b641e7e72cd8e400 7f8c074e9b384711f 8c5b0580b17 1097487b883d76216c5960b be5233ce 667b71271f9ee083597dc073196dc48044e 9425 1b19d435df9c01976e18 d8e3b2b4940 f123edf5e71dbe107d65de11008508e1106337792cd55d8bb784bc8e96e8fc6f8f0bf6 3 1 fdd 06c8f80dd684fb3 61f5f070865642f1fc3 70692 c2 3c2 8d 932687085f3e638bc9e1e0673f34  e9 e12c9721070 cb1e2cbbde79571 033813682c2d8df7f1ecf26f1bdb8ef0c6bbe524319df8fdf350bfeff30d 0498c32d9513282e29fe2091886dd27c63cdcd4b 3ebc7eb46c176 0262ece8fbcf7289bcde35d50d1ebb0f6be8bde4e2ebbfc0bd48e461e69c3ef691 79b378d1208 6657564ff0309e17cf9621b582bc06bedd247b6525514c75136707 2521cbebdfd f31574062895441f5e4edee39b431cde730dfd43b895 09c7613407873b026f96e237326767513c8d6f672d8cb7d0e9f9102f7412f0 0ec2b3f35c94605684c74f4cc2 6e380dc0d 10 158b48c5271776781e9de47fe75d7cd c35182bb5e0c147dc1 e7b5b7bdfed1e422219c9416f24e67d9bdf4ef44698c576 e978d90ec8d  184d7494490 1975cfde5b5e849ef2 68c3e7c96 7527 e6533640e32123efb380750e407b 0 302be9 381e07f2b572d3ff9c 540dd0c4c25448ec63686653cf3569c36d1be4  f517b0761e8d 4e42e568c68 3232d2726c7807 2329d166d 50c5 b1f60eb743b88 4 dcbe6e83cb12948f0ed69f28358938e 1c780f42b52bbe3044be90368e10b098 c0 18cec7292187797527b98 2e505bfe3b b3622c e9d b10d6369808 65 c4bd6594014ec7907fbd4338c 588256486 e ed35361e3dc1e0309f 59c9915 3e06f659ecb 09 f9f  530d61db53bb8c764051be27507081deb98e7 3cc38184be43 39132cf  d30bde647cfef2fb72 d65745 b27623580 fbf0b 4c61545d82300458fe6eb7f3ef9b4858fd3c98f10e86c64 352926de0db5631dc6b4689f63447 23f72150e1 e82fdc3c720bd1b2 0ef87f08e3c 95d2 9fefd87575d4b3 904163 4f5097cc0941  28e662260cf6464e817248  df44496 bc29e78dd16 8b39619d810 e1df37731559b606599 7 58632b06f2403914226d2781492bfe2e9fc749 2fdf4881774 261657d556d 48d357 4c148 5 27c15f44587fcb300843752f9f8c4c82cf720422bd406  6 bbb61d2671d 3 38d 6eb452eb b bbc2 729d71fc35e3f8e63bf871b7 51f97882991037d7ccc 005 9b21ccec65b9171cdfc74d2dfd668106c9939832c1236d029df0f4bed217ef 17bd ee3f7c931 ee4 fb981bd483503', 'fd0beb7925e434fc897 84311539c9 8', 1),
(132, 'pavadinimas31', 'nuoroda31', 'efdc6b454 fb82c55376de 852d3cd9fc6b51c22e76b23ee5908754f4f40d97bfdb715908e65414be 23 3f7 6c e438 f104b605c899e870334bbc43c627138d839e3ec125e7df72123190 9d7159d6c1f5bdfece98c32d76c2059b34 84cb8d772493e2de9 74bf5d52f97fc2ddf7337d9ed6e 5 d6e38e e84 75df83 7dd fd8 fcb4875dd4edc88e8bb 1 0c 5d95b19dcb28fb7124c93787dc26e42d323747754 b5b f483d7e84506eee677392b9df00359c1e 8983e2631f4c8483d732e320 c2710879ef26c035b945b42dc90d771b1853394c4821207 f3e706825df8e4656e12e1f79e49e2991ef 0c21d196cef793497648c838d  263f63bd8c085 5 e5 11d09768ff488eb 776ced8ff3305d28719329 083 1  e23186cde37be367913cce43c92ef56c850f479f7566bc999 4031f509 020 70551848  6519f912e029c39ccc05b7e96f028454b331e6232c57 b9799b7c0c0662d 318b10d 249d352cbbee51 3358d616b6e297c417d b0558fb 7749f446e37df4fc17dbf6e19963f0ec93b  0f 2e869e5f841b0e42fe93658554b48cf12e252b751ee13e c84 9590448 88e05fe036 c1f28deb514bdb2009b0490e8b954bf0e145b3ce3411feb6728c844bb28 0b34d80796d2fdbd8 c1f8df756 fcd8465f97 273d244c3606209409e62df1 b6d6f8064482847 6c5 50ee5992 f7370c28bb  e65ec9db57c9f7c4d16b714b1d08fdf c410ed252c5d7e34695f3649c8ef56b745 e6cf62cdc219c 206007c0793d4e726cec6c4994 34c93ec7d7c2716ccb375e13782d36c1148d9c750bbd25785ee1 ec5302b979301f 8bf592f5 f89d6fdf7c3 90604d9bbc887c2f106338d8bc35 966442f 09df4bdf662e4f3e70587f9940974e57f1f0b1f36f5814dc178 6f 4f70d05568996f5f5 53944e 66 873365b966b76b02f4d42613695d537f9 8c55eb78 0f5d22031 4288d491487b 4f3036ee7f4cb161d7 1ce29bddf11f51 fb3e0e7fc76cd4b9 9584d15bdb1769db8374c88439ccf923 1ef81228cf5d7079572e0b54 e417f8482cd36280e15d9bebb227b214ff2 44 1667 702d777 7124d 5404ef452747c23b844c651bb5876ce 7 9fc9b2f8013556911fd5c47881e1662d9490bfec2ffd08d78 77684988c2212d8 922f4493c 1f87e e74624e3c7e3 67c85c3b 91 3 6b52 df9c9c91700027 2df716e8e7 7d08fb d 5d591171d088cd9546f468b9eb2e365bb6f04bc50279fd014db4c7d2726d0c64f b7ccdc5 9ceb5c  c5c649b6d522630bd7889f e5c576 be8deb36b02f94b  3500233d1 ec2d30220483ef14cbe930c8e5bdfc0208fe3d37d083c7c6ffcf52b88eed c 0b0219541fb6612f04d54 80cb720508c 10ccc10bc8c4505e3f0b15 5d79893be dc1b9ddd776d66d99c1e1f62 97699ed18628ebe0692f4c5bfe771963d381ff9 9d37638668c5c661344025c3684beefb87fd7562e02d6115d22d28397f91fc607074bc330f 5b8f 30b2c55055df0d f8b76 456e6d05ebc3ee9e3dc0b 4697824374971 f d5ce799 cdb82ddd807de59979045e861985de4d8ddefdd207 4bec72f4752f287c233693 b0564d25c90de 89cdc5e402f4b41f72e3f0207567356113b33759 f7  6059be755 701d6231006f156008b811 3 9987bf3643f0dc19982e765778 fd697e24109f450d1bf47101b2952 c2b54f10 b6667d6d464df4c261f097936704eb5efe4ef8d d16837 916 6f0 850 e9b25147c717e2284f46830c666407c96f5d04eb4525fcb5720b2 3f60f9b893122bb28cfd4d5f394d4849e05 d8df338e1dc0575 206e1f80d26cef e296f1cb728526961 516 d586c1d33923b13e266bb370d295b0bd2b54139 1f7df890fbf7f2 c1156ef3b9e023049e3532b2b0e33c b2bd6c00743806b23ce3c971f90d4fe003d148d5557b2777955580efdf e 56f4345957307d2f2c2f79b82eb0f87c 187789d484303841f72ec5 4540e1cc0c04c 034c90 754248430e9 f0e50c 32330 fb8f 25538518685e9e 92 2b7bcd6c89ee60281  fe455ff1401d69c914 d6 267e9edf85e63 0dbc56f00 30db16beef38790 91 4ef1780e 8258b54586 0043b81fb953f9f0cd255bb5862802d48e6700770e4fe0bd7 c6b1f7cb9b9 e 72128cc7e 1fcc54cbeb39d48274054e28b738 886976d14567 7b05405744b0e3d3b258 c4bdc13 3be41e719c', 'be fc926540 54c286f5  3dff311d56', 1),
(131, 'pavadinimas30', 'nuoroda30', '7d 76bcd0055f7243 3d2d22352765b82 928933d120 40 b6 13c 6949187cb82bf619ed284cfed6103 bc ceb4cc090b70027c37d8b99c8269c3793f54d 8e845951e655 6b365dd3de917cc8458f33e b fee02c ffb20eee4 b5105 cb5c0686b929e3cb38b 483687d 2d5936 56073b3f2296e1b2ef6 411bf58683c74166463895  6 7937590e4f  bfcef412b275e2f6 943ec4 dcb365653e7e21d90 fc8b9d9de074de4899601051b553b628 9b4 27904c8461294d162c1cb7fdd011192d33d21e6f7d02875d37871265 1336debcc786076942 74f303d4846c  f4e1f 3b8cf573ceb2381 e4d2dfd088c7b77de4d44b7347db4b8fb25cc7223e47018f15cb173b9973e60 2637bf33 59df65b2c35f8 25cf387ebd9100 c1293ee d4 8005906004d04c56eb 31e490295ebf5c61ebf6783673723b79fcb29984e814b959 069fe 51387ddc93d1c44cfcefb876d32d03cf030c095 fcd50df6 881 8280c2b1  d2db0c5dbf92961b0d7ffcfde419 c95 9 7e 1df 31d3dbd2958f49154c3 94d535fceb2358e1617c6386d0   e11ddf85e3296c2106e28409d0f90261 4b67644319f f4263e609c20 8cd56cc1efcf5e fd85447cd f219b6b4c51755071c5 f1f9801050cddcfc04ef 81670c06478e 3b6b0523e9054bbf1b22b5280b4 967c6b92e121d816cd4618 f969529940657f118f4cc4f1fb27823ff943bef34b973d6e7e8d0cc577b4ceb4fbb86cbd2017bc221b c66b1c3107c5474bb05cf5e195752f1 0711 fbd8b4cc11594255b 9813 79933 3c03 703 bed46fbc830095df6dcd91 b 7608ce45515e26894e1f50dbc321ff60b2397094e7ee4e68ec4dedf565579254120b489ff25c48e4 0f6 c9d783880714183595e28896f47ed9f5b1 d5dcb2cf7f7cb7f3567e20b806543565519232 d0c85c79b 5f 30 022e429c753cc 2c0d85d74e62d37bbdfc74f045ef967d2120c516b81e892de72089075  c9dfeccd6f83494961 dcfb287cdddd33c8b71c1bfb6fc 5dd134b9cdf783375 d111de27919 f 5806c683351d 1fc57d2c030cb6e410832b731dd523c4c2ede3b600375ee8646e0757 3994373cc64bd2e980f88ee0344 b614f86 50050b88dd627cf811272284f3cff8306 fb10cf0 0 ef5d519ec ef 9cc124630cf52692d 775321669e4d16bd88eff 2d0d5fed57678f373c08 5b34e3f9f34b563 fc1eb080f698e8423e 06013c1e3e072d9 e9b7671e866c9812b15   d 7035b f45b581035217180935d1e787bfd3bef c6eb50ed 0559c405e672676  3095 c4421 7c91b3847e75c935111c50225759156b0b30726 b 237bc03 c 8ef17e21391668bc2014f4194 731408dc715e40 08ee26e 2 cd827e279601f6f 90bedd6460b53fc618d85003036db002d6bfb8 4dec2637cfbd 54b5c38 e68c5 3cdc7ddb4063cc7fd9f8b953161881965f0104ce27ef988e 4bf7 6e66c25fe4ffd0ce2e54 12f3d6814563d1d 8e0 6b0cfc82ed2042bc1e133d413 1c2e99b fb93e50ee45f768 2 d45d497fcdc9f8355f 0d3b930615709453 46d09 8c3844849f0fde07f724081432 b815dc6 26c 10d8d724dd234e22ce28 151b5d5be0514 4de 91e9f4bd8 dc87545c1 04e4ec6c32d0eef4c3586119 01c796553d 68e40 2c8f7ce158979454c9b2e922dfc61d3 104cfeede241d57f0108be90 7fcffed35ffb6f477 c e03e  3f9811d cc f51e7f484 3df5ee598 5060bed3e 5583d8 beb3c030273753 d07845f8c8bf6fded7f6461843e80f70 72315d36e0cb890 0 3ddc8748f c5cc115c 1687dffd324e88c5c827d41e492bb7 c48dcf0dd8d2c8e69cbd8d2ce4f2327838b9b4e8686 b53bfc699cf5fe16491 e07f3c91e30e549 99fee40b41993c97e730915680 53e539d23 36d3dcccb1f08b0185517ddf51681c0 4bb876e224 8b8 ec440dbc4e12ef7d689996841e10f dc7c33260c3066169c0765320c 6befde0278b632df68e66c017c83c14c5 9 727 623c83949c17c605629 4863b1e 9fd7758 14fb9 e26e48ce33e1f7d963fc8e64134dd6e21bf02453922 cebd75336e4257b6b5b82bf1855ed3e0fc3b6 531 718574df df8fe5371bb1f7edb2c7 dcf67558 3043d3707ee56f9c4fb2113d5c8db650bbf724038f1 d3b43021 bb8c69d25902df2  11cb26c1e1d2 6770b 58 2c d2 ef695060166 f6e72972b 1c54d', 'f2 b1ce449196c05985dc533397578fd', 4),
(130, 'pavadinimas29', 'nuoroda29', 'ffd67c05146d563d29 b9281bb95f2  bc9613  709b e016c2f963521ff 75b1e ddb9ef73042ce8fb515676f9f2953dcf0c3 d0bc54fff67f0f  bb6c9448eb5 67e 41219e492f6 8b145b864 fc433ec9243 71 07d 9148ebc9469 f9e20 7ef211c80576fb42be625f 4f94bd98339031e909c7131ed2 e8192ebc2178c 3b2b48 170 4c c21585c6f98c73d74bb4601031 b22499df332 d5c8f20882d7473f0d2c64848787e02f 2ed0 14e7d87644d  27c 4f6c87c95888bce19f4be98ed1c4e11332e21 990392001ce7b6b074698 1d6d1265696be045bfe4e33785ff1e481b893907404b8f20c2 e53 e409445578ce0b404f3bd9d573c50 9412933788fdd510cb28b2d395 2634717 e d76d8c90bddf3d0db 5 df724216880993dff2f78e340281991e9b627b350e7eb9df1d0c37c2087f 7c49 e65b9d14b758b51d6cfe80 9d8172de8f490283996 26b6127 d8e30058460 6209507b2f532 1 f92c84ed ce1ddb298 0f06610b072b32dffedff181 61ed763b45870d8be0d766759e87f2f75eb07f90ccb7b4e2426b9 e7e396 e919fbe3d7809e933660e710108b57ffcf5 256f5 404 219123d6661952cf 42 9 95fb6f2171e915fc47ebb7f61dd9f0f18340c37dc38086235485 e dc9defe045876e130b de4612bc0008c729 7 796e2d3c6c6 567176 7  1c80bc387799d77d7c323f1c85bec09941076e065789c7c6181f2101026022ec91bcc1081fb73b0b1 b48bd636157 1094d6d8 62e9815f4b85 390295d4d32 e78cb18b038beb7e1f e 0 c23 cc7f 9ed27f2c 2d6fd9f89fe9c1 3df3 e05ff90082687 4110b2c61c60b04162967748 031f7458d8b4 f8f6c63f2f 8b4df8149c8b2b7e05281d5df57f91e6d62672c4ffb72de1e6 526f616c3f56374f4de75fc76 c42 06ee1ec47 e730031956624 bbdb920e20 4e5 3 211c64f88b14576d040fe 71fd0d 1816535f103e7b1737e8c9235fd1f1e195 93334b506cffe771f 5922cfbff82b2df b4597c f007f37cec92724fd49e9e 10bfde02895e31c48c4fd 560d3 7fe50782878e31390 6089421b c8cd559d1d77bbcb50264ef7f593b09e728de576d9ec262e20d fc3735e5b049bdff481524d20880 35b1e1f4c405c6dedcee  df63fd893e07f7f5375fdf9b66f91f7eed51f739c33616439979c203 32c60d65bc 2 8354d14 8b7270b6ec373401b75550303305d7f  d 607f900d3e7719 c9 48f63056118bff15b 5e42611e8d1e228517f363011 df  4492566fb7895053d10363229d162db c73116b44d9fb11640784517bb532e2d5 3 3627 335de1 e26045111419931dd 7529020fb9f96e5 e eddfb5c0d26147 e43923f016f4e bfcffd9 3 6280d 3fd85d3f9be98b2c3e84180d8f3fe791fd1219915915 0570db35620952e8992c7be0bf50ed7414b 26549f25eeeeec19f db22155eb61b6fe69 89892 ff70132e5c7727634ecf94c9d8d5b8f319263881678d4 e9cc 2fc81700fbcd91d7cdf 7dbb516c80e91d4dd7755629 8 f4c3dc4fe11fe5c0b4b54def550f99570e81d3041923f7cf1878c09753ddf8 394949c4f1f7d2427bf6935f71121 3d1bef4b40e26b0cfecbcf9d5ee014 54  0e5b3 c06654 c13b5fd80fb66c556ee 6df192 e8f421be2d9c1739331133194679c53 179556d 9b053d816e100cd8145b8f4c  f9e90780116e4e 27b6445158cf5fd14fd2 3dd4c50627 229b3254497ccfd580348b82d94f8cfc131 de1d621d8533 c66520 4d165859 79be089b33 b5dbc5f5d923d52f7c48ecdfc3db217e0  b79f14e82f36c89cf388d39be0946472510 e265c38634c4082db73db4 b c4247f73dc14 b2e400c7d26016b2904 061877c528b3522e6906890e7f b05bfeb0bd 58180281b e9638f0f 66  c 20fd9f612973c61546f 50746b 69e516d261b6d c 33fd5 0123c9ed52b6119f26609 12bb809cbebd179c 4e d5e3848eb96eb635 c35431e6bfc8 d3476f8bbd372 b6314603668d8858c61603186c347b4c267f6b9e01df2742748dbc14d4b4c 8b41c083f693  25 6c4b2 b635641 28014b44e8cb698f7f8b65bc7bd882 cf08477 210b13d8bb7 0c880b548b780719b3211 3032237bc4e2d2  415297108c e27 ddc2c78f7 b7d9f54785 826575 5004c34943c141c66635064629625f0392e37cd26ef 0e9c4b bf87cc53e9b88869e7', '86f2f1c1371497494 1167f9886d1cfb', 1),
(129, 'pavadinimas28', 'nuoroda28', '1ebebceb11dc14540 03c8cb7e6 9371 363e905 3ed847107f39ed10 4b78d9fbedc406e15b d18775d1e7b2 d862129c5bccdce5 05dbef731184ddd0757e8d848b2f67d6ece4c41c671d813d87f842615040b67bd528b7dd331d792115ef26b41d8c479be08d46fce30f360c05b5e7c6c44e8f6 113988303479294bf467f1e8334380bd 240922bdbd976b 36 034cf9d598 b82b8dd298c 2c 4e584f0767b8bb 9 b0d455801be69cc8866f2cc758d4e4ff47195fb8f bc97298ccf9bc983b0c685ffb0f1c7e6c940e20 8f34f715 9e52ec16ff f5143d52029351b757e39ef961d282d7 6c0f013b326121ff1f97c0 2437d158dd5 ef2080 7db550d5ffbc9 d6 8c904e1d1c4bd57b9d3 74ec64ce37250554642761e3e 8 fbbbcc65fc 366 10616b1e84 425fb40f 477168139467e6c49b2c91 cb17b01 95972d9797e9 9e97ddbf9ce4e0bc830 665f7b d3df442 142558421088 ed3d61b62eeec33d91c594bf2 7331c b5f4fee bb558b67f 1f6fc79e6920d784f44b21bb4520d1d50b903e06d0cdf12400f6037603df 617169d20c52e b4d49dd e763ccff6c65d666c23 e9e9212ecc154276cdf0ff0096819345554e4722ff1d232c149c2e24976b7feb bc61c2c1 8793c7e6dcdf8b43e42 f59b5641321d706f545317885170db4206d39de 2f1 0576 7e06 675b8422476e7c8f9421579c2 0dec470bf84c7d8431 ee967cc5909 b2c9e3e54383b3cd7 0599780bfc2b7689cbb4fb5d e18 4ecd9b1687 0f845e0055721fd0dcf966c8 c04cd615c8e11793444ec375887120fe129fc89c1ef1f6ce0c  724268 f 6 b6588 f 4df864f8c3453c75dc 2359841b363c24c444eb5b0 0 b4e0df84e09e8b3 b10df2ffdb850842d60297f761222c389 c6b4fbb856e491e8c9116d944e1051e8cb2b705e c8297192ccdd9b6b4e9bd 9e4920fc4eeed2eb48d4385f8cf366f 921757f1fc8 24c48470bf95be0d2d451fdb5eed4f14e4f7b8c874 4b7190b9687ef5 6 ef95372dcb5e8427be8f16541eb1024e51e74f 9388cb6de6f6 fb671c4 946c09f276b5 b1cb26b55d55b9d8 5ce07b8 012eeff6 23837073811f7602e016b62c6f053e 1610ff4799dec1635092c252 d7 ece0b80543412858539398db1f78b41b6936ef7609 1193 5422b367c792 79 8c634c4b53c4ec3b941fcddd6672bc 1426f44d85d2c45dff90db24f4f4d5 4b1537dcc30c127c66203cc220fc9337f55c7d3cf7f9797703644e b4585c18d5ec24ebce947cc79f2b24e96ccd cd5ebc4fb77dc2740f 0561e568d0 c e1c b756997f2440eecfbc74ddcc89f0 d58e31f73ff71718c25e40ed3dce e3eb1cc530f440201 9b5fcd84cd8edd3e40bd4b6949633 0feebc432898e232117e23410d771c678b78f1c41e5892c67d4557cc86d3c3d1f9102d3e58  7cf96fb b899108e2c84b10957 052810 0ff7f70f8e639e7c19540be7c25c8634054d90ec3c2290c183bb8  e0ff2 67f92674b07b04e83464599c1c7d8212b6e3322445fe89e409d 6f7 9994921fff28896f99797c93 69750462fccbcc42667d2485bb32004420d8f72182 3619cddf12e91efe73213c b3cccf225ec4cb09f e26  750 87dcbd477481f7ff05dc0b2f945013 245904356edf93f69ed6bb75673c4 12 f7f4d1122b1001b5 c5f2c1c17040125c38 53f9d8 02e7e1  67d3 354743f441 f18 9d94e1fc9321e8d4c489377f7c24c302fb42dfc33d0190d8 20ff587632 77 8  3425ce6f89e5b87fb82fc67e672cb4fe8243f9d047c038f10b11503180997e436ff18f876807dd0b49688  78d93ee064f77fc18b2966f95 75 5e 041ed5148794462  4 635 31bff e5dc434e1953670828995b2c1145 25897 13581929d0241e935c93398b8e 6df24ee7b436df0edc093efd47295c2cfeb9d0111d13063649831570c411eb549d24defbdc69e4062efff96e1cdb59e43 b0ce74093b9fff30f174257c85e4f4b42775 0493055cf3c0d42b74fc14ed89c633ce639  8410c16f2e68791 f98d062c6d0191c5cbd6909083d56de5251c25425b e570e91e989f 1d519c30e86e3d dbb 849fb48010792edbcf11ece465c5de08714c06234cc1006570d67fc 8616975cf294901c111f58900900432def54 dd415996fb13feb304f7b98e2989d2319 6ebb2b94 65d 4e47f41888dd67bfb9cdb37cb4c4d8b1fecf6fbbdf9', '4e d97 12 40dccee3fe 365936f4f79', 2),
(128, 'pavadinimas27', 'nuoroda27', ' 58 46d4b524ff 86f3706db3f2ed50dfe7ced68c6f5c527f295f 497 0711b4b140d3703c51992e981 d3b24e 0 d 9596 741bb965e7358 f13fdf14e7f9ee5d2cf2e6f 2c 5c96befc487  6bc2693 2c0728cf28e f2fd2cb3 64f057 ddd34522 16109ed7 304632d645b721625fb70cd1 1b2eefd5 2e2770928e09703e63 3611fbc6605586b74fcbe2b d 28db 468b2ec3538d0609063f6 eed847f9e9 002167e df575d64 c2b70d5bb552b34fcf34396ed961194c20de0e2 7c496c4bd009e1e3c 75890d88d1 7 68e99b4e64c5fe74c864 5b2e54 fcf2bff29dd51fe6530b70918 3fc37cd15b2c5f8d 3 f0dc 8ee 6dec6f 109e7 3d9619661bc412f5d08 e26 4915d5963b3cf77e0c0978ff78 1c8e69865960c2 f852818695762 377cf9b 13d439d17dd9589ccef006d01d727937c74823 260d 3480c4397d4657115c26277b1440f6b4 2c968e4 34c42334ed2ed64c54dc be11b1c09f0b6eb2 0dbc3be0cc 5f878b207cecd58c87fd16 3d5fc9ee76e883cf b e431f82e269d8cc1e89b8f04ec0f529 342f987ed95de8698 62d3c32d43d00bc1ee f4ff947978fb02f2  7b8f7 ef5349fddb49f5c5d1527f73483d56c0300b2c8 48d 1  4fd5 15f9f06bff78cb67e700f69f664c6283cec62 7f44fd058 b741c ed42cecf9097d25416b18ffe22b0888c7d 8c04815d f52f19b9c9cb690db8f19cb0c8792c  09204d7e0d8b2cd8c49996f1b1203e8287bd8c19dd36fee925e25d1 c3ddccc49400 fd2f1029c393867ef59d77 f8d1f6f87fe7b3242c9c7bc7796e108 9 d93cb54fbb13f25 d892869d8e112d57b0 bd819939fd2fdfd0336f5bdd6b3c 85821ffd1254 e4b55f1 8065 2e60e9  60f40028340b39de03 f3d 73c5 bc6e 149bf44b4 436b 22c4e6dd5 5e25bfd 905233d3d388b96249117c6 787d 44746280d 842f8e13e3987bb65944d2f 83633b 3646 5122d9  22d24e56f3 93740219b343f520 e249725706019f1e911 6b703 d823bc3729c33d4c5e cdf17 cb14011ddcf424b5 bf6ee35555e48be01c345f5304 ef b748d9d31c8 4f3930d5f26 95404021bd8f93f 68c2570c124eebc98f3368d4ddf8566b67502 457f0d35341458597893b1ddb88d3c904b300c841e4040 c0d0 8f8 0d51e 1e95963517301b25d3f8df64201d2c9c27f705ce1fd52 43fbf e253f 8e504e00f1630bcc6f34fbdf700651bfb91f2541ceffc6d6cb5d047766c3 d070e cc4feb4 b515bbd844154f 65476b9f7 eb6447d94c0ffe19b528064d8f750eb17361819f4 81055d7 10 61 098ff07c354809d3442 7febb2d 52f79789e56697748487e54656606c0ec297e663445d6538c72e 5 490e52efcf893be5400  bd08ef51 8b3048d1f7e65cf4 631ce11fd99b90de26fe6d4ebd58bf58260195883279cc15b25304d548711cfd9c11e 526c06c9217c56d2b44 e79d95d14920e0e7959f30e2d70eb187032f9d7dd12c4037d920d3406ce  72cd7d115699fb 37519945c0c1319c3fe4680b2d751e0f13733e88b8f55ebc446715f5284c 342b1dc5cbb595df5d4f7d4f76d809e3 90e52cb6ec7c3c9b8f4f1cd43216 c1e55 7c53172d32c61bd185cde39939f09672f18857c1f55f6157fb7dc483f219c c2f547b76e0 12b655367 490d2141dd8e531 90f3f3d 479193c620698326907d2592b6 db  d5bd469c3171c0e22157198238 3e4 32d16e33d 1c179ffecc 0396d7c3836628061cfd b726334c8c6b 7b9cdcd 6 77f8855331c3de1376 7b04c3e46b3129b67 0c78f26 18 81261d4d 1530be56b3 9c9e31e7d6c849ee261bcbcd8076eeecb65f4d4b6789d9ff198bb728345d6bbd401e5 e210 8894122bc6f075fc3363208 bb 2890cce6295295b 2e640b7 067e41be71762b 5b9517179896 d22c843115e57e3ec993c2b56db23774905e7b408c38c947887e2c5551ecb44f11e3363bf8dc719211ef97d d41d83788dbbd20954d1558d1cf92b3c3b1 0168457251e9e359004 1b417e504b08e 441904d102  47f4 65eef5c57b c6147e 0 053242 56298 18d6e1760c0f 435924b75ce6c0f97c6b435d1dfb08b3e410446948bfc21b0 406884834e6cd92c35 d2383828 46ed79359d850895f1e01fd1f50fc69c8 61b0df5cc4 9df3 35c4b 7bd76d90be d 7b2 706 256c528f15ef3996645064e80067c7fde38fc e6e6', 'e575cb089b2c8e8f5001b0fcf5b5 9f4', 2),
(127, 'pavadinimas26', 'nuoroda26', '441 2485 f7dcbee984215e685cfbc 461473fe47c2dd21db0700fc1f816293 e4601f276c8252 fb4e9eeb6fc687c cdc3dd95e6c8f cb9f3 7c e9e2e2f f6e1ec1bf0 22b8 7683 54e2ec28c8f36ec231f81027223879 8b707e3183e0efc13e305d4d1940d6ed367 5 76b103594fdb864829be4 7 dfc54365f32772 967419 6134dc5b28c5b7b27 7e506040 4f5ffc73 c446118fc9cbc4103813cd73d5e86fbc3 f789f262e57b08e573434e73 1f8198  bf1985b63 30e7f265d5b614cd248f9383fb0bd28806ec706 4b9d36fd11cde8 6d158e2c 5ee8e90dd1973348b475f691d4efdcb8e29b89d38192369b6dc06 281c5c0e0b915496680e74f6c0f242 43e2d73ee6d34533cbfded86600d8fe84b0 44f86d93890ff469d28d 7df32ec7272c6843  8 e68e5706c99ee4d94bc1d97 6218d82751b1203bcf9b4d4d01d11e54c0 674830dbb9139b67c715134b25f6fb6311d 155 7754e2 5825be49 f fe0bf3 41 d7fbf  48043788298b3c0 1f7523e723be8c99e943cbcff455f448c3274d1f2f 6345e6e1e6d2e78b70d72f0b30d1e1298c9 82569117efb7 1 100176b21962542f0f9653ff5dbe125bc62c1bf7b24be1 fee3252c745ff9d4f3 2928ff9b69 1be58974bf5463d8 247c4504357860 0b448363e226587d535b32b92f4e c0731820179 c53578c15cb49e0247f319069d14 be55f49ee1e7f9888 fb24d90727534 5c82fd5e0 f9286f31156bc09d 7b 9706d41b8430cb9e368370613e81770c03e0dc6d5dd0218c28519  0c25677c62fec0c0f1c2ede799b0d3d9e0f8c3993694f0bbcd68e888843b4907 4858 0161 f7 c8e0e85c193b1f2ffb29d90644 0788eb8cde813799d83b25d07df92399b cd45951dc8 9cde b88fc30eed 1500e0b0716 000342592b24937f9b1731d29e2f09e4f251e8212dc579b29 c92fc 62b51b90e82555bc0d8f439de207cc0e200d1381fe04 51c4e3bd 56307d9d8 55d65c6 4d 162f611eb0b4ed391770e35dbb717265ec551087362b81e6f8546 5b4776e78423cf64 e84d49 c 9ee1cc2 11c9 c1452049e48272183d8fd139cfe382d6d5506bfb 6b7f09d067466f1c5735d6b5d15b99c3d7c08186589ece 2dc67d4f6998671555f3bd9e8f6fcdd355f55001917   6d1bd1 9d614563636111436d96b724e5e8dc201b9705c747e 42e6 dec0d2e362318d f9 b6c2cc922c1d19 d1e1 26d8e1100b9ff 40b31f8fee5f9d6e9e09416e7bd9902f5bb07e68c56 ee28c3707b de204df631f034e9ced8696d1 52b195df8d 49fef24526c3df77680253 f84f8e45939776 85c49fb515cfb9083fff36847d98dc54 9759ddd31939d0e32ed0e8d4531b0d5466bd 9462b210e3edb4eb06c10463f9629 4d375e 3bf7dcfc8b0816ecddeedf2 76e34004b369c592cfb88 d28f4645d8 7c70cfcb7388b60d0ce18df13 71353db 4359799767d6cb1fc6c2d4 03bb9f17c04bee04839b71489e729384eb943bd5be553f21c1 09797e bf3bb ce7db3ee6f07b93e0b7ed44e5b22b4 17719ff32f6d6005edd3ffcf220193e3de60bc1cfe03  320 fb54642b325c8b8cce63ecd81d 2608bf1 e 92292 f6d2296 800b1f0402dc7 c32d7b6 40b3518b69589120913396202c67d3e58b454d d7cf5d 6d0c0 4c2dc81f08173727c6e630ecc238cd8dbb972ecbc2e1b 4c486d7cbd1725 38d44de02d318473d7cd21 c2d0c0f3 2eb45120fd590d156b9fbbbd43714 fc3f421 d6e0 d2f574d2d3d31 ed8f08fce2c5b3954ef75ef 4f42b25d11 88064b6fb1959f275bf15f2b4b2596f22 8 444d47e4 19c74 34bb910c 90dcbf0  28440f619ff8c92645f11e08 031c34e1 cd3 34051d308c 389ccb08e95199c4427ded8c8947 800110e6f56424cf825e3 8fb98c9231b4f93ce84cb8fbc6357c 49ed45e2 e1e512f9bf2e0dc6f99 b6f8dec ded8428fb262de9f42f95412ef4b8255  6b2695104c9b722bef7967f52 2bb1b172912336fb084 0 ddbde8856e2cf0c857c15f8128b50ebb414 e b47de1e4e3 2f22 6881f214850f3ff4cdc0689f8e41b6 ec64 be4d2 20e51eb80d6d9071969b459455c0   fd5fff77860714de0 519b255 19182d00db  e1b7e2524981ff6 9c4f20dfecb 0d4503c77685  1c3ec8993deb649cbdb56810 7b 2046e15d31b3e73d183 9c50c4f0e73b  017ed90930d8b32 df 51', 'c122be92  229b 609390d13e7e94f2e', 3),
(126, 'pavadinimas25', 'nuoroda25', '6d78f5e7ef6fd5f167328352b6d449feddd88 cfb66d83 3c4fd84b5b32106f153 0fd1c923e2 33fccbf06 c68f67fb0e5958ef0d4e381c81f1478786 bb14d432779540f405fd476196  fbc84619b0eb19e86027c16 0d59cb46635969d8832d264e8c64b8149 40 3  4306bd0e903eb0956721149766bbd974f2077b8cd3b2cde373290d73b9e6b752 f63c348ee05b 50ee7112 1edd06c2ff12b383dcd1d33e5e96 2 91d72483f49 53350278efd83014fde75902d82491cb5c56604c3e8cdbf59308b25dbb0c715bc7f1f4398df93d415665ee6f360d2c33676 e35ccb 7683 db3b2eb013 7f941f6e060ec28b5945d7d9958fed49e054d834beb07 752bfeb777 4591272737c2001b29947e54c9615b2773 15dd8f44b8f276 37f8 26bdf e 8ce 998889c813507efe133bf179bcbd35e95315c7b20e4 2c86c8dbffe5ebe2 00bcef8cef 649bf5b9ff389515d8cde7b845957ed1b2845233c4b8de 193534e2 bd015cbb96e153983b4492b6 c1777f079d6ef88b1d189 239cdd637 ded9b12612f052be44c92d041bcb137 8 2ee99187867b9521bf8988bbe26 2f74f6cf22912f92b061e4ef851680f509 b83547e0e1bd 6f7f026 ef8 706e191dbb21989470e54e397 e0bcf368bb601f95810111188dc39e57fc7698288 0c57536edf50ed01be 2200fd1e4c34cfc50c0d632 30 5ed4767f4c137353dfd7 51fb 005e8997c4b99cf9c3ed4c22e 718345e6e4b64c4d267431 3888352f9fdf18118789672720 5694 771b85459ec7fe604b4fc 224118d1f3d8d839dd9 45ee6591 318 6d7621c7712 22b05d088c3d6c808378bf557866fe93e3c097 c2f908e4e2b 2cc4b0b8de6791c860c600b 28b  dbc 5e425cb2503f 62d6487381 8d23c6cb025371c14e 2506b 1c0e3 c209efed5cf0 50  cb5436cec394b48423 519305127 b1e1d7d014d5d94882b65328dfe9bb74def2bbb01b89555dbc3688ef56dce5b033c8274201e0b486e5e1451ceb6cd4d3061cc23bf 6b83e51b 0b9736bbe1bb69070b514c711edd0d7d8 031b9bb24d3f79ef91c e389e96435f2 ebe2535d09278 8ccf39edc 43c 9613be1b0c50f 2cd 5122d7401cb2 2452d889ee71075222f5b561ecf3ee44 c0521b29f9f43094728c4d05 07fd67 6 cbc8cfe5b518ec905fb61e 752e0f41edc4dd9de03be310d388570d35644451c3f1653 4 e9d802487dc2 f077df3e286b39678e6439f415b7e7 1912cd47842342d9bfd161d611c58f3f7dbbc36d14f 604d75164f670c796 63836b9 68935  dc 0e781e245c1b786 bcd7c542db916222fe9b0133 fd78b50e78 ed3f3f5d7 6cdcef72129fe503663ef1f17456 719bd1b31d d3cd2eb81239f15768e e14612e3dc431949e49018b56fc4cb67b8db96d25931600e735f424573911486597f15617b84bb644932b 866f9fbb9bf83c5ceb7033e04 6201b  100d34411f8 70d0135653790947  14cc5e39fc95 d42f0 2fce73050848deedc1efe9 3166cd039dbc8 9bb467ecb048e80306fcf658df713f0c943e3c3cdb72ec9689c31 08fe6e1b7e46bde 2f96133 42b9 90788b48f1901 4fbd0b95c261043e5e2f70830cc25e7945f04c887498bc0 c8385 2ed618d6db843c6  f 7b 48e42bbb07d9e475732c6f7458c1c9413994ce43d05f3 ff45  2ebdb496 4d3e028cc cbf53088306df98fdd899 09c85bf01552ccb bcf0ecbc62c611c665d3 5f0c ed9 fb26045e8 3758602c4f862d5101676522d6c2cf0 8f2d65 2119c f84f23cf9d 9f6694bdb67125dbf9cccb1572 8ce8f5095122 7 c56f b2e9384 f1dbf5cb5b201f2d4f0 ee2b 2d40 904c bfc4 c437dd232b25cfb2312ebb886e b8 22f3245d78fff503ddb66342e06f4dd73bd2d5012146ff938d5 836c5318695163cc0ed8112450003 2308c7ed78fb5bc885bde40c 92d5cb90 27 654c3ed8d0e3eee53de1fbde786 eef91ff6fd78d60bc72b6231e646d2389  2ff b6736b80  bc80df c087d 34 56d92 c9 72f307 6c2f333ed126816ebb7dc9c70ede40cfeb0d4e 7cc5f 26d6693f99523b22b07e 433b1671edbd12427135bf4429 0b 6b91 eb0754 4e18f5fc6 525c369902  7e5ee cb 1 553d084f46e61d02dd51d4842e2d38b7 5d3c1c6ebc4d7398ccc426772887654d600ee42f03b17e 353454284edeeedd9c909f1 d678f306 69 95 21154', '61105793f0c d4716f 01ee543e8 9 6', 1),
(125, 'pavadinimas24', 'nuoroda24', '667 c6e e35cddeb4b13c2050b 1b 7f3b0279d46ce77ee74684e11d3de5db2e48df 7 2599 f65d85764f6e 41151117 b387d6547609878b7028c39e352700f0dbbfc829f26d2eddd bfe5e3 f0f8561 91f430406f1f1 4530f0f 41edefc9f65353797dfe305d6404d5428eb3eb c73ee80f3927d695c6c867d77b389600f2c68d0c6b9c69211bb20 3f92beeb0f0792ed63e615786b1b91026d 1d263fd2e01 740e4577d1 c155 8ec505671251e15b27fb42624 d1f231f5dfe457532c826305 b545d664ee3452d71109 5f1181e30057bce  6706e64493d03e087e8dd87d0b0d5ee7719c 37b0 50849 5ec80b0e577db4463 9b803b8e219b075d28c2843f20816ff534d0263b5e2b67b7eb84bc26e283b0270df cc2c7e33db17e410b217280800f46 608d1b1590f2251dc26f0ee 39e976cde75b2d0c01269255bd18b 8db4e8fc d9 d37b934100bd256cdc4f 95367d91185 20 b862c03517382 892844c156 b278 8c8 34bc90914d40fd d5 378b8450e2c588161c847b0852638  854c bf2d7bebe2301 9657270d7dfe49bf6c7b08be01e0b37150b612 fe 8e99b845e383b0856 d9546f4d7 5c77530b8c0 ed78c9de 12337d0fbd65c700d94c5913d6be5 f6b8 3  fc5d114 3e9335b0519565084e2789e69b0427d1066b9d7219 55dc13d94cc5923856ecbc8e2f 9e8eb39ddbddfbb5b1b405 c5f7c9 602d0cf4cbe0d7e919 b93bc563b5e784d9490e652b cdc3c0f17178f72d2121f0 730d342d59924c0b642 f764e84b07d48c23ec2b94e4594dd 6  576 80f2f8e5bd8 2cf6ce9696f757d 2e6b6f88 1f8c8 030351 878c0c28cdc 2b56794e4f645757 98e7650b135c3e001 423519cf9 b504e2 d3333054bcf87b7c78 861fc00054cd04881610778f24b9c8c72f9039c8007f123998565c73693cfd4f9e244b1f0 44fb45b033 d810f215ccc5085c13e66139291f241dd53 ebb 086452ecce79e858fe2200f6bbe78d4c  b23eec8d4  7 630cebd6298 9105085c130d 344123c3c20ff50 fd4f4b3f3f7 698b5d7 6 5b 21d98460841d8 f8 f 2b9fb726b831685d00bddb75d79522607280220 e876942b8b4304f6437744755c4 8511e44c1240ef6f38e81fc3364dc0e309e4f721d63c 37 db0959ce12c36d210ec0747ed777918456 2f6e4ce3346be368f9d1444b7102c 3079ff4e3f3e50040253169971218135 727df49f4e04d0d9 26d 3591d95c9ed18211c b9c40485726e2 d5 f42758506d67397f7cb2c96396303ffd9319c023c 933f13b0dcb9d325078c3c856d8 2 99766955 44f6c9cfdff  4907e600cb7d90fd63e9b4be58454ff15bc13c29d9605 e940f bc040f7e3068566f5246cc6 5b56801758d9f07e1b639653c 50 4 f14966fbe98655c964654e30476061032 5604103574f 8 f819fcb13391d049d655b98b 4d9431d46d3e649b2618090862d3f66e 4ffc792 429d8e5269384051 8ed683c8385dfec90f48527e68625 cc73bb4 27273e4c9d8029223b39c1659def213 24327560fd31d49 b114b05220423d66e8e91 b8d9bfc 8241fd44291d856b2960  4 eff36 c ed2422365f3c5fc887ff34f 13b19870e1e2945367ed 5d7be 528d3b 8225 f3f111df198c13 d 282e9dedcfde41c8876715f237d09b6ee7 b1c0630ceb98e1 28589 51dfbc4 679b581ddf758624919f382d4e624d 4c b3679076892013e6fc77cedd8c86d0056c59f9b589b576e120 e9109235866 66b 4626e0563746c4e785411f8c6eb6b8334 e4dbc85e8225ee4c76c11b175c49 b621396ed1d6064d e478277435 8e964449  2c159fc212d390ce4150d44b61c3877ff3f 0d3e17f7bb5b79d41cf8018e6e86d6c04b ede801424d5b6 d06272370c9050 805b90c7b080db74eceff08ede098f76d0e94e5d1d1b9 9fff db6 e97288660e102 e028599 30b5241c9b3d501bbff360d97  ecb30486dc8e8b307fd858d271dbd0ec60ee2fb26 6d3255 2bd99ccdb5420ec63b847d248f9f8414f1d7c7d57113e30e9 56392b72fb48cbecee97d2d15e4edeb154e29 c79724bdd5c 0b129be6b599 c2655d4ec2 20786fc238de3f12fd45396 d5c6641e  5277b19d06d6715f335  b27d8d34870d2212708b9 020 ed1b9ff6920576ce738b7 d bf5e3fcc3464c088f890d7fbe3383826db99e133d1e598e7be096e5126077509e0e523fee', '22183b7769c4020920 91d2c9132be38', 1),
(124, 'pavadinimas23', 'nuoroda23', 'b7f d3b 77d2118de627ef719d9 0c d24 9 e9d58d7 4fe967f f50f f8 04e1e640930f422856bc39d ee954fc02c11 8e92571e2422c 73d19 30049b13b7cd 9 7b5113e7e06 094de122d07fe7612be f93f f8862600f 074 b6d72173f19757bb19dc0470211d6bccb4421f366249e 438f5eb73246918ee8d743dc401d9549bdfc667e2578dbee 062b3b64 bc9841503f1d 504b5 9e2424967 4df6d00c5d28c2e40b 7b0690cf951fc0f4b2c 37 032634 cef5 45 6b34d 3907c1b3 d97e4245cd734d2 68e962797156 e50c2 0d8 5724eeb25d2b2627e82e8858ff11859953f005467291 fc32617fbe9c9b5344 19d9233967e908855208895594ec07d1d2bb304c318  0b  f1612d978 2892ef0 c79 054285 eeb48cfbb76e588fc0740 3c31b812e73086 173c16 6514e985085cc10d39e4bdeed9cbc2eb9ec63842d e1c33848ecb59c7ee0ce70c17f468ded0d687ee1d 422 5 f98d5615701654dc73 1 e43b8efef860b48f489ce81 23f6c97d573959339f27100 2 f9b91e7ef673f6b  76b52d 1c3504236f4d5c bccd17fe12cf487bee7200f45160 f9 46535fc44c2823b3055 940 5f9bdde 07f2f81c3ec648b4e2ef422e73 7 b46616 d6750dd9b643df 14dfe624c185b6cf273b6ff49571b09  757b df0b0f9dd789008335402596996d0b528b6 feb71b115f3 beb05d6332c033fdb34cd76 1f8c61e3cf86e997b 182de8f69ee619b 9 5c489d91805201c29120b 903719e3e0181834f19c60ffe6c02fbd0708d49c9297 70c5680deb 3c164de 284869   6304bc48 84c7d143c60c51425d1c43e90e3309 772dc6730299ff1ecb1588bf96e94833de8295cc7b5ddf5c824b7b c3 f6c153b1b0 ed7f4e9 358f 48f650fe950d441de9490e0b 9c1b3d30e32cc6ce9b79c63b693522649d3 8ed870  6f81171bf41d4f33c05982cb80cf8bc817417f0495514f067d35c24659eb  6266ffd 6002bf0c 438dd5f8c866695758 3 3dd57edb 54eb203d90d052142217373cf16e238cfd7f8587cf38f956684391b81cc135 2459e2ffbdff f30b3605e128 e49178e2f41588f5 e9 38510dc6d2fc140c1cc4053f92762f5e01ef067f75596d46 16dc d059917 b563dc2c14d55744fbef44 24325 d215 253c04c6735 8c88c98 c92 2b 2bf96df44963131c3ef501886ded3042fbe68186b8f9c21f31b68d6 cf36210d5df1286c50 5e17b9cd4fbbee  f9c212e09def 3fef5d32d0 0dbc  98398ce8b4c06816163d801d478 0805fb76f7e829dd66250e63 4635b9df1884 183491dbc9e98fbf4f3e1db107905dd61f621 32 cc21ce510816e599c6cf6 cb8d3 6e2b4bf7b4504f9c5c194edc1752e 378377ec7 b3859007013cefc cd07b849 0fc 1f13fb08e81cf0b25414256c 2dce25bb121cfb5b 550902 98b253212563de6988d288  10e3b20e5b00bd7ce88 796029b82cc0b7c63773d3035ef79465712 b09d4d08d9f  7d34fce67e955dcc200e10 8c88 64f6f788f2d91db2d4c9b 283b240fe1ff 093e8f 2983e88e7ee15f41 334e7404 e4c31d1ed40f7bf14e85091b6f053b6c14cd2868f45 c0 e909d60e30f5ccf3e3f 92 4f221e285645559fbb8e6  508e70308009dcc5881 c1fb38b8238fe f7e074c82c7064 06cbd5e21557471436d2795768cfbfb748400102934f573f6733b76b5 b d60ef582c7 4c90385 7 743d4768fe54e62861e53567740  1b9f1cb77 96905b1211feb8c3069f52d1bc602c 3f471f04df7  575ed85d764ccf99f40682515038d5c0e719841c8b2d4b4641 95510962 56cb013022816123b2f9f742fb78662129 d4c5d6879d931bdddc e244d7fbb2190 c0c070c69887d8523dc7 7fcbbf91f6584c0332879424731 8 b44c1f928461e54f23f7dc83409208515d1df3cfbe14290327b6cf0825b919851c 02 d301f481450c96f94dfee26b1 8500e64b2e41e f98d1ccfb9e 80efb2f6 9c2121c0c174ce0421590d481c2 05 fc75668592846c00d cb657719e 0011998bd436791f5b 147138425621759c 71d23c5615edc6818b1bde8d64e3 d 23286bef48f2edde714f495c0b7c3e2f58b823b846ee8b71cbd518692c8 4e92d499be1d58cd79f3cbb0496eb3332209647933d9efd5d407327cd  dd63 c6131c6d 6906 c066dfb08307d3 027e8bc7c89f208e9cfe0f5f5f5 3490 e 0c6fd', '37ff2d c41bf3f0e6f1596109b980de1', 1),
(123, 'pavadinimas22', 'nuoroda22', '35984bd13b b7  2c9c4927b8b 68271c4b44c0b34 57174002e773b452fc2815c0f866 6bb7c799645b81330d723438ece09ecfd6e4665104cb8f1945f2865d69950e1 83f0607e8885dfd81 0bd77ce 38dccd88395e2bdc8cc26368fd1e222d75cde8103b4 40b10e ff346959 6d36 5ed8ff18ec8c 04e18ff2815f09642247c9559 0810378f008888f47e38d797e2f09850bb fcc91e82f328f 2e85bbf80fbb4fb30 b6c8 140123 82142d8 3c2c 252cfc200c b88cb57f52d41b1e2d95799071d9ded09785 f69f f663921607646c69926d73cb60152655 5b817c46ecf 00efcc8f172fdfe99814d29d2bcff233244b1f47 13be72f33d 97 7267d85ebfd986474ff0e00cdce 06bc339f  d030ee0477334f68d889c705ee31edd51b7c24ec51 d606d061 d0c52252390257e22c3768 e9461d e812d7436dc52b1f12247e817ed563c657c4c7 ee921f9fd75935f08bdb24 0c de54d4083531c78e 69 bdc424282103685e860db097e9d be406ffbbb87 9f0bf02d51ee95794e0 c1eeceff429659366523c 6f8f0dd5c4137 de3bdfc6 36b4c774c77e 59bebb18be b1bc 23eb7d1  94536c41c01 892c0376f 7587fd4d08b883bfffc768459 edb379f0207d7eb7d1d90  801d7  fbe fe789 e  0 64c44 85605d4d5f9c4141   14dfb8f24dffb568c3501ddf26  833451e298cdc0bfe7d223 55e2bc34 80db0 d90ed5475cf55c6090d38ec 1 2eb18ee324996342600e049b56d6eb87e74bee3892ec6c621db554d79079 b4e80fe3ed 7bcbfc55b8b94f5e943b24 6d1b2bf17b 38d5dbe0d3226bf21c5e6676f035bdd37f155829fc5dc3cf94507833d34d 2882dff3e5cbd48fc9318169eee388417326c651e1e878be037 ecb337277c2b705f6f84cdb25f6d76bbd 6c 9f55f6c 1cc28cf3 b80e6 291f84c67 65 f677b6f2 6781918d038310d96e36b68f5245b867f2045b5356305d53ff71486d4455  6576433e217b823b2e388403755cc5e f b39e04259 f8b9 698526d0d0 78c0952797c2818034 00ff f484fcebe 5f9c975e13 86580f1d18066e8 d 52976e88063bdebd2d102bfd6 0403140d  f408194b1d6d60fe9ef26 401b7150f7cff438f35e3 5d d39b66930c84e37720e8b60c2bdc6e7329bbe5c29d650686e  730cc00 6f946e327485926c9115f49d9326e066fe b 9679eed31 2c65926ed818093882e67ece88f3 73f8ee1c42395fb94d822de67 0ef9 c 7ef3425721565d94b4 9211f824d06d4b687fbe d 6c5 e0effe9f1250fe 89d472c118 22774e0713d54 2f98d0fe637e17d16e46 08fb17d2c6e 5dc5d076848d2c 24c70cf8c302d55cbd8cb32420044e466678409cd63b21f9253 bbb6cc75618634 5b5684e30 8560228e8561c4 7c318 9f9 7bcc62c7e8358b 690bb262f8 14328e7083ed13f0e182 39118d3bf1c3db 9586f2 881c096dd9e3671f5ee4ec59070d94150fef7fed05224 2d1d08c81bb66ce58cc582edf331634ddf7dde 5 5e5c7262c23c f8042c3cd8c175b1800 788ff808 7 857e56f1d2e02731e074e1 f6db9c6d589519422ecbb1904f 8e191eed6c6e005 fd00d4d175 09f8424e050584dfcf151048823cbd 2 bc2c0 3f4849c5ddf97d25e8413dc6153dc5f508 ddf0 57db8105e9f50c79c78560f c399 e139e 2bc3797 2dd988f692b c23cd73ebb 072837c77582b8980f1b4e68b3e340fe48 544 ec2f68db4cfb f7e8 0908bdd9bf96e538e04791c534337259856fcdd36f05f1980d5c0b7e8b4d765d18ec7717ced 5e02988f9cb13 5cb591609 62bcc19fd3d1b032c6311bb437b7167e9e306f058 2bf6e4245bff3f93c4ef833d336688b054ed9d1487079811fb5 515f181 296dfb7d45296c62d46dd0c658b11dec5e37ee43ebd1efbe8fd518c85067bed0367dd626585 b de0e104b0 0372534ef1bf7 d091bdee4d4fb78578ec 01845b99b12694f7dedccd55581f22680197173c8748b7f40bf16b3944 1765eb9f8d4e11248e92c74d2734bcbe06de1d20418207990efbe2d52 96 cbbd9051be64463f2 e eb133bf3 427505874 ed 7 86cd1014e4f82 d80815de6d c3509434615894602ee9c7375e050c2b69579d645bb325d6f31c878669022d65c40f67 cd126f37fc8 165c3b3e4  3eec58c96d3bd98410343dfefb5ef8b74909 00d9664b0b6c 334b9f89574034856418', '6200c3275eeb c f5290cf46c5e3647e', 1),
(122, 'pavadinimas21', 'nuoroda21', 'c4c2b3dec931e890c c32e60d679d5cc82fb9f89f8bb7ce0 5969509ddd4 3dcf7d25b2c9482f8ef408c7f15d4134fb256fd17db5b780590142dd4748b3d6f1c515bc13932d8b31e7358e2fb1fc 0f4dd7c 8650d29ef45441bbc8 7198b022b3b2b d39f2f 6fb7273139b63b28c3beb2437eb2771066 778e7 20461c c2d87c08 b c1e03fd7b877 fc5bf6ce03 6d1093258b9d b 80db3c64 e8fd e1e473 41c0d3c2b72f3 eeed612f59 50f3e96200 bd 889bb24ceb8bb49d6140795c733d30d3cc 429b4c4 81 516f529fb4bccccdc9223c326f7e3e4beeb838bf f 7cd3bddb94bd134 de4b42b9845d6ef8104d5e7ecdff860d07  3402dcec276cb3f636fe2669 f85896204f31327d8ee7973860b922dc1b3693e14bbd73343 e573472bdcfdd 44e82dec2e39d166e5ee2e 94e71996d24d5c46 5d99bd262f511f c5491354e50397ff3 997 1397653 35 4b88be47 e78c181d 1c46 836e7 5e579d  cb01c195827 c0086c1592d51ec60c1d18cbc 788e46d8832f cf  3f266 34e70b6fe062c50f175cf986d0e 29865bc126 730023942 4b722eb4fccfce427db5c07703d40759f1626 982e5 81b626132d20ecbed062ec68c  7dfe130982b7735e6 205bc6805 1be28dbc2651133 e192e3f470 2b27d157cbbb37 5c0b84e5e 96972f6 791bb36d00b99e8b9e083dff276f99f54 59 b77c86b8919976250fde7 d73b9d19ffb857db9 95097cc9bef8538d09 446893ecd7708bb641046b41d0bc 4747ce9f69 6ff 62155d2b7ec7b0bf2f09047222df3429b0fe29658dd e96e63083d 2425e7424 d8f9ec74b0 b965dbb8591335 926e6f13f48d136 0c69cc6f807fe2516807be245 0075c90 641fe21528662088910f2ff999c5d0bed5969c83d18 9dbd002ed0b2350cbc0 5f83b13f57 bfbeb1 8ff3 ef d086cc8164b642d 3780698546d08efd 83fe1c02963 3f8  1 935400 26e5d5bb39952b2c7881bd8f7c841d2870c91bc7bc2cebb0c621528c507c38020e5 ec544569623e 6580694084d88e13b c9f1db542d092130e189f3  93c37872e5085cec97 8dd517fe4bdc83b28bd4668e524  ff9f13c521175e3ef87fb060d29 8 7098 db061b330bc f4605357070 8 4b46b0d8f3b9e3d86b4b54f18 436c025fcc029963b52625db1011f7f2cc80f7b968d09440684b d2e78109f1d4d3e97085318794 8fdce9 0998bf 811e566982b4d050214e d14e524b46cdb3463d1 43399363bc011 689e374369b98f4e128fbd48bd497e5f86f4272d56d37de5e465e614483e23ec2067be57 febff8b25bd8e5e c6e0c62c7404 9638bcd28bd0120ecde0b197bd6e3  228e4 302b84b622f1b 94688f345434396d957 07fd9f30435f2d515b209593180d369f8b899606 32f65cccddddf 0 e678687d28 d54fe212e87b8e8bc51f316234374cf56e8c60f06633015558b61c9322c2d104  1e191b9fec68826c6666fcfb8358b455 0225ef1 2d 6523d20985c7b94 4 c110fb fef111b42c8c b6b8f4e84e e 7e bd0f499fe05793602 5 409dd1531bdd929ef38866 80c4549d3269b9912b3703d86e16d 4 23032b141128b68d059e ecccd39693c0ce485d21425d5df45d1 338f0e7b66dc2 146b42933959eb4ef102f21f7c743c1 662f2899df0c 61b58d7fbed0cb0357b5414406 63d5b380cd 14 75 5cec8cd5232f43959 611974137 04112147611361e58828 84798c01d0 500d8ede4de1752e35737cb9d  cc819beb1002359f7f031d781c64f0dfd0d4fff4968bde0f489e9370e7ece2967fe80312368435de8fb65449c9b86b376548 7c55e531d3810ef 034e2056ddd7d1238de6d10343ec39efc709b851cb1140039ed5182b03d29472c4679c83c464567d8951b505  b99de310554802653438 807283521ced277d4 6e1d2f495 db16ecec15529 c9d353cb50 619c9ce6c013129f71e693f59b9032298fd4e3ec53762e376ec984f1b3e2095ffbd41421 b d6b47fd4159d83d 8 157fc7cf6 14 756d e0e72 8 892b 643b d1090dc9 e245 0e596eb339c55 0471015677b7e9b86f0f03 6f2f577e 9c2cdc861d6c351b ebc12c571f107c19 9   92c3226e ccd9d10ebcc1 21f4d096961644 d9bd032f62c2e36c7bf10ee3cc79b262196b 4d6 4dc66935fbb92598cb4283c47891d1fd 089f48dd77e6b5cc0703 3e0200bf9b8409', 'eeb61f3bd0cb1 8270e9 270ed3ff846', 4),
(121, 'pavadinimas20', 'nuoroda20', 'ff07028dc b3038cfb3ecf175 f16 105c6c 472861f8510ed8de1251d59485d642269 4c92d6494f06f9e5f128b65bb5b152 b81 05c748658d8 2485e29287376b94e1457845d9318ec 74b0e 901c11584fe158ded32e34b861960008 9718b143f3666 60 e0ee763 32e1e52723c6fe2c8d3d88eedf c6357 39d0935 6e98 4d79 fef52563b83427c058656e5b7 7714219f20be96c4c1e53733f18f65347c125998f9f30b64d0e44bd47b33fb0c2c0516f5b380774832df5fef93db2582b0021e6d5 2732be491e9d3 665703b 2f35f70f0f78e67080162c0e1d40451f9fec81105cb614c9b7c1719373b218b13 971e3 687d338 07bf9b6 9226 01658dd10 322de716b05 c606601437dc55153d60c9340971dc 2346c 7 0  c4f01fb2b6e67168927916d0855 7b594fc186383427589f21b70657ee66ce24d3423 16  e3d8610c8d5b03cbe07801 5 f 9990f35544e44c6 3390685b104d60fc5e1d02eed57 f37bd8d56e452f6c 3d4563ce3  d3b69ee0b8b9003895 cd93f  93569cce964140407d46fe751c040c82087bdb7f03703cc6c 1f485 247326f2 5b  d7fbe22647 0e23e32391d7149e5b30 ceb05b1 5ef43f19b 02f263d3065 552516968386409bff b903d202 e3f20bce37e5d8d1f09514ecd3847952b7d 2ebcbd8cf2c6d2f15cd7b211bb5e41e853 32b14 c31821cb3e3e00909ff70812ccc7183fc262308d65bbf779df c3f6e 82813c2833be1093ed38dd ffee680c726f2bb 41 d8131df5782c222fcbf2  f935319c62b61251e9d21419d6319  e08c53e969fcb4be4ec1103 bc6227b f  658962f3bd8c7 d982727e4c36  e3bbc18d3286 f3c4ee9ee63ebff1f649838c8010b11e8fb32 9fb0b8b26f53f61 5fec727d653e7 f53098df09243d0eeb 48275ff79bfec 9 418116c20e78b3fe 8  d97231 1395 1e926ec00e96361cd76c35 750b4bcc261681d7 65336f69c39 73282e202586c67b  4576b64e dbe95d6 4bb9 b9ddd8d071ec01bcdbd4d 6810539ee718d2cc8252134b86b43e786316ee7 187 78d41409ec748bf757460627f1517fcd14f62ff373ce f492 5f4186 84 1508b56c6 2 8 5cd 591d478f74f325796c224671475ceb7 e789706dbf543ef38512799bec f6f06e355c1ef 51b1d045225 19c46f376 ed3f 85cbc75bede2b47620 e009eeb75d7 4442 c bcd4cbb92b8b89cbcf354c89df105bbfc743b9e9081c5bf045388d1ef36f5cf8534cf3b7f1d399bbd 9b665b2f78  dd04273969d596c99ebb0354479d2630b35c9c b21e63c9bc9fb93467e9be692c595b6e3138d136be7bfc00ce9e07f e4855fe896ce981150bc4 d0e0cfd9eccc94edd92 c2079f7db7b94c976f53542c54f80e61cf0d9e20cebb fb31b8c1dcc11632f1e14643559010c6 6069bf1d 27c90e3737523 3 73c4 65 b66 1b162d077c3c1e0c9ee01b54d06f431f  ebec8c0f2100751d070eb6553be869c3897b9e34cd2f7641db2b8d37623764f00f9ecc cce3ceee042fff9c 0c9d703510b1e8b5 6b24c5 06e7fe410f5bf50bf5fc5515f133f2ee56435b66  15e63618 3d cf4 161c92bd9c0 0dbe0ee5c802926b31d98ff0b9c9cd1206973c389cf1b35 ebffcf7b68 04f f2 3d6 71f94dfb819d380fe055e049d6f35c3c 2976f547e469fec51 208de49073cb  2 99f687e14789f1d0878192c88c0e7034fcd20790c37d4926b71c ce77fb04ce0583 f172c4d7d3e215e79c36fc82475d1 1e52697bfbb4 5bb50e41906610164e040b770ebff57d4900b0c d9f04dbe27c bef 820e41 c3464d037dc61 29eb6993 0d7efee977fbe3d81 705cefdf437 f4df578cd1d0bc7741 8 6b c 5c bf 8586d47cf7b34ebf083535e3cc503b77f1e0b6024ee03c3cd3cbccdce838ebc928eeb416b83 0494b7e791559f4bfc22756d990b06dc4d16b6 c77b  4200c048309794945c67 146fe4494e3b7f de105853d72 e2c51f59695cb7cb023f6 44d 43 82d46ecb89031 02 22f543788674bd bee0 5659 6ce604 590710bc68c019044247325f4018522eccb060b977033093d2b1 276c5943be 4db51 2f261647 324293f9cd 72cef 22 2b  560b b727528d d16624e504f328529e571f1 40f 0 dd7 cbcc67833b8664 16669d58beb585d44c3135b6cbf7720b 2f224871e53b55e3815ebd40c8 048b20db2078d f66b6c6', '2517f41fd9827b36399bc382b4f1740c', 1);
INSERT INTO `puslapiai` (`ID`, `pavadinimas`, `nuoroda`, `turinys`, `santrauka`, `kategorijos_id`) VALUES
(120, 'pavadinimas19', 'nuoroda19', '7cc c0447c53fbc985858d1 91 cf7e5c4325be041710ce718324 6e4 7786c c8 ce893479ce918641fd35 90 4b 7c0485fd8856f65e78e08 e8cf04df84b4058d42dd860748 f6299d274c354704f 7 0e91ecc03f59b494bb31e2149366e5c501b6118d499ed99c2c2d4de116d12 0bb78898655 eb98805965524ed3 b0c76f1dce53b24c856ce3efd81102 061c091f0b95f20f6e46e37 9dc 00e2c32 4d200626e26 1b4246 1499de3c01e 1e4d 90173b0b36675f7d8511c357fc 02dd4402ecb0b0c3d1c9ccd268d0854326c822c53c99eb2566e46ce9bbf4547edd5bf7c39cb4b4930ee 248c568ff8b704d99c8f073210356402d5cdb8fd 94f7673f81d7b2b162 cd39fcd3ec18ef793ee 145293e83b64d b d9f94e47578 5d35732489c6272b1c93f80 1cfedf76fc04f72c13f63570cb833f1d5c482772166de10bc43b09e8d09b 3d 21944f92d4eddf62dcf455 2ef32468002044edc3f0459e4965987bd 63b29  f515dec82f1f64c0df397fe60d7bdc70df8e7be25192fc 1  65c113cf 4 440 66d928d7d9cc8f6876428eb2526ffef 9bbb621eef0 68 c61d34bc646ce6ece177d93d1441225795e8c395d4 657d7d9eb3ccdb6 3c1768 6 0e790671ef9fb9281ff4 87444957d00c97449 52799c1d5 125b14751417cd b8f6 5eb562668 67b0c2b4883f c8 52deb  bc7ef1d6d83c8 4838105c540ec2c1bcff e34b  d71505e4dc715fb0bc60866ce6ddc74b1  52625d083e95533f1b35047228ce51438216859581020ff328fc94ce60c1 255b1  2195cb0eb054 f20503cd5eed c460b0931f0 d7bd919f bd1ef1b61050f db4c2 4 6618342fff15148e04 e337e100c183e269f21759f96c b1 06 7 9e0f4f49687236ceebfdc 4e27831c813295c3546b 961b f919 99c0507efb11405c1222ed7  8b0 418177172bebe541ffbe270c9 db71743d850326b4 7dd59221845e4999 328e3c64bcdf54b69e1b f6 030339c8c9b75307d378248fd e147d74e29ee67b47753ff8c15 bc2381337d5b86547f52228 8 235cb111c9815370d5 6 98524b5 f5084116ec56079979164ef5 e10566 10dc21b3164d 08 b944b000bf72726bee7fe55797c9d342402c5d5356f7c1ed51b41f1c28f552b6 4b024 7e0b86d15dd78996343 3 9cbe627d7578df8c16e7856 0e3b485d02cc0 159ed4858d352f35b845e55fe2f2 881534c478408e407b2dfb257015592865033f 7cfb 0 7efb51dc09495 e15fdb02 1339fb86ef08d1deec4db066fc131439564ed39465d1684c1ffde858bf3c2204 e0ef 302debc61490eecd8f31915d3b85e6d7e8ec4b5 7323c9bbe74e41ed4100e5d5  98f103 08ce5 0be92e282829737 3f8359b9268cd5f8d1c2df5bcfd871e9d38e8 5d7f065b  474ed3578f619496911b586498c0174340f70dfdff373176223c4103c201f025795 4df3 d888cfb0d6c71dd7eb4f49c533 5bc759879d593 e5e4801413fef67dee27e9 13dbb5d7f7039b0ec733f78f7835c365d8c10b8b5e9487d0b60e 24671cf7b677c20c  fb67cff0099753e65 fc6d91581bf8 471052339c ef44c634eb 6992b5be7d6 1671f41401709f9384 8599297 b3 681e660cd5 00590e0 ff8b7e95be3bce3824390c5098927 5eb7dc5d7f912d14dd4024f328e87b 4 4549593094bb 51471eb162470f62 783b95db49e21 e8103118d59e9d 3545273538fe4c1ee6159bd5d1cc2f2b895f e4efc83b 74f053 85b3fc4c655bc dee8499c5b9dbd 68ee37 bdc21dc8f1 57c1f22bf 6 f282e7499f305 98beec3656e1ffb8c0b d91b8b1dd88f6cbf0cb2b345fed8fd862d09276b6565302e872 35bf85c51c0d1 9025e8369e6cb72637ce6673d54de0e 31e8ecc699d 43d68665e59d70c409b90e566 c070fe5 c9e445656622d94e47156c9b904682b66 9911e32209bb089c64574bb359d8ee6e0d49b34c014c37c61 6e7e bfbe074d50254 42d72897fbe25c7f498c3f5 26424cf6b25201b3c7b2d64e6c788c3fd5d90b70d2 89c34b39b01ef411d42b 9727 063d0 5e159963 38d8915194e8360ce7b41df488b6091bf2d817c 02c f98f0b81 25d3fbb8e f d 0d35b58765fc385 10ddb3594 9dfdd95514ff 25e00431142e1d49e289b4e8e506c 078bd83151dcfdb b248c100038c307f49f398b52214d3c6e3c6913d4bf06780e5b52fcd1f7c05', '82545f60fd85594c6d42835bd59d7c0c', 3),
(119, 'pavadinimas18', 'nuoroda18', 'e6fcf1192d83450 0c98c80f982b42 6945568 9c9f73 e 3e9e158deece064822e695 4b8df2219f334d58813703b3c85406295 826dbbb1 2 ef9162bf31658eec30d 06 46dbd3fcd3d78f76f  9e cb241 c3 d 19 d7f9ed18 e706b3b27f20043dd60 f0 f0f05182ed0d1627e9 b3f3c36103f641b6d5e7e7c5c4048b00534c2e67927e3914831643e260884d4812d de 6d94 bd672088525c7104c9edc  658217826cc3 08951889e6fb67f7f480 cf6cc5 b8dcf0db18d6def 332623b52d b2981f821 ceccdbecf10 85 cf67 919dd6e37b79b e1ef6b9 8ce4915b 3b72df79d48c246 dcd8b04178044f0f4c5390b547df250bdbcbc71c1f3e2c 6607c957d 6e991888bf8eb0f4 78859be5ebd4 308b9219e86d0eb28110c75f433e982e f7 cc23 509 fc6256b 805e553  e0098d855428e055207d5b4 4f0216b4d7f699064c08470f324316ff5f338730 43488c418d1bd308d098075e23c768ff7 420c80d05351c1727fc2ff6b7cf79367e704e0de4bdc11178f6610c4455e90df9b4836 19b b7ddbddb82730 dc f 958b3e09497e6458dc04862037 766c31b1c771e5562f09ec819 543ed698dff5bf 08f4 c6dd13f77cb025de 474289e21f11 171 057bc43808b2e04 23829 4804e6474c1e01d5247b 3 967 05cbdf07 2b09f515d73 e3f28b7be3f7f8be80cb0cfcd3fb6f21fd61be9d50c808b0f34b7460ec6789beec5952557163f e45b593204e2b155f60df32926 8d28974 835b8d8d995 255d0cf82c077c339635c759c131cb63b58e0b13 7626be54804377fe55377c40992e60c85868229 d6227ee73c4 ee77039cefb350122236d970b9 30567e2de4800e8c1b9b2 16 614d0f70bbb297 1 f98d11dfbec880b2e59 c11d47402473d7273322c 703f85 26593f 2461fd88517b  731cb68be 65ffe83f16535f9b6 5b  9e2e6db7d3 c1e057d e8094759723eb9e503 1635c83f19df15bc2431c109d9ee7 869f3570decefe3dc55633d2fcc7466db629c8 9ffe46b56 b109b461493d745424b68865f8c01b229bb 0d70d84c640782c0e95881dbf11 38485 3d 007235cbed83b8fb7c4f02715e5d9c055e15803c3868983bdd17f77754 f0 fd6488d79d0 b9d5ffcebb1632 d4f7d8e14f2e73ee4b0 4bbb25245e2390f 6b9b7ed7861d0fd319f79 b3bf52f 3b4ff7 6 4d762dce62057557b9966cff 3dcb7cd34 16d1f8c3b9 27f18048117d117b5b39cc3746 69e6ef6775bc dff e9e82741e1bb 4f71252701c319ec63b3  2d 47b714897c998e4715658469d4be19 99df11edfe675 0f2db 9b55cd0e4063 f79857dc7c8558e6ffe05d17559ffd68e ed30f2124f777f450f6b82 b b9e8 566743f0d7cd187e66bbf5c19007e3900f669862250093c87e1506386d4b86790152409388b 6d7be242b4792f9888128f1c5 e9 f310493d 46dc76323b73199434cc060f8bdf83ec b8cbb9d0 86165bd 273ee900 304c4db318f3fb3 4 7cbe255f5d 5e4c4f77b33d42befc240d9 668d7e6 50c428769b4ef1eb4111b08f2e7dd29755 3dbbb1436b9 7904e9 b8cf665d0515e2b2efee797e8c3be  fdeb25ff94ee72f5 b08b02e83157  b10006fdd5 d621b94c281 9c28d926d55999 92c0e7f7c06 ff318587 68c 16c42cc77b0f1c3427fce9df55d59414 9cbb7c8e1445 00cb6c68 c47b e1384e 6c 3 4d366650792ee446e5e6689d58e42 6f3f9c711849d 129d62db0 415ee7b921037b795018 df3b583e77c88e 5 e39c7 59991ee 459b653 c697 b0c21f7d04594d845957496fb4100600 d90 735e10ed961f3592d 61 361c8 2e0d10c1d86046c2771e38dbec72988fe147e4147fcc1b3d2 26b34e1710b0720c5fbb0c07bf5123d5ce82 31564883d  fe3845252c75bc59402 9 c7f8753f9 4cd ebd2233dc985982ec5 0317fdd7e0b8ef9e0c217e 891027f8683f8 1d6b f71 d366dbc41 0de4747dc37d140ec 89f2c1800b7d60 82fc960321913c0810be3d8c131537ddf8 0b11704901b6cb247d69f1d4b07 6 95c 14724f 1d50e9841e86d58470635470d92d 16f77f118cc7cb012 81e67ee6251f2398c24f5b0018e68ef3fb374759be86 eb26bd03bb50658b0193b3ec4718171bd81f884773e b5f08e3bb374521188f38f3bcd8d7b5fe 80 88d815 e0cde759db59c879f7018f29fd 171 548 b0415db80  ', 'f109884d 69e930fb19e717 66be24f6', 2),
(118, 'pavadinimas17', 'nuoroda17', 'fdee653b1bbb518b0363315fd7fec512198e7b16dde43d3e14682f9f67239d6dcd4b98fe4 03d22c6d d00e12f5 8b0c9bd75e296bb 71618741298823ef 9520632ede416f3286f964 376c5cd5 758 5805d 3661034ec207d04648f67c1f730c935e0f5f ed0e70d08b065303f 86b61481736664 919 8983fe9e8be3bdd2b377cccdc524eb38e3e7d8d66321d1f8ffbee69d55b1 e822f32bff81395b85002bb7f837e84622720c4c545888efe7d557b49f57df8817f4e4e379b3d14cf88424e4ec60153  c63c519743640f83fb bb770e3cc3b3c2de3fc4b2539bf24  8e2925271 52b32f439dd3c9705fb9387288c 39c888 08de99d33 c5f6 bfb662b118314bd583 650bb579 f9c54934de1b0  ff7118be2f9e69626e1bb88b9be1d8b29e2b93209dc806784 5bbdf1bd6894 9 dfc14421c49491b694e76e2d9f1c19119e1c6539c716db063f582b5bd2db8fdd65479 6226b6b8b1ebb05589e d3c650bed347d4736d60272bf51f27b6968ff5203b3b 7b3b199f748128936c6483eb b14789c3c e6247f1b 09395bce5f7 5eb9fe4f6 5c3df5c2386c  d3b6e9c d19520634d343d9 889751e112d0f5dc665597c577f73c 97 73d842f d38 6 47766c79d4e 92d9e7d7fbfb e435484bc77423c08fd912c4304 0460cd5f99e8 bc06 cc28b2fb46b29fc1c7dbe1448e7c2305e41e75002c784f8dd8c9c6b6784b8d8c04d664 658f584b6c56477c1071ebd4170556cdb311169b58d 12e3e64df2c51c b8 bd1db271805e 634f2c76314336 b 1ebb730e91896624014740bb9c082 42fd73e50818f4c42372f7b22734eec5e50b bce161f32e35006b45d9887d44 29646b00402 2b4751dcd0b9d47f8cbc78539b1b60c46792c e1cc95bc6e10b18c1f3dd4fe1c3b69b0f47509000fbbf957e38046700 7482699e37e1264ef6f3dc1262c2  f14de183804c38cc286d 9660d49cffded0efe7714421c d c233dd7 37edb9495e3 8434b078 c735b59 2300e8 6805e d3d118c 6 0843f784cf479c8b56fc0d632e73d355d4fdd 703cf901999f9e3f5b7f85b7029f448  481e 1637feb34b738bf8dff503971431441 ee3e596512be1146e41370673d9ebb569c347f402873e5139168f122be cc0d67c017b633b353f4f72cd1ed96f fd560fced91937d7bce7c0218 0d45ff6c51 c9 b92b4c6dd1d46ec 35e f84b19c80e1 bdb 1bc118072b834 def02081006ccb880364d3225e95e73dd553f7e84bb436fc0f3  3df9 1  7e94ce7 5fd3c7 1   16132d021e 1d67f35b6b 1c252122825 fcce5b96d20b0308b 47 25 6164c9fb212dd7e0160 20f01410802ed7784e67 7341f02fef90c d78e3b838373d2bc0dcb39d605d763  25fb3b8f6bc9c3055213292d7 cff732415ed2348c045 8d33f803c6571791b b8df28d7c690df088c9e b0c526686d04697b804448796e032f51803 2 6d64d6b321b0 1541eddc54d6186d733d5 e37edf51586cf4e b95 b1418350de21d30c6f c78e0b4e615229603b479372fee1cdc75098731b6 d5 eb 8e2430bf172774f3e4071361e80070e1830b994f5fe0f1f499442736 6e47f9d1267dbcc6193c59f134edd63d365c40c76471b0d89bfc4319203e9583ed03dddf43bbbc97e7ebe94212b133f462eef1 8cd212c6b21d6df794d161048 c5eb16e9 b7316bd0700d  ebb693b3025345c4c3b6c ce8d89276251 101b 3eb0 91955e7c87630e3e7402d9 d29b8bc5f0f05bf3db834fc9d409878c9d4f 4fef89c38 30e6385ebfe5 8ec56967 9 1c554 f6de1ecc3933401cf5069cd2f84e3956d54db4db95f594458d38c3517b832507b13dfd385d21d9ff6fe88371218447 c4235f91d5d4824c8f 9771feb13e6 e29c66535f9909b2f863b651081 450 18c 221544e1 9470f30 bb b75254 386087eec0cf3e99c6fd1f77e072 36d 74642961436f1f0f02d4523113ff7c8d114645d85 18850159fe7522c75b466c f  c732727b1432e9 6 c66100f19978259e1ff16f8816d29868 b85fc6d 7c82b538d545c46dbb0b33bd8660435866478f6b2ee094184f74fce1711065 d768b777e14e2d0c9eb4 574e080d2482 4803d540 88d1294c8be6098e fbe 2b b0614b67bb863e9939c0dd1fe7215f0dcd6c5cc806dcd009323df17e8f3c13df793b d1d20 83725 021f0159ceffc6c077 2cddff2b68db67f014011764798fe3', '9c209f33bc4d0d6677280389f 9e9f47', 3),
(117, 'pavadinimas16', 'nuoroda16', ' 6d360cc28 657128e9f4599475b8e1822c1de 4f4cd156d8cd9d4 db11d8b041d74ed87e71b7d 0f5183289221801b497f9523c5b26d48f33ec69bd9b7032787d20c5b1ff5218902b25f1638c970e5cf036d94c  d 7559368 950dfd6f02375e8e98351f238d44eb15809fc30e0f3bd157655d094 5885052005 9b0c72eb0592 5cc93bbb01f66f8cfee 2cb76b5def6 8 b890d7 0 4be22ed6e2c4 414 2bc6084ff4f314e42ff898d1e5c07df4f21de6189e49 d e940936f9b963402440bc65196efd37cd8e279c63575d1 c8cc0fd9e0 97b448e 5ef3c5 ee156e0553953145 32744bf722412e55 d2c68c9087 588d04cd89689726f2bc8 5c2249752bed8 4b9 2e b87eb3861bdf9d 2 bcedc 47e9106755f 8b1360c8bfcc553067ed f0479f5f 5dd615d47 4b5d23c80e4f6ef47e54f  f981507b74e2d 73ef139907fdef34 192106b3232819ddf7d5bbb75f5e  ce 91 b600eb 2  e33d0e2608f2 1cbcdb8db c 44 0c078cc96d0f6c 2c73865364 db 56db3e341 e 9 50695ee472c669f917968177e47b170b6c475f6d1f25cd33e57d 3ed258d7c3d9879cc98bd 6b7fe505302de5f55f7999 c813ce4b3961b3e3415728ec513f7158 c3fc20fd035f8b6789427 21382ff3f73466e475d85b676b14c3c0 32f461be60362f156049f7fd83 99eb2299e2290c0106906968beb7d5889e2784d82b854 b898c627bd96bdfe0 770072ce64d5e12569bfdf bd7995571 e4bf6dfd5 79c 061 1c12 309078887722dd8902f435463e9e2 b7ed3f146606d3bf39bfd9cbb8f7d6d54 b61399398 8893d628968421ed6d5b6 bd78fb7cd540703e97b3d9bec53062f2be7585b815c2d7dfedbef2b130447ef11285ed1e3 6f 7f66ff3e8ef9 129cbef44 7f 5217117b246f8b4f820 b76e26b32dbb87626 7ebee342b1559434 f 4 5 3cbb295729363f6 642 3f3796e9ebff7f914139f171dc410dc0f384ff682c251b742937d4ce6 2e263c2 4e0032 d9625176dd888b3590 cfd5389cf014e 73b1d37ec5cc 0e4e cd57b297b5712e6 e9 e7dc4f2185c84479 5c3e62439bc30048267 9948 de04e442ec 4989b04dfef30c69845650f8f  36489c6 710c 04342fe49397dd26e5 357851c984de248c215e7cc7450f36c767df97c 5d7c 5eced25bf cc4c7f8118c53b5c8e43 12f9c1722fdfded4731e78d8901 513d 205c2108b6cc21bd3c26bddb72c2053bf84c6c76b92949 068e8ffbf3286b56e45b252712cf2f64d5 21d 582 767 087fe260069091c 67397942cd06 fcc1848b2111c4bf85453d00c0308 9e378d1 ddb3de 8f273d922f31f  bc5ffed4c307f62e8b20 d5911b3324f16b5 16c18344f67c13c38d5d833911151906e9929e4dce0f6d24d501824cd83e863d9951be0 56 33867bf3095dcdfb2edf1566b9 4d9d024bc70843c9b473d145fb604e8c45ed69259d cd75d 97609b 927b400e4eee0df4c19d1715d58 3 9fe028975635f74be0 762fcb1258468dd55 5bd003040d024772e1e06fe 8c7 db5056bdf6cf458ef304e9d0713b 9135d6f fd9f0 fffe420bcd23d89344b1e4156cdb09e173 4636b660e 106f60d1c382629 5146920f307e7471cf827135521df3c7f9523b3147c11f 8df9cdd4e 0e9d7ee128fb7  d6bd07087dd02ef09c92186842c2ec9cde20b2010be468e 8cc7 9bd1d6bd7c9eee86fd6ccbe328ebf1e39b8 3336d5846b5bd0e53c839469402ed3622e53e6fe7c7e07ece7c347548e7  08bc0d54c7cfd4 5884604b176c4c896  fc70ed04060 e6f 22bf4c6f763 77073fbe99193fb46eeb5bd0886  85c85b3519dd44e1 6e3ecfbb8c7ef3bb5e4b0df5b244632 19f19966dc9405e8ccd8c68c3c20fc230910feee5 cc3910923f22 cee31f1cb2cd802b8dd9ff561956935591f7e531ccbb 22d6408b1 7d8f0758b96584e7673efdc29e92348f6d686dbff 8f5d198772416f1717fd3b935f2b689e44179268559be  1bd561cee9e519c02b6b8618c 955131366b1ef16b20d9c0bcb742111d2343e30feb 3cf067db01400b291298936412f5e3778bc55463b0 0b1 edb5d59387c4fc8b1b 7f3f494ece35 976803ef 23d5 507822360 16311 4628950cce189622 7ce 0e2d46ef152272e7b9f8b9047243d6825350c5e002c80f 07cbc f26b6f6c948c87 43d3205b4b1eff51144f5318f394fd6ede db8684333', '9c8fb9be0d  1ee2b3b12db d0cee0b9', 2),
(116, 'pavadinimas15', 'nuoroda15', '190f931c942bf08ec15e0d0999417ee9821e8 ef36c76796e7d1789b747f f58ec5ec2e651f82067b c73cebf7 ec64d67df297f6 0d c6b28246d0fecb50b1e2bd9 8dd49f1c503 f0cd51e429379f e62663b1 5 810 f37 24130f61 9d6cfcfedb1d970c837e89be7c62df41e9 0cd195781576665ce482dc8b217e e226356ddf5f6b1bb9e48ccfd4ff484e6f5735162d68c561bf5d0c30cc2 0 fc b895fdd75 763c3f351defd01  5414 324 ef5 f2345610ee99d8d 7d012463cd262edb82f30c1ed f93b97cb9e7b697188d6c1c5 918748697e88247edefff7b3895f1fefd4f06721d2e84fe6194 d537999c6737f d807720fddce9897 fb7b8e686c5d5f6675ccfdc41b841c67ed47e9082137686e5 f  c236600094bef31 4205374c33d4c321d8bc2993623  4540ee3815751617e859b5 dbdf2b5 833bc2f0b4 0593500476c6c35cc002cd69bdedf2479 4cfb2b1 9 2c9bed387f1b051dc05bf79cf 1924e0276c6178b04f1b4739bbfc222c0 c44704f 75d907f33574c98d7e3cc353 b17fbbdecd66868 b1b395f 39645791841ffd22fd9 74b72d80324fd3 d93cce858 3b5423 60c3153934f94493057b58dd934d3fbe2 f3d d81448b1ef80320f33019e7e83b485 11b9  c2e3fdc9f 1c65b9e83d64c e9ee9b2f6b87bc 305f1f86 1f3 dec6f4865d8104228cbb17234f5f55b766d11c4cfc417eece9562d4ebfc70b 0f5ee68b 1922138482 7e41154f4c868d1540cc3620c616cc0905bd1229f45e210de03ec3d5e2 fd2 be7491dc08 ed45d3dc29 3 415066883 2c3 c6ef214b7c16428083c1cfe2bdb97f1f9 79c 63 de110 14cee1c2f76b 9d30f800c01dcfc2f6cbf1f0db39d6d1fdc3b1efcf5f249402b0e708e89d19fd9394 733c994223b6cb5 0de13f0 c341957329e74564ef8fc9bfd85281fe8b09ef9240e749c6 76bdb 9 8d b313e903 89220e46e0 8c  39c96654867f160f0637d38dc0e992e6bfd6425ec450 42ffc23b8df65390b317dd537d6dcbb4 7  e3447 bbb31 c919884e46d7030 4438c6c557dbe0c29df158 43480 9b7e0 4e2bfc63bb89 39cf489c77197e 38bfd813195d533bd 437d3e42 84811d6b2632 206f ce6df552f b591d1cc0 9c8d19cd19e c75e39e4f 9bd544739d dcdf1631475b6f1c42ccb7bf23637c5d bc756438685e3030b23d29085c58d 25754fbe91b 31f413055fe3db73 935198db87e c4c7 d0c 82ed1df169e1500f04632c41  045f054 e4d d 53f7 b 1534350757ccf6dc0e3d f612384dbcf33b0423932b194bf54603013ee c5307c418 8c2 7b48dcff7115b0bf8201b75b93783176b67d52278b49 572df16e39137435f20b039b3035563 693031d406092b e3f6f5db90ffe69919f5bd951 85673959e8472de 685d80d6c6f3f9ed1ff60d c  0e8237f5ed23eb75c2c796d80c7317f676f95dcf146df4967ee2c6599950f3b326b166025e38b496d14401711e 999f587ce2e5cc71d7706c6b106457754f69eb9270 bb 2ee5cd3f6 c 013fc9047b2ff614591c5c7b005 1c1c2c3504f4c524d26925b2d54525e615cc5b5461780372fc 6ed250e 77b2 8bfc475 5 5072ffc0b09d00d00c5cb8e11d0 25b7559b d4240 3b9ffcc9b3611d037f10c 94983e9 2901dc232bb907670d3031cf53 e73051e5 b105e31c76 9f7c4b42c2f9 e01b 05305460c9 cf9216d876 369d2f911 250e781211c3e87755b058f3d7edcc108421987ec5d 74e3fbfcdf63ffcb9ec2853c24 373e219028f5bbdb5f2d7c67643b3 4487efcb2 1114 f45830b189f 912f61b17e 5 7c01824ef2 0962f004d6ff2dd 1e6fcbb7d389434c28cf3ee5c947918c09  7cf7b45f9 1 9 b9b5bd 5bfdfd76446b89df3d6e1936b5531c6b 26cf7cdc9bd1c884165fc 83341eebceb52369d45dc11bb 0810cb6770c3cbebc8f2ef 5 c  3c898cb06889e1748 edb b876d96017e71108 64 3e4c54b8 15be8c778143c07f537e77710bc38d565f8bc7e86d862d273e56ed2486e488 017289fd7be5f e6 ce41019be72e8e 40 f795b4d1898 ef2f5 e 745520bcd2ddb16316b56cd5b0ecf 1 0d8efb44 cc 7133cc364614c75321e84bb4b 1d eb5060 d8677376df3257124 21e787cf10 819e4f231e 3e86ebc505cfd0c336785cb718f231 bfb1dc7b5db623f32e731 675cb6d260 56b13b0539f56cef 8f 1', '32459 27382 e70e1d2e7584d4d7c19c', 2),
(115, 'pavadinimas14', 'nuoroda14', 'd52914c61e715eb8df32ccf9692c69f4d734d32c4f f9 8d  d36c5019 14d1755bcf6c1170 1d8de6081e341c 3551228f19 e593c74cd8799c85548be185e16 503fc965ed4d0b 2ec5b976177724 15ee8b762e2e6fe 2e593c3f 7e96576595753fb4cdfe9d596244d21f40654c9208f 273665323ee86f 07921bf2 e0 0e52111d191776e50cfce72b8e72bd9bd68b31fb0b21865686f33b601fb7d2dc2e4b3593318b 39b0f 3c6d62d 7d1407e60864450398 701739d7b60e0b743105604c7fdcb6b89  7351d6d038f5f8758707f6b296d6f304 cdc83e7ce35273dd91 f05e609666ffcec5b1e7f7748 81e60682b40e 2efb6165d87e7 4 8271bb60b7b 35 e9 843373b3ed8d288ddfd1e052c60effdf5d48cb66 92fd334b41 e869615 c23346f f5ec22b94f70c16f913  53 61b2c293d8731c4 7957d334808845e1cdcfb7170 1d 1648b4ed304bf7fd7d9213e1 38879535912149bfc 6633b  49b4d105be5c44c9 66fc1e7cd614580440071434dcd0704dd6fcb688e 127023979378d9 7 0b5868c8807fd47090f5f23c 9be40c 90e250cd4bd7869235f16850cc0fceb8166bbd2e0f29dd069163428639d5e83963d38 3dde88903f8d6bbe1db4b1546 ff8d4e5234b713d65f26f 784ce   18c72debc0f d7fd6d1 f89eb1cc204 4896190eff71ce38b8d14b962febd217 25687c5c51c c22815ddbb4425 e0bd3 68918c3d f4 2345e1b9 bf9948e6e7e9 bbc64 4ec17f3b4c948c0808f3378534cef 00 4ee575bd0c88f2331d70f65d40039f082849705b2862668745467e1fc7142ec128 17f07d5f3e945d4e578b19248ecb8586f7fcf038d2d990e4be809e3cdbeb3388 d3208cffee6b2ef76 05e901cf370b8199 8fcee4f21372172bf14103b3e1963bc9279ed14e61 1b1d14d2520023b193ee24fbd4d48d55f17e63c4b074b 497991 068b68c21b222e8e 3 cc1816e6dc5ecec4d93e79e330fc099442f4f 8c9b07fd668e534f 95e8e921e8b02efef1dd1e38df1dd67 c2475c8f6b6df89b679b49fd 8f  80 297db048704c5c7d66381b0f2 70bd6983cdd4d0fc701d 9b4b 9c44d0ee e7b1bb5cf4143b 903e2dde93bd358 cc21  052df e8276c20d8b7f62 6d5b49551c5f 6b00 3feb5425c237404818 fb4d1b48b967db08914054b8 8e 93e8c787 c941625bc855b7e570f71d db8b09e8cdf7344 5057f9cf9c025 8b98d393973c865e040c bf265b7 5413d5cb71ec07d690f34c87926956de67c65b5c1 3b 2f87c8bef79c7369658 dbc5dfc9725f c773bcb7b53f67e6177f2f2c570c4b695b7f4717de84 356 14  b8 857bc5d57405fde8 85c940fcbf0e7 778548ce5bbd51d d5eb9d72899b85 b9f7b70f  f9dc7936465c95d2993b135b 3dedef0b4f487ce241075ce70605fb8b08 b0dd2 b19c500d11439c682f244f61ddb3bfeb9 16266 cc ff5 86062d5e7585cc77079e31bb10d4e20103b59deb905046871d0  5c9 eee04d7bc 7b90e88d417d20f62c be4 55450fb75c98c836f775 2 4e26563187 59b211e 77 f64020610bcdcb017d13e542ddf3c3 e56bb c6d459deb3414321b5fc83c91ed06e21fe3e4e204155f4 725b 2788 e2c1eb e28187e7383047146f effb2c0726791ff0ce71c2b7eb99e31f9e380793d5cbf7180f3b5b44 0 81 b57 2c89e25e8 9e09e5839250e2d36f9470f55fc8bf95b97fd18b76fe0e3fd6e44669 077e  b588f95d64ccbdd15dc09c6 6d  db519068e4c0b33097 934 40c471612df14c84ddd60 43bcd3d91e0b029768954dd2297d2 5620d823d3f7d5dc0cc16e75802 95506e19315186071c23e1ede02b1f55df1bbf 14300636f26ed6b c2374525b2b0374889b24643 04bf4f2b0ec671 23e362 196446529530b4 69f1682e 9814e9855845 557fc9e0df0cf1eb607b01e16337e575 ff4c23b74e5614 6d7f 2f19b4bb1734ffc213f 8478315c8ff6b22741e88 4950e538887e908b366bc4751dfb9d 24f59cfc 37d 62304b0eddec78c718e531840301266 32c0f415d66 6d3c07c3e1 36d664232e4635edf54bd08d36b9 0423d8845d36fb99182e55969c5cfc f608d23898b2 d6e8b50cf75d808f30307456cfb0e02bdd2edb7bfbb8b1d5486e864 f  903249bedf8d82689fe160301c575451 4  74458eef8  05224cf59256ff9260c2e342e9938bde0eed3c99eb8 62def', '0db1277306df2b58ed85b91 06085e28', 4),
(114, 'pavadinimas13', 'nuoroda13', 'f15d0 8c0529445c00be8e37f09297cbb f bcf304b255d011 e b0b393 d6c578 cb8c09 1fdd1485567 cf600d0dd40ebe 773e 43045 8cf7006c 8e0522de1 b0bc99e0fe4278dbc87e230751696058c6b591b11e2e39 6df312655571886db43b331d27268   e612d744f5d57e21c4e 8e6e307b9821f454e2c1780ef250d8e39dfb87307bdc89658cd19e856fc7c2ffc1e50c868d9cc2b5c42f8e351c2b67ebd250f1f24 edce6c40539cbf9b1d38c6fd4d8 8b431b299e682109e7d10e808e78e33c28407de02c83439f84efb9fb192524750 31b5988b426 f 27e 5597e1 61bf47544293bfe483221 100185 434983e1 5eef57ffd14f657d6fcb3d2648066de8 deb 8b2452404b870f31e4ef4c13cb5 550 dd00be3 8fbfd0ed58de191bfb85ff7cdb641 49bc574dfb6e18465b9c01ccd359b5d45109 16887c3 33ee028c09b224fe9d5c2bc31d5086c376b2321210cf33e1fc752b0f dcf0d2e9 08 ee5  7825 7212 fb1449 04862d80194b 30f0d8203e6c36f3cc968859800d42712c6b793bc0c16f148 39fcb6708698c9d7bc389ddb0809f4b2e06c9e613e60f8b5fe19 57d89298975442e 61b0febf9d5004e781b18ff809738b d47255b8970c b2d d6e0c4bcd46de17420e76c88 c14fe56cc 8e2d601732558  2b6373d3c9722547dd5  f bb605e3723 8553736 e6ebddd69df2 df3000 29d1c035288d3d3426904074909e2726 07 c 8562925 b5b4 ee 249d 7c233f10f924f2 07f2c5 f2ebb964f78e832556 bce8f218c9717c8377b1b0d1  8703de39 e83f6e558e6fbdd02c577ec ecc67be697c3858 d76452d50f2125dc2 3e2c7769db69216f20cb f67 78817bb1b970e9700d3c7e93f8b e7c49b9e54e f6644bd338b79d7bf46c2d2f5ef9b867041bddc2b0bf9bf4e 71d164f8d42cee027cfb 2c860b6701bd55e49f369 b0186e0c60c6e41e 58901ef918d0465d45c16b79677c976e 9eb599 f 764f3540149b1990 40e620bfbf 8956dc7b90c8f947172 b 751508497d119 256 47f8d5f fd7 95f23301f5e36b15334df53ff6cf2c d910e4e2cdc9e50c d89 4ebfebdef7565e071d1  03 1fbee34d71de1e  b034fd32216 7628f9d0f0510ef7f61f5165f  f2  3 67 1149d2458e77d4068c23b9209c0cec9794701007057587ce200251fdec8d92253786c2b5449ecc 5b5f423891 d595 435d4d71e6897d5fc8be8 bf173 9880279f1 bd4fb1176d77f35dff3 0d5479dce  46325813b09630c293185 f16805b59 ee7bb711b32765c464733cd1d314d517049976508c163422f75d 661187e88ccdd c6201 3610fbb929ffb68b0cbb3fccef1d21869f7304e01b62c8dd4b743b494230 47781 bfd7 460 45d437840bbc585ed2523 73753ec58e143d6 d2 20 8c738 67e241cc5cdc2 4d58324bb442b39c856 db9 2b25087f3d46c493f124e3ceeeb780e89ef 460159676f 1fd885e1d4487ef54b709728c42b46336227df23 921e29563ef3 6341101 86 97115f0f 7110b8ef844d18dfd65d122 19  cd cd540103b4 d4d7c4f6b58b cb937d63  4634e9 e736736f572b18981f651669fe4 0f4037816 045 bc4ec0 b61ed1802201340e81dc6b22d1ec6f137e 9bf9f619108305365f2323626b906de6b03596295e1df37079cc49cd5 4f51172d9 312e 54b4b eb7 1fd6973f852f9d808010  0356c092832f  1249df724df 92179792dc19ecb5b6efd3949 6ee2c7f20b7c0680cd8cc8896346b42 4  d26525158e10230bbe1e01477333bd7c66f d c44d775d4dddb4e89092e9 fbed03647b 357e2507 d9df767125eef3 0129542854eff29b52 69c2f5f192b23894 018ce50dbcf3e2628 0c023c056 6 438077fe217b579e b64824d79bf8df02e8555b42f726f8ff47925eb3b3694974f5c 4ce9f9523b9652bdb6d2829cb5cde5fe51fce3352 b8803b73c5c8 1cec29746ff 3c836d12c27ef546dc1d 435 262ef25cbb11ff7bf7b3c4ed1021fe36cfdeed00636c273002d7c26 8bcb25 6 b89ee7d934114dc8be970c48cbd950e58916c5371bbdb1b001725e319c275c4d2b82e9e126c74e5856d4e021c1191 381dbf e94d9fe0f73d3e99d  c4b02751e3d 219c99e98e214c7e61f 7489 67bed88ebf46e94b7d1f65c29bf1dd b44393417df20f1263e 0f6fd0d 37240b5bb6f9e1b7762f5915f3fe6727f7dc', '3d578db335bc7627526c8bc4fc330110', 1),
(113, 'pavadinimas12', 'nuoroda12', '9d529b88c66eeb6c20fec9438f453504869debb825feed4 0b23ef deb9f118b1eceb4db634b74684b2b7df5061c49e6b669744 71799cc23 1b793e8b 4518195dd76c6866ee6dfb2ffef0b54 df7fe903f6682542c300f532db6372fb62c331 77c6 834db1fb4 0d9937f8f2f02 cc3 4c5b07f13cd714c25c9c3fc8 1e841e26cc4e8 d2dc776c845d eecb4d2de67fc1d421e01604321b3b944413180bb3b417d 196c4f4dfb 1657c 02 47784998d7c1900e32e9c00e4570b34 0c7b3738975715f d 130 06d83f587dcfc009c20 1c469603e727 b9b415c956713650e4ce50d4f9de22 4bbd25d4c 8b0  7e903b58c91c4 ed518028 dfd354022d29 38c 91b769f2b 51e2bfd8539 7ccc6d 08441985d48416d00f400bf8  421d1782e39b2ede52708d e25e8667d96fd d6b637d356fe671c8c1 6b9c  d21289c186cdd730d1714  77720056f305b856f0f212b5 d4  c777ed85744435  cdebe6b 4b150cd962d347e3f5edf18b0f91f329943f20b488c146469 e44612f6b30261386c 62489d67178230868cc ebc2cf8 cd5ce4ef7 8c0c05e850df10f76eb8ffb7949c2f299e24d7b401c321710e3bd3 70598b 19e7042551837164c62924b7201940369d469d27 7f3e00e784cb1296975866554 6 f737074 4b2ce9be1b5185d25f7dc1cf03b  f288d2c6b563441d9f9f 46cb8e  d3546d19900008bfcec6e77f2  077f78 4293c83b892cf20138 c819c7e0d7dc 5446f95874414923b7b5947c0e4549e8 65 669f476be  c5f 8f5cc4 d0c9660cfc7 ce6934dc2ff2f9b2b69c325012bb72ebfffd85e92 e6 76c1   07403f 841  185fd 466cd284905468 052e7 db475f0c00f258f6c2fcf3d1f2867908b9b34c84464462207d51539c9f3d039283659eb2d42 bbc0 f80ff3c7 8762b0e31d993 4fc5cbe4d51b23e 1be075e60bc52e118 e536bc0d093eb247d 6db5f1edc842ee9cd3 1484267f7f 21e60424f0f984e55443e653d1ef4db7e 6821f8445ecd12bfc3c26d3187c732054de8ed62f5c005b 149f7375 3668  f257c 29860e036 ffb298 405b1db7077453c38b9b 93017710b 783b446b57138d892c1bc600e64683d649 3c cdbd906cb9 cb31e5c 1f8dc3b80f355cce 0b 4 96e f76653708e5c867cb34f 485f fd75   fc882858ed637f3443bc7fd e b53544e97 0c627927 f89c0bf 4f b505185647341f8ed1dcc7 4d06f4573ed13827b54702bf fe280e7bf74985cf772b19cfcf2ced4f899cdf408cdd760623088b7c60fb821091c56ffe18d161 d7 b2 f1c79e565f8365d6cd3d6fb 5cf97571d58568b67d2 c9 5bb 325b5ef57907e3bc429ecc149925 9db292bfe78de990bf81463f5f5 40b9 f8516dc5910 08c5d821c12939b335bf3e3d578cd7c22e593f7f8d74351c38509b12b14d1fef7095c69 33d24 091328630c c33cdd57094cef6987 007d8f24d803d0b76e56c9cfe5  2dd8e2362585f513b1c791ef1869d71411e2 80868600bc98b95f f789b13 d5df0c1c36d7d17e2ed0b8cc3bd55  2cf781b3664b07c32bf332dd01b9f97c3d45e3 40335325b14 783c5e0de9d73bee44c3d466291ecd02fc 6c 081f2c94d1274c50 c6 945f8e8cdcde5defdd18f6 22c483e4 cc955de62 e 333ee988b c419ecbed edc64 5bc81 cf453c44c21c8df05591910942d705 c05  cfcb591fcd37d27 00eb3b8ce 573b00771fd7f428fc79 e547c19975166   b10db63db00820dd5e2556dd044410725f14ef717c747711 5d417d2e003086657d5f143355fe9b090930e63f 2726096931de9d6e8e36e795 98f  002446255902fc43 4d8b  14866f52fb625c911 ecfced3 4e686e976bcf23d8774c296903f2f6ebc993e16034d2f28d3886b9993deb4 350f42830de55d 6671ee912b13d12 6d1dc29e 78b028f55733c09b7fed 6  e17e9b58424694ebd64 34 779cbcf0b9 cb539167b12271 5ec30ef412f72f69411fe8ebef622d0127030779  17707 b0142c2440784e0e02729feee96b4df96c  60536ee74345d4f00 3 18cbf92 7fde 9b1b85 3e50f13f211053e7408 c369ec78d 5 b76fcd975dbe49694114ceeb b2f99fe 4ef14d9fb1e0437 fed6bd7 202 e1475c76943 b855d51f8b0e7dd2f7e71dc dd837814 393d42 26d262bcfc02 9b 935c98cd6 e51634e7cd1d29d522e8e493e467e482c594', 'd211d4522b15c4e4e1947422107e305d', 3),
(112, 'pavadinimas11', 'nuoroda11', '333423f16 2e 0b242bcf69d398236e091ff69e18b6d 69eb76bfc413329d0 46244d44340874 4f996cc32214d098be6e589d5671e2f0cb169d70f7964e759b0f9b8fd33e93ecd  cb060fd b4d0b76d428459b790e4844c7dbbe91e86e724de2e7 d1d0f621b05c03f929dd4600  e7974f8c 05db669955c875f8715106916b37b b9216b849 dbde23d3d60b43700 1b75db0fcd06bf1 52cc3b 3ff70e0b40990e954fd89d113c10b6017db1de6 4d 084f222110b89ce258e82 013528 3 cefdcdc0178df536d1 08b86775359082305c634475d7398587fe6bcd46fc 815d2137f bd8d7b5d57670cc627547ce8946f9384e0d4875b2397 db3170942311123dc819179d2dd1142d965ee350e3fb14050674c424f43e 71f4 f812d6ee55c5283d457014cb626fed000f456426 0fcfec53c326ff5c62ee7de054e2c26 751c23 bf41eb10be99b3d   5b6e9856e9801 175c4d804c4f5243 94b5f26e600d94ff7f244885b1 409758fe6 d4f2eb8425e5b6bc7 011051e980621528d81  063399576d66dd88e79490  792b32330b7704376d93ef0772ed9bb631527 28fe3b7bc639 9c5d94c09ded9796c405307d3ddb49df852ec5f64d c11dfd17b5  e1c061f797d0b459461280d2244 82 b57932467280e4d86ff52cb749dbb7075d8f682e 1d5993e88b1e7 0 69f707469d cc7d822e17 b8 ffc5eb83048c4ee1c 75 5c391404c5f4119047cd24d2fe4ddf646822893 47272e7390dffe2550c81860db41 f07eebcd2e b8c4b00eb9b737111d 819e3 2b2092e  c3177db5f8c6cd493762fc879623e e033931bf78d5795cbb8b42 8bce7e16924eb8e04705d7763918e8de857b1e99631 c9779630e7c73f63c6d 0042 f2ff666d33ec85d988663 662bc09c7e9ed1166efd36fe e44c 43e 310308ced05d96dd2cb81671fc01dc61fbe15c2239535e1328337668091f52b807 f9054b22cd6cf38f77bf93309957ec1 e53b925082f19dd1309147bdfd3b0ce8de 2 1cfceb531ff68779f181f32d5 c377 5b45180c80bbb3f09bc10d7e36134c49c40f4d08925ce090512cc78512d2f6d77b73d0b4 c46cd752 d98b81c23 0d8c8746007d982eb 2699437bee305d84d18b9914ce2e8db34e00cd86 74256 fe227fb8f6289540c5f7c265de7d7261cc52b58e2d632d2be4956c2bf22deb319c63e6150dc 6dd527 7b7 6eef31011342f405289b4 c08d870bb4e 82d9f5b03c1fe 202c7cb238d9c14c20f3c94672 2 24d65bdbec3fe4d0f02446219823 86c89246ce0f8fe193654226d78b56311fd c4fe24f4c678647d644863 9c511fec118159f23f 08f 68e8  58245b12b67746ff705653 21661d48cd0503 83f88767b07cf545b21f134de63d696ce6c826 64f 6 1906d01935662d8704bd1 ff 0be7c3cc80220e 3cd6d2 98b7f85b39611256d11957d520277ec43445620b6b6c44267e4e5fd26f4c5f267f3fc2b364d646c3e1195fe17325cb77fd285b3e363118b69d8fd7604f 26f38d21054128 2816c18d764723582e2594d  14c67f4 457f78cf2836c6 3f318c0 ec9d497f5ed56c07759996b34c23c107b79695d4e044b8c3225d68b01ee6819 6068f0f5ce 9fe6cfe39d9c5f4041b8b39e1 63954 fd359b9324256 3f67815c3b8c15b59d8219b67e33d6f461078 96ddc7c8df1cfd 834fd800f13bfe168fe1571 510984ddc9c329382df9dd8e5 0d eb2c67 3385037d9be6608588736e8 266c4bf54 700d8d26060b698765f7827bfd752eb659c8156deb 23678c0756e639e9d9fdbd db39 8e623249 c8d 648109fc16dded8ffc858bf9116 0d6 468d3ee812e4f 84e1b9e7e0 8120f71 ff81457470c5282854831  84e6 e31261926770d6 8 e4016935d5b23c c4dd21390 3498c0b 36090ffcde1 8c1eed2635610887e5b81346527121c607658c63ff8684d7660c20f81ed1e982f6f83f 806d07f 7b9fc64f66866e19384 e711544b75f54805 77216c21b796860358eb51 5631f f950 29789cef0fb811e0bf3d4b3deb3093c 1cc27c2 fd64989 9c cf3e2208602ec589f1f65b925 9fbcbc7 f1dfe53bf89dc9ec6051cd5990 ec106 4fe566f71d2 971720742c48c2fd8dddc49f1c61dcf2d8577cb755 17db0024bcb67f1b61fe4de6 f064cb9b82f7432d5 52e9e5b0222fd555fcfffee2d2 913c054b39 022842 0befc40c33c40082f8d17', 'e4e 946025d8251e9060 7e320 0553c', 1),
(111, 'pavadinimas10', 'nuoroda10', '969 7f47df8c03b11679d1d0c6bf92c46 f26175c0d0cf4bc410f376b580b05fe01e4b375b17021031d851db4402efd3c6796 748f95cb8927f99e5c84118d0923cb918f99f9e2 6d8b 4599e  533f0 2f 67b36 16df62c bed0cf3b0c01c06c3f1d1e022bee096dcb06689 5e2dcd5d15c43262d70991645  c7 2f7e7b6fb9982f3c50975f7115b fdd3e47f2d01d2f0eeee3c321  ff3e9 7352fcd7d3442865f06 f3f88ff236 2f0b 46021bcb1376714bdcd742 13fff92d4b39bcd5c54cd8ccb 682e48 324fbe9bbd4dd362d3fbd18f9d571cfdccd205c161f137  32605 7f12211 e9cd c7247e8102681e516b1210e71141 5cd9529eb3eb99c17ed71d44f01024789615d4b4979 6ed61 e3 38e4d87f29d dd085c 5 be50813d3c9f c714 792 82705f3353bb cbd7dcd30467c 24c1365c8cf116b8301917d0063006d1b50527e8e4de5f10 826 eceb13f2977d 3 b114b8c78230859ebfb64 7 817513776bf0972d2141c9c037b63c4db 94b9ebb52996546859e7257c8e946751e e  763552400bc77fbc8 b33606 84e6d12f ce278065650767cbb50d0bf470  2c176581956363b70e35337d3b9b b6969d866 733f68c53960047 92c30bce9c9df715bbb67bd33f4cb3 2c 3e0c8d4 f2c09fe71 8b8d9c6797e25e92fc03b5b276bf96470d9c146f678613bb9477b56e0 2e375 7d9 b1e1df3c9d bd078710e1b8be 0232e2cb51c0dde3611883ee006ec417d054e9b24 8f3242fcc7283590c601f1f78bb7eb1022f 149313d4303cf4c 74 ccb831 89028513be843 ff412b 9e22 758e 850e9 c52243e89f890015bc22b1800992c47232e6087bcc57 ecb41401b379543593dcf125fcd16376d34b31423504203e43c0ce9591f91d98b627f4d756c38 33947edcbfbf6884f 17ed7008e97d328d9e64ccb1723fc34 83f 405 3486 ed 87b366 803e7874dbe1c13979b6080dde643e3c9f5e061ef42d6bb8c75b549eb393e227168e ecbcf90d2769107e9d29d8e011e707eee8b9c2c23818335032c1d93 b7e1c77d68d 00f62346701e51f87b 22909 99c0159cc 37ef6e74d6981710fd8341fd 7573359b60bf183355908588db5f2e eb 60ef4ff7898718e 4910529f7 715e457282b2c61817b5cb934cf3 e7c24e49fc1ed5 9 f 7048b91c4e6385591d2564c9fc4f7c87d380fe7b071ecff3467b9bb30804d1d2d3981df9431e4cb27bd77f500b9f ef3b 24b9f3e3dd023356f18b3f498c07b2cb2ced6 6279ff 0f0d8ccee0d4700 ec38d0 82be420f8ecd2b89f8 27862e6 0ec439d3c5c7eb933bee0e2f6 ecb2f 72ec6 f6 997f63c6892d879965e9dc5858491b9bf4d6b459f349d7 f4fe  0122b1e2071d895d3e9b545569e672512 6dcd875294b1d4 1fc1994ef58623e8e8d9fc18d74170560fe256b186049 24c894c95392 84c0 4b f18d62402f8c41b9605dd205 9764ef262bebec20e674d78b9d3d92c fd5bd49c7731e 30130f2330067cff046bcc 1f1e36cdb0989e71698038c4e900 568526b568d41b1fdc76fb4fe3d5968fdecb9d2549c1004f6d6edb09c7d3 b969fd675f48 967dc2714f96767c0ec0337d1b560b54cf5 f4cc67764e53c1c9e62d 24ce4225c589b7 581917ede 345446e138 451e721b385230c8009 f33fcc087 c27305913cb9  c88bdf29f7922d f432525 b8e3bbf73ce7376b339e4dceb0612c052 8317b1eb130ef3942fcf403274bc8c8c6311420f0746b05ee38 12b9101f39199375c002209796ee5c802e5 7 d 4535e516 7d87c522bb10d443c 7185d432f2d1ced3d 856ffc299101451b8571df9ceb971cb838b6 260c5 6b498855017e17fcddcbec1bc59ee46699d6d1c 602112be2c7 dd5d55116fc146 eebe52 2299e8677621bd2 66007e96b18778c155 1bb 8d5fc4888804e99828e f02b1835052591dc7793b16fb4bf8f883c49bfc92d9ee997f10519508bc9 f 5b 1f0970ff4695673ee21b02d702d5 15898d7 9c211c63f485442 9db 19356b19b86d042d5f026bbc1  8280752bfc413eb13 d7ef07b4 7bc 07e1f9f02f35b269 00795ec91b4245441fd83c6eed2d24 06e5 38ef45e229416f1f85e8075486398539b0 676d11b21f4266 c39154f95850ee 9b8414f74f7f70bb1df68eb82ee28 fb17dc5778bbc6980385ce398ff0b289815cd030bff1 250110db85716c880e5489fc9 4999d', '3d6df02b9bd6fded66e14 4eee57ed 8', 2),
(110, 'pavadinimas9', 'nuoroda9', '289b45703 361fd7c6994530b9d5 26c10d8d5e777fc8bb9b9bc4902812e59b3bf4e60 977c8bb9 6d0  e694e15348 4c291e51469878470cc05d552b2e15b410e07d99db018c8439772 69c  21d0651d369bcc 9b32889f803ff7b38 593bde8eb0d1 0605d68372815d 62c5984ed3673 d5674b71cb84e9e3c439367e 168f081 2d5c1053 ecde327067 09e858 11fd202ec294 c49b3e894e2 0b0 912c9f8c155981cc0629f5414c7c29bd4f28d4f6d3b7f365f93d43692 b3482def835bf92eff8c957f888bccd43f112f32658 069530e94054f e47d b0d4f5121  7083fd03b217215c64dbb90e8871085e705dfd192b64d7b7 1c476b5 0b1b35d5c1c4d1d8544255631f73 02565654e51bb7 78325fd76d4 b8d2d 36cd 4846930046 94628e3750df27593    ff8b1906e4bd56e8f22e5e09ebfe5 7f330e6e 46 ef212067c212 ceec0f03d9993c82109e354267 f9138 2e6b168ffd 20112b05b65c96e6b2eb92f7bd4 37de72ecf21360969ed23c18ef987fe94433f47728 c117b458 0fe4715094 936fdb577e7eefed89460ed231f0c7102e 734b01 f53c624 01b 519b9c173c91e39d51991 279731fe687155f2cf880ef76658c5fe1689c43d6199dbdff6616c22026dc09 bb5b06 99d87e75 5bd35de01791d2145577365ed cf882c526193d8bdc12 58eb4cf6cfcd09788 2fd92dd4053c59dd3c8 f b3b7bc335ee6662d7f3b641526e80 26bc3f80db51d996ec698e15f3 795b 1c9fe5dffd30efd066be744bd214d3 ed748c9d1cd14cd799446d7df42 08b861b328bf742c3d97e49cb70837f27ee2b01be2b9b494203317055b cd6  1760bdc015 c10273cebeb60f1 711cd89729034eed97920500f1cbb 4bedb185de71e1 3d45652d0bd9c5447b 0e118c7d 62bfed48327ded d52201653396b5 12457458cfcb10300 e75 9087e0 cf18304ce95ff184d47161d0f76 2c5c998 8e 9e5ecf2c7e  e4dcdf54d1274531f3d7ed0f57b5822745d6c106e61fc2445e393e186b2be1c 19103 bf61e30876209b230 f40d34c8f5f f5388852bc8c3061d1f3e828d6 b4255799609898b3cb  850e1bc8e6d22d5fc95c55ed9139f9f3951c8 6c910f49b6d 4 31c5dc78be214 e72c24d 6d 0e514dd00c508e914b65eb2b00c21 7c5c4b 58444b6d50776bc85e7389b575f430863e725 040f47 66114 13df0fdb33 bbe7b1595d46fb615745c7368f3b51d8283bcb9e79d4ce bb5134d76 5d40d0d19d950977f69613f4080be6d0483 204c0d19 b465eee90790138d32831c2 77c6d9f01e 23b790551eef5b03674d51b16137444d3 5b3d165c5 7b e7 5 0e74176619b4b465 2f4695bd46b2dbed6f5f73 fe571c348dd32649235 5e5c5 2e3 1d  8e18c63 0f93bdcf870b21cf37fe21638577236537e03b6d33c3 667029399959d658479f15b0591f377296fe5476fc66 583068f1f2c772df95 2 7211795b6b5f26e3 94141 b9f4  962342e790dc57  519d477edb5d3d1400bcd7459dd90770 380f822c1dcf15 d5 b2ceb7de9f 2 3cf 4ddfb2b6e58e65e675d 4364 d0764fe7c18f0b12ff7f7ef5eb17e929d65fb 3e37e 1619389 70c724d08262b5c9cf67e94f12150f74412ff05f 38e6e77f5dbf2cb79550653d475dd956b77bb873ef0cb5e6951bb364fe330101fff35c28d0751 393dde4 fe1 027f4c55c62b8 24c620 3545 b1e6 2207897444857c611cf6d661 42e500f1d13b52b0b021b28d7e68f29db05 67e9 3ef62ddee75742bd9fbd161810550d03e2c794cf30 33c92824d8d8fd94b25739b14 236f037791655 bce361644b3 812f8fb7543518106b0691ccebf4e91dc171540df7f8ff4d2 24d84b21d176cdf0d93942013 05f41e be5ebdc 226ff11ce 4 1c1d47c8c6 f373783b2cf658158c1c726d81870107e7820595f50f865b362 f47601d8e566b0 9bc8e38f5413 7fe 9044f2d4dff0d7e f71be3c654ccc998961b624572295cee  cb86033ed56dcd8b5 17888 69f3f1700d 2f44975e9679b0e6216c155b560ef79c61dc6147042f98b56fc6 ff4d57b5f89825c0754e1f4f458 be4 1ff56ee774488 0265d230cce22d2b2eb21f32266bb35c05e88c8c971c96098dc2 3c 4d6e5364 425f2fec1de9e06b9452e2e5eb7d0b426e86b6e37e0dd40 2155d5b47938d987eb9d5d63dbc6 455c31b4c2b54dd0bbdd4374', 'e269cd136d41606ff84d 970f ebccd ', 2),
(109, 'pavadinimas8', 'nuoroda8', 'e6288 52721280fbd485b 8d7 09d e41b943b801b061bb0db 94cf f8447cb912eb f4249178505b c4731d0 5f76427d5839e61b40b9376e2d48e808399 e9fc79d93 829b df7472f237c4544ece893e7814d37711c907cefef840f766ff8e4c26031c2 2f36ff7 39f6d156e5 3cd0c1551035dec7cccd9d56f 1d810fd0e4edcc919640b348b067bcd63f14ce5798 8b6ff74789d6 11e d6e2472f416c2f2f2235e9f237e4be03b85126cb93b6b14  88435fd8133b98e2e71470c63 bc03823366189d51f2f 09d592 7d2ff963 37ff80490e03f7d2f2dc1456608 5c3254cf9 b31917c898ccb582 0ce 8c5 54be076b6bc71f4fb 44f61cfc7b0cb5c16334ebc340 71d 235 bee4ed52eeb2d96c82152cf560 789e6dfee97 7648d932466bd9e633efe8 46c7b5988c7bfb785df7bdf 7dfd 48d96fff6b7562482cd b dc89705d762c952e81ce6667257d2580d72597f584796c391282b9265f5250c6dd90c5d2d6 4e8bf718433b 612d6c33 873 2e282ef2849910e618d d242884326ddf7127738098041365f6bc33f 87477e9ef346e60d74e  66 6e6d7b4f05cb52bb5f208b304d209d4fd39d8  e69d3c12e20c48d52dbe53693 d5d91cc0dbe99 0bd 231 3b58334036cb46490d35b475db2b4405ec932e22f3892fd 47882e368b50211410637e00fff 08 85510105938167371eefe6fb70904c 1e63f7f7d89 f90c726f218d394b 449 50e e0039cbce8b5241742e1 5264505f60e863e81078db5d391d7010c 95614cf63d981154  2075fb16c465c89cd766c882 681929e 5e9123c7187837f5c38b7f52694edfc95304c9e9 c 4b976475643 5f09347447fcee99c946dc 793f1b3b5f29fec48e6199b99bcb5 c3c36c 5d c092dde5b02ff4bdd3c142b 3614e4f09ff1102e4fd2dc94b3f88488381328e49dd7b580f32d09401d7d 609c9de383ee0f2e 452be920b9b58b0efc9cd72ee37fb89b6 69c680f8e 7ed7 ebe546f8dd3 cf683016c75150e1 1d63ed4f 94b3 dd4990 91 b1b3109d24e75ccc6c0 16d413d247b9d70090c67132438b549 575276d919b5f127fb77e9644e03085025c68 4024cd2 c4f2d59132b6ff5fd3f41909279d9d19 d2fc1cb00025e238fd0df12effc6d0d1979015d3d77ccfb131365c8e35d5c6dc9df2b25bfb662 2c3fb4 54443 e643e85 f0e8072b 2672c1fbbf6c29 84c5c260b05cd2 40f415666b000d4ec0775b3e2 5c310cf8f04b44c6fddf68ee528d6b03c 750c07 d00c997fb36b73037d690b0b9e0239085c787fc 583e00c27552 6e86 e0815f40 8fef987fe166c8cfd99b91c0dbc931 c7 702118e95e9dd48c8e0f2e5f51d186061d3 588d4 429f 7e383020c6499729 5c138032e2ffb81 06 c1f46553 22c0 12f56f6e5 fd1b6bd74f5c3 d02176 d dee635b01c05cfc5d1c3e2c6d5f4c42d727969e9 4  443388e68ff07ed46d86c6 2c 1560cfce19bfe66c6d4746 b811328b414ed39 e29f3d71b 3 8744f5fe 36e7c 05d3dd3e3103615624 3dc603 6dfe36 05eb688dbbef3d11  be8e638 b914 17c2f158bddf5841d86dd7d287c23c45 715849e151d87485f916cbf44 05b 9b899 20f 61d8bb ed94b16908474b0e655de47ef80b 514388152 c9 93c540 e976557124693 c8878721e39d2e0c1bc  3e644f280  4f66  38b2095185d4922753d0299868def8 4786640c78f194b05bd294d42ed7 27b2d4e17b93e cd 4d33397b915c4 035 93d884c 8e254e4 1d14cf9b532d119d 25 e53d18071f56 0930144922638efc4 c81722b76 63cdf713228 b024f5e0de3d1d318d83eb3f 9ebd72f0e05974e4 2 e669ef837872e7409b 550442fef2460851 31139589cb8f461808e074323ff5 338942487c3637dc d20707735f 9988f90fd2e6710b98e2041 8c3df52fe4d3cfec4118 16c74 d 2bff24c433 350 eb41909411479361 43581fe9be0f9ef14306324ed7d4b17 1 e5029374310fc0f9 edddd8e21e2fcdf84b0e27 5ed25f81 ec d7b474d1c 5f5b6cd4 0f7f00fc26ee7db85e6d54362b7dcb3b0f 41 f6d3d6d45f8 e2fd3d759ed 6f9816b18d15f5  b6fec951ce781d1dc786692f163d7cde191989907325c836f675 cf0fb7 7e10 1dfce76043 c0175f36f217327e27661f957c449c28e5e34762bd828c4e4410c1db686079f9 485  e4 c8e1f25c528b 7bdffe 87', '24b51d00d36081f7 90bc4fc98822c11', 2),
(108, 'pavadinimas7', 'nuoroda7', '2d321c 2933b154e5c3173 39fbf05dffced0 189789decec02872263fec4ef1 76d719 390c5bffe01 06865c7d92862c4df56e192579112b31700232d692f22d28d475493fc4438415f07e0404303c9fc38c4d94f2f2c95e2c49566be 407 9794ceb0eef91ef7 124106dcb1908d5 5bf5079d61033223571 d 52672e7424b58c850d f85dd 794 ce6c60c7 747 c5 5c6d574dd629159f0ee52cc26f35 de87b25f58bd6 cf15325f67d2d8c445 071b232c26e7b521080 c09db5bc b0600e f05 ce5 e5395 cdb7735fd7609474f94760f3387909d824d5bb700fd4c23bf7521 d6b2e7bcfd06f8786df5c 694304788d55b44dd2c9551 71158 9be4d4404b46099d5 9b9120c7dceb79e2be3465d53319dbf17 096e2b7b2f20f e23b4983c158d610dfe6f5b81b644346c1621d722bde1cc04bf07724d10e8b49431762466 b352c43f4ed26 befd9db270450277e7ee0b4152 3ff61c b092df84361246  9 f44141d942e0e941fc bb13618f99c75165c 3121f1bc77ebebdd65 046897b 345e2b d26 2547b2878832d5bdb339f6885345937e5243e3cc9f8b1ee61f05b31ef2e 04d75fe 1 308d4d9ce4c 0db4c c4 13b 69cd40dcfc1e737fc0ffc5b 8408d1d51b28b7065316c0383952cb9833dbd2073c77116360bee320828d460ec4f1b2858ef987fb5252f5306cf34fc63b1949cc50e0c421d6b84cebd3569b2bc 376e4 30 8d70126 997897d60f99c3606f876490d7c179b2420222 f879259457e7 254d2012 4bb7157e86291 16c3113d94fe 0d3420906ec78ce2c617240 4f2222e393e34 061bec94c 762722fb1c57 6eeb4f3 eeccfe8eb394395 bf143076e40d555e6fdffeff0 fc5e 54e054 c8d41ffbc0b6be58519751d05e8124199ffd748333970e29b2 7b1e392e90433cf1fd09773093fc2697 d55879359df  e47f4d986effc0c03bb52b2e23351b5c1404d22d5016c16e20285db6e31c843902612cd f51d63ff26350457fd3f9434d 434f64881df85b687b01e7fe2782cb1f83b3896f 5e621b4730d54e7be1818df39731c01e1187202890d4 7b68129 5ffdeb9 6e0eebd4d273232c702dd45fff60c 2ebe217130b581e43eb f9d78d5cc65fdb148f85 149dbf dd620de9  44069ce25 454c5463c60b147dc365f69bbb434eb70e6293fcc0be21d7b6d50 8cb3294991e3007695d3b7ff13190c22e75ee8f5e607c5c17b6d6f1527d3551 0371b789b05d39b516207074d3b6ec14 3430ced430b2989969499f 6f380725b68894cc32d2286e3891 72c055262b15b27276ed78309f2e6145b7b 0de5 7c3024500fbd816548bf29d 3930bcbd56b8c36 44ee5eb640300 bd 4cd37 48269 c47f3254567 bb0e2922db480e6 2f5481ec80 1ce914c69117c1053 07fff0f65c0467f5f29 7de06cf98e6eb60768414f920b776bb515dfe0383d25d2437c9f0883f 3b3f38cfb60bbb29314b 4264c4b935d159b0b989257030609fb260278969cecbb ed44b12f6d96992b237f0d c8c2 e7b7307 e7285e08824c1787ce73d1c6282 6e0dcb01fb18f097b69c78fe2dcc0  298d6029c40 3bd348d09942b505f8 e309b1823 2 1 f738c8cbb529c 1  86326b9f48 0e754e17cbf68718860686288e0 0db7b7ccb53 46c63459 9690fe281e10f051ee736446b61e0178154ebcbe254f681869e6dbd973 6cd3c84d992c92f3b49188eb090cb2809c067db7 c8b45  500367e0009d94 e237017 0015f28d9752f9b61f473358d16510f773be9284dc018469b08292c19739714b2c1ff24b63312823f9e8b5b318224733eef726 e7036 370f762c914433f0360507403966 2437 540e4de8e78d3e02 84989bd45322d49eee24d8 e71931 3b084ec4d37 81b  67796125 6279de25d764450b67cf3e d1963e6ce612052beb23927b9 e 069dbfef   d35d301572 e87719450b 0efd68d30fb22f61dd72015ffdb54b2bb9 63f2552e15712 fb4120bdce89c9 268e797 f0d1f9fb3b  88f672f961d3d53096b6e2e894f750dcb9 dd 46c99bc1008d6c44c3179541625452c19ecede57931197529b4c1b9f886d9e0f3591513c2b 075308e77319bc26 f52e2c 2d1b1475db 8ef 07664f30dc40e1568b98 eeef95814 997ce8c72cd63c8c31853 9f4b2bf3bf64e03b479cb78f6b134cc2fd24d5 f1 6335d6c05f0872 e62dd5bd7410fec82ddddb87e44b1', '0 94b35 1f154cd905f7 2db1edf28f0', 3),
(107, 'pavadinimas6', 'nuoroda6', '36192042f4645cb203e6433b037fe6 db35d81bc265e862e8c7edd9376f3ccf64c38169409f280741c4 65f30d17b3  2 1365174 4fb69704266b022b39ee 2d962d c67 b1e 4f 7f7f849 94bb46553fefb7f23d512ef37f71 241b cd9f3886c2b42d7 71d50 6 2fdc511ee73ee81571e514d84eb752d 59f6740207cf9 94 6b03 180bcb317351 94 77603bf 5 570  545e758d 876bd3f8825f934dfc6de773fc3b19731f0e91f4ff 6518453f 43801f32e8dcc08692d8653e 6826eb1747e379fd404d2c3863cbf6fc9331183ed7  e1 51926c 5243df8734df29 6c1 cbd3 66ec7c46c9fe0efd5e6876  db1044860356 890bed57b17f90dcb8d84c711878ed9c13c462f  5387490c7 c6e72  b310cbbf1fbc01b310db6b45228  4785b1dc8cb99b029cb  712e966d c3df932c1d0512dd 300bd876058e9 64572e208 9510feb56 702c8d0996625 59df045b623cd6fc3042f65e ffc0c3e93f134996c19120 b5869eb7538391c19 7b5e39d09092e56c33894b65fe d5b e9d1c386c0efb509fbfb0f487c3db3ed9ed4f7016384be6  2c262f2ebc2f7b42988ceb1 f263b472b7024 ce248e5b4d9255e4c62c631539039638bf97234ced63620de55427e f59 65c57dd549fbc0 b0 3b4f61dffe56bc6fb150276798d78f3 15326c29 0eb9b02c087b6258 9de425c360 d1193f5 22bc84377f6c05127b 47e1bbff00cdbb36efe9371b51e4bbd98f25c8167c2e58cb51b2cc5108eecd8c e 31ffbce8b1ddc16333b8c43 cecc8977b4578f267fce9708cbb015 45c696e961f5843e42e7 698b180 e b23 531ec4fdc90b9954 db79d0666eb0 7d659ff096f9 d04f29c6 149df474cb6735c9656b68827771ce1340fcb8ef8420b55e5d44c2d474de9db65fd33 092c03d1d299 c44ce3b70e2f749b4dc0f703 f6dc2bcd 1839159 f619 6c5 c0e69cf344f9 53b 27b949022c734 d2029858794f269db44 c8121e0e1db0 ff8dee1f4080db 4d48238d9c2e4959427306652e460512352edd695b618edcce6ceb013e61d 1d857e413c66214e7d886c74e8f53b046c750c350e 17e6 08b 90dbd1b 9496398 28 0e6903c1 dc01 23b965622094897 7 183350 0f bc1 0 e45e5e9e 15445192b 309b3b48ed7498b 08959ec 664df447658866db43b  61 12 6824c004943b22119602e81e09370fb8 880dd28ceb09ef7fc91226e8250851 2f75be40bce93269b50f362956d53e726c65d02b674c6e86cd3b225e74 105e9b79472b40f393b5bddd1dd79514 f840 2cf60f54b1be3 45f0 73d2 78072837645 6d92f7901363 dfe b0f4e d199dfd7b6c73f 1f66c661c9b7dfc91e48f28cf 8825bb389ed 86 ce7 502f 06c42f62d00 b60b18ce bf8e209d 29c0b2be6e4 91d3efd13c2088ee275e81820f0f9962ce8276605ec5e9d8667ee6445d8c2079f1229e13009f7e0e871800b50 e fbce0bc 3ef112  470054 9bcb181486 3e24ef5fc54c8f113d7bc 9 78f2b 25bd7b86 479e0de 98838c372e0e 63d15006e643ffb58ee2 872917e3155b5680 2be1b5cc47b3c4e7d44957620fe99729cc  c1e9fce99dfb19263fd3d0b8f10b e3ed5d6f93 89481961cc21d26c6f7c  82241d9e28efdb 431e b0 e186d14e712 c3dcb34490cffd0c3c34d41d95 5bed3dfd49df37e0bd5086d969f515c99b8c332f7dcec803f878 285 37eb 0585b e 0b8 c221023007e 40f6ccb1336347c454  bd3 36ee2d 97cb9f8b3678edb809473bf6f8b2c4352d1d5bcb29 6907900c61dfcc196d5f42593032 8bee4 bf5dd05df294e0d 3e578c7478c0d05382b6cd3863d3eb98f08804ee4fc20c1326 6d0c7de5d2b2e3ced9533b40 4851d2 09 b7ee6963e dd6f9509f828b63dc0b5e590154943 eee 775cbd7c1778edd04b8 9b301b85b6 f5576ef3c55894c960c7244be9c8d8 2d1cdbde60b 5752f 990cbe20f30168eb41d02412053d 6366319cef7 1d1b4e f9ceef5 d77eff4e 2 69c0241b2 691287  b9 2847573b7493bdc2c35e498310e019b4 0f256e429c961fc7 df4b7508c83d148d966d  39d11e202 1dbc51f62854253b627c1b9d3 fbf163fcf2876dc7216d24b 5cb7399cc71ec 631fdb8680c94f00925c904454187cd01e50525615403de3d 3bb09b25efb6d1298fc3b68 4fcc4e8135388c772b90f680514 476345513dcd451c26282', 'cf3f36081dd cb71 942cbd fefb2f28', 1),
(106, 'pavadinimas5', 'nuoroda5', ' 11 ebc1 ef8c9654 524b47c9f0db4d41cf66c7c00ee e24c 50e81001 5e551105 85bf2 fd53bbd6efdd361b676 22ee 5df5df3683c04db603e1dd6 1941cf5373 4b5663eb21 4878c0b011dbc4c94d948d44814d8b9750eb27f32e6182fd46 3 2e67484571df1573f 196b345c1050f18111ede84ef1f5008e 78e b08d3560cd710 08d 90571bd98f5902396155cf70e47 734 5 d40f32 f0494d76f6c c2432f9485c813f f88ce5f7ceb61db8777b95e3982812 8e4501b684f9422d5e8 8b138 7709554e3039034 642b1519bc393406f0d d704cf85f08 d2e57040d2982481d4e19052dd41980372b0bdbc4dcb96682466b8f3eccdb021332c139b 6e 7f1b d500e64e 0804300245279075c 80d 311d 2 c cfd0c 6ef24ddb23ec9953d24 131 55e79253b120378252717b3b38261227418f70b4ed1 48963b8f852bbddf79087350 e242051e803f83 0738ed4fd 63 695d90 fc dcd1 3c253 c583 895 028b9fd00d989d9c459cf8355712b e0b0607d300d8bee62825c1ee01c9f40e50992b72283e04e432 4571 10c8 f63871580ee2 2726bf82b8552c2d9f42e9418366c97395cd87516d2ffb7e613907643606e280297f2efb651d4972ec4b255c58e77fb41fcc00dfc5f0cb1f8f657c10c10 904c81b67f7 086989fc1e99253b905db7b25fc8841edeb49081 75dce31b06 90dc683f0018000267eff1f28726d3e89b329f988077 209698b21c33d359b4d12de9b3f543 96216c6 3b c239dcb38689cc90696e9cb35b2889360be4edbfce3f3 cff8cd35be6effc2be8f7f e 207 95768282324dd99efe 38c9b287074b5e999f0262b711d03ec5e889bb87f4f9e 5b295618f6ec092dc147 41195ceb7d7b7539e 21 f2 24c4ecc011461521de2936c609c ef0fe32733 c6578d44d9205d9bffce2882f7924908 e430935c27729593bc407516f03c47 e140e7eedc839e7b309 196374b3d6474 7566ec11070e249f982b524461 14e4d3c79 b3 eee 1c8d39290e70394077c70c80  320b8b2ffc4c3942eebe23c8d4f0db3c4b3436 bc f 21 6b827908 f3fccf80918f5 55d266 c d58977c5f35  be94736 004235365f45881db 2988 4ec3b066e83eff8ee74 df53e657dfc68df4f60426ed255f 90063 898e9100c05e389b326ef6943730c78df56e946f0647ed5 1143c224cdd74c97b0be28bf55494dee75817b d93c35c839743811df7140358b868d91582c09f 0145d282db69b63f5c3449d db2fd22649cd08566f8198f7c64  9fe2765754d7  3755339 85f08065bd69595e9f788e14 bdf177447d55 4 82f71 b2f5  581bfdfc8 9e45719eb52d38 9 5395d725f867184 64836 926b996 5590d87 fcbf558d9912  0955f98e90ff4cc 92 352c 78476182fb3330 4c64e20d6 626 9b0e82d2d 6460c28b67d5c216314884 bdc08ff37c94c708d 4d5d5296ec b8635fe46bb538bcbee3ff09 fe7 eb8048d80240feb48d88b195914bc6c09d51bde8d08 cf169263367b1ed488592b6cbb52d7362b0f0be22d80ef2c  91c39c64 132b87963b5f c c5cc 667570fb713dc22cb64e3943374de3bb4 d663793875e1f13cd769fb66fe 955  eee66b28fe44bcc05f89f4652 4b0bd  33e7b8bbb4c60d3c828e 41366f122f733e b 43e27f995826d052721c8e2ec61c877c16d2f785e7 7d009196 6 3deb3c3 44d9e06d4d8613cc559ce885bb66c9238867e1 55be3756809e00f7eb7b25ef 909d87b1758023f82ef7567b75338f10e4 cc49e8cd9368c1361 ce79 b 3 24647c922 530bd82c54 4bd490c168018b50456 0cfd8e263398f6b 7f1fe957897 e866372bb5b79913357f1e44d2e73bfd982defcc44dd3933867c2ccd0d57180294b0ee283255002b094589b49 e2457 f0b9fe1f3d8938e9c9e099b5164e3588cec73d8f595850e72 71d52cf97ed4b53d9 b1f76d4f898 d6eb0ce7789e8f115f269 8c40d24c4276f3951446001534e58c9db18843b08d043385b335513531 69c9e3517526f6 e99ed9ebb5810 18bc2 50d84f08e343b78145948bbd7384 25 974f70 327b3c44e3e 8e2127257decce8  216d503e3cfb94c59b d217ffc 3897f4b2d5 dcedf1b9078f93b eb0df70e4292 48f1cc160b6013  8986be621c77efdc01e06f886 e 5be3 df417 432f0 5f26f42 7677ec93e0 68 cedce864e  b8e1 2 1586', '8930eb6b65dc4648607328 541e007c7', 1);
INSERT INTO `puslapiai` (`ID`, `pavadinimas`, `nuoroda`, `turinys`, `santrauka`, `kategorijos_id`) VALUES
(105, 'pavadinimas4', 'nuoroda4', ' 54b3db1e5f7563f 014289 c580 e4c5149806c07376f7c878f13 162d4b0c f788df3d5dd6c6e37d96182 269d5f2f6c6cf db 520221e05568c4eb8f472d42606d184cd41 20e2d42815481e4690483c87e 19bb3e24bfc9e588c61ce8264397  d695b16bb9f18 32f71295b27fc96d2b28 46181b91e2114bec7 9d 78f8822fceedf9d5650d397386210e7d7bc8b9b1e 96ec15f44c138  fe0289 0 919d945431746c02d9cb25f521b046356cd341cf608f64379f5b b234327d98c3 5 1fb95d7b6c1d41d5d 1e80535 ef5d c6861 f3f97437 e5 15d537c16c9474e7f 72c6c5edc5d68 e348 b39bd f3054f26deb48e 61 6cf1feb954b8375536bec7c205e4de8f85f4 f7dc5d3fde49db2f6527ccb1fb2526e988bd4eb2b7620637936d65bf d8b63389cc92bc4 f87df7e2e19fd2e5f1612d4010576d699d430eb2cc9 97e28 b89973d 8f29bd601fdcdf81d5 fc6dff96be297bb846dc400f0cf2d781e895bc9956e78fe87ce55d 1f4dd9c2e 6375c1c7047d728c79ff0 316bcf3c1d971462c32e98d d9dbf8ec7bb4f8496b3e5969 e50b6bc1c4356ff c 7 86d6d6 144d8161811d24c6e91641c472856b2d63d febf991ec7418c2c5e6 21913c84c34f8be6803df4354c7 5fcc5df641893ee 2fe04bd4b8b0868c9c1d6edd24c014333404122  4 0e74685276bf63641b61c404f8628de585495348c0535d31d9ff960262becc0743c721 d631c9dde197db80dd5d037 9594f45d90fec16b779eb9 5e688307ebe57060b4167c90e 1e43f1fbe04fbd31e130f 97fb8427b70f7259580cd6416f7d27406c2696363c4de8dd23dbf863b7863ccc19008f1045d20f039737de1408193b776fdc0e 490f09cd 6830bf45b4f8e6e1750bdc7d0db420cbf38c76 2142 62518141 ec2 312c4f4236d33 d467f35332f3939074f11773 1118bb21e748  2e cc044d 8 dedf66 8f3 e312e9540214336e966568cd eb 58ec10106e3 e450fb1 c3d28833626c1596 8cc658e4295d329b0 2fc539cb0cd 9c8f25 dc9022f204d6eee4fe7d 6feb0f4773593 79260e55f71136b434bd08e4816b13dbf671d 6180c15c 72df5735 e1b30df783d780e074228ecd4d6f8f5e508f477ce8355e25df52711 284 e2108 5877d00db77862848e901e8309d56f81b42beeb790 0e39ce778de0d2217dfdfe218ec3133 1d9d 619164d623f9c841679c0bf6c57 b4038966df41e656d07efb9f25b19be22643 97248 1b12b5403fd15ce69cb85722f8d8b39cd e44d0ee67bdf5dcb6304c49b9f888b679fb0d37682e626e27cc7c318eeb6f 3542677621f8fbc21d17b8  6ec7e662 3c881f10026848f7cfc3db66b07322785360  800863fc153cfd7 3c79b6324e81e49e34ddc75fff2ebc25b9d55 1c97e1398fdd75c 9e028e7b1 39f1c7b4dc4582167c28 78043417dc47fd153c77dc413fbb 2bded2cfc1d897bb1b0185 797c327e7f3e2dbb1c6cb1b74f1 1c1996b32797 e9306 e733b9 fe3e90d9b5fe7 853021f2f291d82224ebe7557f24bcc81ff0ec8de888c34f4169e3b0cbf63f b8230e b5196f08456236dd6194ccd1254f5280cc7d1d55 d60dc2b 76c49dd8378 41d3570c41d8b1c6bb 8 445e63bb030eb47e82c 083ddbc54fd6dce20f6bf4602f3c351 19fcfe3f5e8f0592392ff06 e7630e01d 0b22e30952476784e641322e1613d240971684e4 d007391c4e4f972dc4ce0dcb6fc64d5b7 b010d522e49  3 6b2b577 f807e c9845b66d724e29226492c  443958 43355e113c99ec95b f4706ddcc 0f8197ce3b1978c4 892ef f  041f78b3 1fe 153de60e80b386dd112e3378 f03b95f332994 09f1fd85b f9c331f2f 63d3c8e 5f9e70ccf6 120ec10e2f 0887910461de3bf965417eb2e60e4de615363944e825ed ee566ec 8fc6b0c2f05f711f0c448 8f2cc5 f1f8c0d61 760bb1efbf5 02ce1289b14f05cb9e042078530df bd5 c1 7b0163942f6f999    8d37e5db55 f37ee10d781df9 9128895416c34dd4c52c432d8e12f  8 e92b7d1e2b80cdf 8fd0 5c9472cb5926 947ce84709fdcb0b3f0f326b157358805280 37cbc619c4456f9bfd74080740c0b72  0 ccb5ff5f572613598425cd8e0f9f578 01ff81cfee5f9 c49310f9351  fcf27bff612bc 3653f4c6dd7d1  b3c83f0420131 2d91 9b2c6932ec150e3f26 4c705 551 1f4cd7898', '1e9bdf  b8 623151 d751352d2c5217', 4),
(104, 'pavadinimas3', 'nuoroda3', 'f29 42bc21de4690 c7cc1 02c1100bd55096217858029 032995799  4f 4b1549e9b87c6787b63e9 c2ed0d7b22cfb636 4f  2c753bc7fd08627e62f404fe4ccfb46c35f7c4 34 622e9009395d4 1 c d8f0192 2f2f5f07b8cf 8b649df2263 ef21065  9d 3e2368  c 427d76694f7482cbf75886d3d36ddffb 06982845363935324b36b 99810b f99e4df459b594755e12c5076d8761b 4f8c027b4174343bd5 d37f59cd28d140e76734d d077d532b608 96d13de5 e29b81044b6e878286b672e0c38f63ef13e059 8d3591d 35 cb23f 4b8c9395be012b1f03c8be88f6c2c16674c5675d75c1cef64c0d06 05f4f2144c978159fcee2e3e70b16f f40935ccf975ff54403d 264 46e705  e0e74b 1c537dd32b707 72338d7890dbb3c7 212e43d7  0c5c986eb7529b16d644bd32ddc3f85995f1526 f7c95eedb538f09f9217c10163 c1895069c 7079135c9d3f281be101d13bb38bd9fc69ec39b f47479 5174b9f 405fc4 418d0f4693836122be0cf8d9d3933918bd8030ecfb08ed2b27c174e4 4192 516bc0e0f5c43e13f3d309702bf8d243362510688052edf4d99811f1e68309c0150944185b6 46f0ecd0b f6  fe334b50c2 85b23c91894732c45663f21653449cbf80b851b6087e430d4812416cf   c8187e020c90431c58ce349602cc9bbed2d163d3cf1cb7dcf5fd93fb7 cb36d4b3e418e23ef3720f20698ec624d24921c7757ed650144e d4c078484f4ec0445 2 0e4f0b38db57  d84f483f36812cec5764454cd47cd7765c4d58fd072 f814d94 3c 31981 e11  28041124dcd7532e7c4f682e9 f8d3cd141e05c6d75c62539b87 71d68c758b4b882c3510cd4 d3610f415853f1 78b114 49165c4d9f743e31594c425d112 b35de8 42497137b85b3ecb27ed 5074652319b163864f1d3e22 6cd7c8c92 0262494035821b31d b85b 829123eed46594ef86b79b982c736 db1f9cd66d59cc2eb bf7d5fc28 5d0c8ef7b0ce6443d431 6863320f69410b9007971c2d0 f94792d6 121  77df26820b0d067f4613c6dbb 613bc9b5f457d0ed1d1f66685d1e7700d 54526b9c14f cb225d190 407cb3118c4f929 8 932f5e007d5296216427ee17c2d9d1f7d fc44f19 09b b260d2 1de0520817bdd469fd12bbe2eb98cfb20d8e43030c8489b  982  9b559be7c231bdc 086e7971f06b4becc13cc4457ed9d59c6bdeb6f412c0e1fe4b1357b90cbbc161e5b1606e8e4 7 94161fd4d0b9f8 954c19658331fde509e46c2  40d 362db358915d2cbbf80 84e1b3406204dfbcd 30 585c 9bf5cb3 1b15efd72fd96 f155b 3f4179fe411b090177e3669c78f63 b64e4e4d993b69 89111988 467200bd 860 5666b6e 80c505f7e3184b2 87e81cb3 f3c76c4d076f1 c01952e9cb5bf0b02383 0c2d7bc9d680cb 4e5 361 fe d655d19c08ebe1 c77637480b2ed7d659c998805dcc3e56041d000 7b51cbd80dcb 7cd9d54d884bb0b35dc 46ec15761f10426951ee 9 221fcc1fc50d4  c5 54cd692c2e3 4 8bd  9e6778423d9241 6463b15ff6b3f6b28e8 1115c37370 56 bb68be034e1314850496b65087 03c1614330ed0 bf2c25ff1d8ed61 5b3061dfe3205c24d03069 bc6 78bf838e9bc9466466d030 d8224397761b31cf73f25 86c9b 0d5 b56 5167b569cb4f4157fc9d73fe995640746813063d1527de8e3ded93b2 d73219b4d285c8f8071e5e726c6330e3d70 815e5f37e9d3196f6db5c6e3d44f46e28d4ff0 85bd6c491415885e94 9b39cf2f42107c18ed17249e9c 5093561dc 5 b48e e11 ff41685cf7ecd1e770 d75306918876cf6c9db1783ce c 1b8c63860d9e4740c009336e1e64d26e60408 1559e 4876e2101f 467c9f2f9574ce867 05b9 b835802458b6443 0619e20271102fd229 b98268d0c9247b 83293e10e9291c e68831ef09993 7d0938b1efb60f35dbe24dc61905fdf7 e 3f8d802655230bd9bf440e67 0 45b13f20e66 28bff642df0d9c6be450fe0b094bccc296e6d21b83d28c48923c7c1879f48bc0c39ec9e3418 fcb7f4ee0f79ec7c3e9c31e11c d6f2f839b03 5d66b69706d25d2687316d2e5ddefbf6271950b4bc4 f1028f8c8ddecb904c5de3f5fed072713bb59d4 17f b2cf1cc93c8503f8d 2def36c2  b0f02ebc237 b4263cb29c 6626e77c214d602c92c8f8  1ccededde0f8f4c3ce6 2', '4227e3  4b ece43336d94732d031 84', 2),
(103, 'pavadinimas2', 'nuoroda2', 'b3 1200f9b54104bf8c652cdd09815274de8fd814c 5455cc9cf1265f 385563 3367c81cc75f2ce3be6  c  24bb220cd3c1e22f88c5cd bc 3d5 45f24f782bf01b e1 07de4d28e159e 04d7212b9b71cb701c821199d4b0c8fe343 0b8c4182bcb346ede77c943674dc1971395e 0cb50c3718471e5f04b4 b0772b7d46c38e83925579c8544fd80dc2b165 44cb87b954 84fef641ed8d f36505b1b88ec8f5e7de43c7434cc2ed7430dfb4022e6013533ed304c5049964093f13c57dc93300cdb0 3821565d6e5261de6fe97bc06f9  1e655 060495c4b76b2db4ee7d53070 47 4dc86f5c5023ee225c602dc2 ed48981e336881e66fc86d32fcddf12d fc25741d5c5bb d6d5e03c5 6 b312e23d b5bc925b0c225 b40d119 7e713 883bc87f39d4e b0976c0ce2d7479321695fd324ed6581e11c7154390d8cbe6d15672 e9dd1 d93f11e006b775c9dd2120644032c12e519890220d28b1f7ef40f701e e779ed177090feebe9e3bc1cb4108e8424917dbe563d057cd95481834e09945fd29b7199d44f1e6cf42e601c682022b94e78 7 441b70e44 7df86624f4  09d80bbd99cd31b14 28641ec1e80cf851285b9c836082edb66cf77 98e15e0158913d6 4cc4989e63f6d8e530e83bbc436b1151 41e82685b8 fc01931eb4fe 6424f351b3 95bb83 3572c 1 7f067f12e850f 446d0661471bcc 8228680289e1fe399885e2c82 d18 dfe 22dbc0e56573e 449 5370b5 fd4fde88 12 18c79e60d2e77 1c89f922fb8b5f325e18 3f 367 9f028e1892410e32115ce 57 fbc673e5550bd6ce87 891d064ee e92 088 6b5cdfb7f12be 2196c6c84f2e689be99 464dfc1eb5f0408b52024e803f00282df37c4e7d59f690b9d8194eeb59d772346951261ecd dc 196 27d9d7ff4f35 1126dd62 663dd56d188542cc5be 1852dc99c2987432883452c8e1 d2efdd42b29 52e 77bb9e83cf6d f4 7b23ed1368c 500560965d0 74151d95 eb17510cedb08b0f152d21b d2  3b963 0e3b58239e1ef7 879bd1267  4c836c5868e8ce3ecbb3411b25e b04335f53cc333b9c9c172deb d42901e4036157d2512 bd24496f1c 3cc7 86d9f44b09c9d62ede105730c8c106872 f5c618 8b2869d9f035e91641720e94 e19208e860b4c2e752932c 9523 f6280 23e1  08bd3d95f5f1db318e6d39 7 bcd0cd8d489c249f6c9c887d0580860b27fdb436 c04e2360948 474 52fd f6b512275112  5 b 1 1f0462b5847405c4c566c43960ef73932d281f38694513d6f8ef35bc 30e2b4f27c19f8dce0 3 ebf65f37253 544f1042229f7 23935bc c194992 0d1ddf2978e728598f80342899de1fb1279 33 5e84c 54157c27b61cd 5f45cb5 be9902 8c38957f55fdc 8dbf6402cc f061f 27 ee 9cf 749157d4b5833c79720bc4 89742 e984d73332d01d 902 642 dd8c89314d71 9875e b798b581 6e4b1 3d75e 37803384b9 be0c51d267c7b8673618 0e 9e7e7105867b51c6068f 3755c49174 1ddb71f c97e0b107d2ee310022322  6c f5fedc12305e2b23544441103c8d62d2 d07fd5bd8939d8eb2f54 cf373cf3cdb9bcc92ec 36c2978efd2c0886b57eee7cc29ce91f565d 806d122834746b ce68416172b803447b648dc277c0284  ff99 d5d114 7495ce14031849f6c63613 b1c4e928 3152ff68e5b54ef2318674c3d33929 70 7 cee c18 de787267 c4f9988fb76767e32cddebf6975c72 b8 32760fce3fe01fc7e2345fd95d4d25d87643e388b68e5fb2 b863b3 9841666392ec356644821 67980b1 961d2ddf2fc008f9cb91171 722c370976 840e41f10868ce43be1c30237 d 67fd c27 8e8bb5c24fdfd1 e8c 28655b6c02266e e1 4e4441dccd87cfd3 5cb56e2b1059988bef2b434e4693f cd2b427c1579ff4d80c17267917433d9694c d6 1d5b 269669336 bf3b5618c64d71983232f4c64c97c325bb6d0 665b5c58e02592bee7 df2 c575927e3188833fd1489f92c6607115fd1b83d06 d69d138e559c199b9cf4f7edc2082c1c 9 be1109e762d5d683f91fb2e640685be1e05c7d cdb30703d0cd50 6e9409364102397 3d43d2b 032 98c739d54d237ecee 60cf9b77d63b2be56cf878e 0452b6bf4ee2 c 56cbd8 d4f1c7 cf189c5dc5db2 54c92 2c89024106b9b39ece41554466e8d c91324357c7cf0c3b24c30c6b63569 284', '72e4744d243f9c9d06  e7d9e5d757ff', 2),
(102, 'pavadinimas1', 'nuoroda1', ' 2e759fbd24d0 e957e276f 0d012ef5dee 5dc1c3430fbb7180 510f 91cebb5c35c2117 6173bfb391868 b17381dc586925427 04d82567 1830ffb406c814ec45 0c1c8d26d30f21ee288682ffd5f41d34eeb679b b0f118f0f8bd 0b209c94ff4d 38044f3f2045737007 195f01 82bc7e90180ce862c3 0c97d40cdbd34f6c78034d82fc075cc30be475c7c726d2726064 2e99b1934b24d083282e65567cb3c6e41  86bf60f f3f3c12542eee44442c3f2c09d09077c31cf3e9c8ede41c5  4e34d68f9231f3741bb  ccbc9d1d7337f4bfc61ffec57e613d26e417943d59bd88663579fdb03e36b40149 12bd0f0d0c07c5ceb c41d10b1b092480de183bbccc202888dbd43521d 4b648064cfb067 e62f0 3d03b2c62c376e3f7ff600b14e81c c 01819f 2e54b83dd58e0c9 1c8c298e3ce 6e65409e6f5bbd8e71d6d 3fc6e5 d08c5cd8cfd0bc6b403fd36b5  40c5 fb143b33f185d579c71e886d 1375b2bb93 7503dcf29210696cdbef4190bc314bf0ce256e46674df15e2c291bb80f69f96f325 97dd1 2dfe 33ce64ec8 1 7d64065ed70543545c09f178098492 4b360e19e52edc2f0 4ff38e66243b8224664d92211e43286f89cb088e2156bb2012831672f7b41f0d812664 153 206be8587511b2f76 d9d072f6cbdff6ebb9769dce89ee227027363 424e7870f 8713e379 65e81c1111e 62e55121cfedb3f98c036b7d9d91772c 2622b588 ef 3d861dbf3c4b75678 7e23631049f6f95 b9e47e596 ec09fc64d 91350012fdf92f bcd7527e730fe1b068c07678ce948906cc688cf17d72b50989f2fd0c017e35cc421f29439e517084676cb704ebc358e1073d ec0869b2873e2 65 c24d03c0dd2de 33423e04525b0eb2c1845 3 e8c18ecdb1 7 7bb10ee844 316e012  088 2d 5c39 9d02b61f3b9c5e3412784de769654 d979524143b79 3ef915900f4d 45b99012bde9f8e073d68 b2 dd9 974c9e 8d1e2b112d89c20d40e9917f6781929d 1 4142d38cfdd1 fc45547d2ccd5d0dc8e649ce1870 14b53bbb  826b558061d4c86 58c3b3e36db 9e8d18c5757c0961ee193345e30c20e 39c487399ed7f 5080269bc848 e538f3f7886 f61643d2dc2279995f777e4881987081894c613de94b7d3f0e17cb29e87e76345b004f799d37c76c375  c2 6 c7e850f92677f5500eb 929c8db05437cc 52be5100c01 b05 fe6e841002 0f2e14294 9e fdd29f f11fcdf18044250bd74 791315d56d5029cd1bf876be17588093bf73b89f26e859fd6d3dd0e357bcdeefc988368040ecebb71f1e72b15fc32f4cef60bceb1d554be5 2b10ed 3d7d104f8d7dc98c0 47c cbcf1f b314e56267ebc430f1ff 8b4c2de28e86 c4b95c d 7d660 c33946d8fb2 4e4e0b3c5150182d91502b 9ded1e98edc6 d 04658d666cd84d55bc11c01e f0684758910f2d795e25edbd946337e9683fe1840790308 7786567c482691 2571620d1074b9ff1bb9b436d99337042f929d6e0342388c4c351ecb34 c4d56e2 9529028ebdd825b08c469e 1037ee0176b0eb6ccbfe35806 e 82c835839 b081 9f4f38f2eb78d1343d86f3c05f7 9f1bb05d78764e99d2c64b 095 3e6020976f917437fcc470ed5 5c  37b19721ec3cddfc66c2c66 8d6932658 666257198d63e76e6cb2f496c00 eb8568dccc9f6629998891bf26d 5f28f382866941934ff0972f f5f8343e270 41ff9eb6f53db4 23c dcb381203cb2763f462b699f8f69 e7c25b0687e54 def6c48fc7c6d57234f9 6 c067 e89b493f21cf 4528c8 71e087500f59cd735ff37728e53cced43eb75 45402bf0d4057ef22f45415dd3e8853606b9614ecdb904bd7fd9 3300190ce3e78d930e5bdd7777f0d8f0853c6d3237d5 2d5604221986 c9cc2eb4311cb2e61 2344c398e1e9182f96573594b1345e8d27cebd987d3 f392 40d30cb2 5720b6227df13b85d11ce36cefc7e860bb45ee220 33627588192850949 6d15c 2483e5 e739e21dbe9  88e8eb32c2d6c50e4c99b8c 6c629d6e370088854dc713323efde245ed5de3f11f35404d02e8 11361e0133870f01db8221c4fc2385163 b045 e27b1fe4409f0e04110623e587b7 c57dfffd48cb469e8fe1719eedd99f3be03119 4e4bfe8cf61591428fd9f2edbdf c9b78562ce718d8375d9dc357f651de3 d21949b dfcc2 fe098e8def5 637514 c7fb27c94', '798b745f570b00bb5b449ef8d5513c5e', 2),
(101, 'pavadinimas0', 'nuoroda0', '4406ed309728fb6 57009586f38bdfb6f35f1864b1944d5f1d6314844cc70c508d6b7f25c1e61ce14bd53163833597d73f0c9758d0 56d10b80ef5f7 7486 2d1e5360 bcde55feec64ee6348c8d9d85b2 6671bfd5e5c05c98d 7d688fb695c 9c4dd7cc3cfbd19  35 6182636b2044824c95e76683fb1c9f8018e99810dd7fc6513125311851395d4  852 f3f64d259288d5cb8df2c3b05757015c28621 f014372477eb339 913 34 8ff9c3b8813cf7 107c7c8118f0f753151b4 7348f  d5279860689f6f3d760d63568d42e6c9 73488 f8d5fe3  c08e fd3f6482c3bccc99fb6350c6442e8e4b 5f7d066f006762678e398f8 48e624c6bfbd5eff7 4dbe2689112bd 40fbbf88308225cb 456119b86e  859c6e5668f79c 72358734cbb456e14f4de f257544828c1e220f24f15208873c6dbec83d418b 5d184e1f3 1c67b5  682 b 200 706cb98c5fc de5bc942e4c05dc6ce3dfc64d6bf333b6b0e433f0f66c6bbcbf e59fc dd2 50e43034e64010c81347672061d94f5665ec74f 279303b4db8f65de7d75f f934d009 250 f55 3cf8507410190d12c d135460070024b61514bcd1c78884d25e1 29ff6031c541260 b9e0d5f8d137977 42566b4973240  08ff7c39f34762f23 8769cdceb2318e fb066 87f31c355d50e5c364 ee5739324d0c17d417bc4c59d  107b56060771899373300d1239ce2241547184c58d32223c0993c2e95db0 c85621708e2b12 66e08f 90cd21e38fdec3fc8c88 beb4c96791e3bc976f367 73545cd00844367e8c1de3d9767d9436d1fc59ddcf74187d901459492917309b59ddb4 3d64 155f015c0c1 99231cc3403b1c510dd506 5dfe8c00 e2e43070ef889bb26c86bf83 f13de832c8c937fbe8 d4e013b2b528fe9026ff24d3f ccb283ced085de39011732965f9053e17363b1131c6c44265664fb fc6f2eb 74605 f4419479787886461 1b64 504 b267dff2cb e9cd7e329 0407c16496d826951d890f8 1df606e2c76f719eb81d 8258b3  8d47e76331 1f90bb 842656761875ff783989f4612f7f948b9d1d031 06ed44178c8ed5d8b9f56 4bd8 699 3d7105880bec7205fbf0 dbf3b07 77ec02065bd9be27cd0871c76bdf324d3f08 c4f306669e34b9ed8956bbd4f843cce12278 86285476589896db9bde06394e16ccb78c1c761edcbce6c794 2 4 ed5f341465e71236f8 c899e6d4b19e641 6 bd b4e5285f4b2   48b6f7e 61669c37401 3e531118d5d89d89669cbf73b75fbc 0071b57f3dd66974 30874081b581496 b049ee0 d306284e3d191b3d721c075f3d8929bd08 5 5eed7b69de2d14 4e4d635119ec1b1f7d7264552b3dc8599882846bc646c 74 77 b779767fd6851cc756f642eee99 5  e99d178b02864069ce2550d113 0 29fd8bd4b42fccc2 d50 c598e0921866607cf093493b71edfe76 94e9  745b7be6427191df 3288c59f5b7245bc5dbdfeb452f3c24483e 4b4c30c8c 88c c86f5393509f4ce3 4 ee9d63b0286e1096c46dbf19849810112652ce 94b45f9c048cf901d635 be64d88e89eb8ef8f0b3eb 42d10379249bde7d1e618ec3c8d296c7e5b7f2b 9d10dee6f15e33f372b5d12f03f4083bc6ff3167034db42852 392349d244b4d5b62c7b fc9e61b 33 cefd973fd637b3e4be6cd41733e946323ec6c5475445e04ce4670 3 db2358053748 ddb8 7  08c6e1b02fd858110ef7f904906ebe6d5b2 f0ec9e8c8e5d967eb552ceb46331c17f13160f 602f143cf9c51d06e320f6014b71ce22b4f905e7095329b2c71bc3  8920213c09921 4 623d  e20ef731287cbdec2702972322e16b 0b74 172d5931 1f70ec45cf36623178b0959238722029556bdebc1d403d7f4140dd208582e31709bee68f7f9d36b c9ff26ef2c 722 b0d071e4b8de9066622896f26fe77c87b292f4d55b0e9b2eb7 2 34c1e6d9d6ed0d4521351f09 1d9981976875601bf78c7 37f2f4ef999e840c7dbbd222bf5ec7bf5f75d4c31e085b2d0e896ef3b26175204e9c1c1e1dd05ee48de1b5 e6c7615b0b57ce790c2f2659d53fd8936e5742c 9c7b454e85fe24626d52590414e887 9299544e1e7114f76f64052c 6bc36699158db5de47697216910ec 1 bf21831bf9bb 36 5557c9ebf9f075e6992db927fbe5 e23e3 96064e10 86c103993f75bd559f3d905b 1 2158 139560c2de 167057675b9345', '10652cc4f92019 fc3659eee3c36f68 ', 3);

-- --------------------------------------------------------

--
-- Table structure for table `vartotojai`
--

DROP TABLE IF EXISTS `vartotojai`;
CREATE TABLE IF NOT EXISTS `vartotojai` (
  `ID` int(4) NOT NULL AUTO_INCREMENT,
  `username` varchar(120) COLLATE utf8_lithuanian_ci NOT NULL,
  `password` varchar(120) COLLATE utf8_lithuanian_ci NOT NULL,
  `teises_id` int(4) NOT NULL,
  PRIMARY KEY (`ID`)
) ENGINE=MyISAM AUTO_INCREMENT=3 DEFAULT CHARSET=utf8 COLLATE=utf8_lithuanian_ci;

--
-- Dumping data for table `vartotojai`
--

INSERT INTO `vartotojai` (`ID`, `username`, `password`, `teises_id`) VALUES
(1, 'admin', 'admin', 1),
(2, 'skait', 'skait', 2);
COMMIT;

/*!40101 SET CHARACTER_SET_CLIENT=@OLD_CHARACTER_SET_CLIENT */;
/*!40101 SET CHARACTER_SET_RESULTS=@OLD_CHARACTER_SET_RESULTS */;
/*!40101 SET COLLATION_CONNECTION=@OLD_COLLATION_CONNECTION */;
